image_a,plate_id_a,image_b,plate_id_b,decision,basis,cross_original_split
data_raw/uc3m/test/00014.jpg,AN-07*6*YR,data_raw/uc3m/train/01933.jpg,AD-0*86L*R,same,assumed_compatible_text,True
data_raw/uc3m/test/00015.jpg,AN-4*73B*W,data_raw/uc3m/test/00211.jpg,AD-48*3*TW,same,assumed_compatible_text,False
data_raw/uc3m/test/00015.jpg,AN-4*73B*W,data_raw/uc3m/train/00116.jpg,AD-467*BS*,same,assumed_compatible_text,True
data_raw/uc3m/test/00015.jpg,AN-4*73B*W,data_raw/uc3m/train/00221.jpg,AD-48*3*TW,same,assumed_compatible_text,True
data_raw/uc3m/test/00015.jpg,AN-4*73B*W,data_raw/uc3m/train/01920.jpg,AD-*173*WW,same,assumed_compatible_text,True
data_raw/uc3m/test/00022.jpg,AN-444**PC,data_raw/uc3m/train/01420.jpg,AD-44*8KP*,same,assumed_compatible_text,True
data_raw/uc3m/test/00035.jpg,AD-879*KX*,data_raw/uc3m/train/00163.jpg,AD-87*7*XM,same,assumed_compatible_text,True
data_raw/uc3m/test/00035.jpg,AD-879*KX*,data_raw/uc3m/train/00383.jpg,AN-879**XR,same,assumed_compatible_text,True
data_raw/uc3m/test/00038.jpg,AD-*330*SZ,data_raw/uc3m/train/01573.jpg,AD-233*C*Z,same,assumed_compatible_text,True
data_raw/uc3m/test/00076.jpg,AD-8*58KS*,data_raw/uc3m/train/01066.jpg,AD-82*8KS*,same,assumed_compatible_text,True
data_raw/uc3m/test/00077.jpg,AD-630*CX*,data_raw/uc3m/train/01644.jpg,AD-6*00C*C,same,assumed_compatible_text,True
data_raw/uc3m/test/00077.jpg,AD-82*7*TX,data_raw/uc3m/train/00604.jpg,AD-8*17*TX,same,assumed_compatible_text,True
data_raw/uc3m/test/00093.jpg,AD-0*66*RF,data_raw/uc3m/test/00132.jpg,AD-036*DR*,same,assumed_compatible_text,False
data_raw/uc3m/test/00093.jpg,AD-0*66*RF,data_raw/uc3m/train/00092.jpg,AD-0*66*RF,same,assumed_compatible_text,True
data_raw/uc3m/test/00093.jpg,AD-0*66*RF,data_raw/uc3m/train/00131.jpg,AD-0*66*RF,same,assumed_compatible_text,True
data_raw/uc3m/test/00093.jpg,AD-0*66*RF,data_raw/uc3m/train/00283.jpg,AD-0*66HR*,same,assumed_compatible_text,True
data_raw/uc3m/test/00093.jpg,AD-0*66*RF,data_raw/uc3m/train/00545.jpg,AD-036*DR*,same,assumed_compatible_text,True
data_raw/uc3m/test/00093.jpg,AD-0*66*RF,data_raw/uc3m/train/01640.jpg,AD-09*6LR*,same,assumed_compatible_text,True
data_raw/uc3m/test/00093.jpg,AD-8*09JZ*,data_raw/uc3m/train/00292.jpg,AN-8*09JZ*,same,assumed_compatible_text,True
data_raw/uc3m/test/00104.jpg,AD-80*8*YF,data_raw/uc3m/train/00673.jpg,AD-*088BY*,same,assumed_compatible_text,True
data_raw/uc3m/test/00104.jpg,AD-80*8*YF,data_raw/uc3m/train/00674.jpg,AD-*088BY*,same,assumed_compatible_text,True
data_raw/uc3m/test/00122.jpg,AD-18*3FR*,data_raw/uc3m/test/01142.jpg,AD-187**RN,same,assumed_compatible_text,False
data_raw/uc3m/test/00122.jpg,AD-18*3FR*,data_raw/uc3m/train/00183.jpg,AD-*833F*N,same,assumed_compatible_text,True
data_raw/uc3m/test/00122.jpg,AD-18*3FR*,data_raw/uc3m/train/01145.jpg,AD-187**RN,same,assumed_compatible_text,True
data_raw/uc3m/test/00122.jpg,AD-18*3FR*,data_raw/uc3m/train/01767.jpg,AD-180**RC,same,assumed_compatible_text,True
data_raw/uc3m/test/00123.jpg,AD-403*C*B,data_raw/uc3m/train/00147.jpg,AD-40*6CZ*,same,assumed_compatible_text,True
data_raw/uc3m/test/00123.jpg,AD-403*C*B,data_raw/uc3m/train/00260.jpg,AD-*033CC*,same,assumed_compatible_text,True
data_raw/uc3m/test/00123.jpg,AD-403*C*B,data_raw/uc3m/train/00261.jpg,AD-*033CC*,same,assumed_compatible_text,True
data_raw/uc3m/test/00123.jpg,AD-403*C*B,data_raw/uc3m/train/01443.jpg,AD-40*2*MB,same,assumed_compatible_text,True
data_raw/uc3m/test/00129.jpg,AD-879**BG,data_raw/uc3m/train/00085.jpg,AD-879**BG,same,assumed_compatible_text,True
data_raw/uc3m/test/00129.jpg,AD-879**BG,data_raw/uc3m/train/01931.jpg,AD-879**BG,same,assumed_compatible_text,True
data_raw/uc3m/test/00132.jpg,AD-036*DR*,data_raw/uc3m/train/00092.jpg,AD-0*66*RF,same,assumed_compatible_text,True
data_raw/uc3m/test/00132.jpg,AD-036*DR*,data_raw/uc3m/train/00131.jpg,AD-0*66*RF,same,assumed_compatible_text,True
data_raw/uc3m/test/00132.jpg,AD-036*DR*,data_raw/uc3m/train/00545.jpg,AD-036*DR*,same,assumed_compatible_text,True
data_raw/uc3m/test/00149.jpg,AD-88*0*CM,data_raw/uc3m/train/00019.jpg,AN-88*0CC*,same,assumed_compatible_text,True
data_raw/uc3m/test/00149.jpg,AD-88*0*CM,data_raw/uc3m/train/00582.jpg,AD-88*0*CM,same,assumed_compatible_text,True
data_raw/uc3m/test/00151.jpg,AD-*417*HV,data_raw/uc3m/train/00152.jpg,AD-*417*HV,same,assumed_compatible_text,True
data_raw/uc3m/test/00151.jpg,AD-505**WW,data_raw/uc3m/train/00594.jpg,AD-505**WW,same,assumed_compatible_text,True
data_raw/uc3m/test/00153.jpg,AD-45*9*SS,data_raw/uc3m/train/00152.jpg,AD-45*9*SS,same,assumed_compatible_text,True
data_raw/uc3m/test/00153.jpg,AD-64*3*VP,data_raw/uc3m/train/00152.jpg,AD-64*3*VP,same,assumed_compatible_text,True
data_raw/uc3m/test/00153.jpg,AD-M1*57P*,data_raw/uc3m/train/00154.jpg,AD-M1*57P*,same,assumed_compatible_text,True
data_raw/uc3m/test/00155.jpg,AD-57*3B*N,data_raw/uc3m/test/00589.jpg,AD-57*3B*N,same,assumed_compatible_text,False
data_raw/uc3m/test/00166.jpg,AD-4*70K*V,data_raw/uc3m/test/00606.jpg,AD-4*70K*V,same,assumed_compatible_text,False
data_raw/uc3m/test/00166.jpg,AD-4*70K*V,data_raw/uc3m/train/00604.jpg,AD-4*70K*V,same,assumed_compatible_text,True
data_raw/uc3m/test/00166.jpg,AD-4*70K*V,data_raw/uc3m/train/00605.jpg,AD-4*70K*V,same,assumed_compatible_text,True
data_raw/uc3m/test/00169.jpg,AN-24*1*DW,data_raw/uc3m/train/00168.jpg,AN-24*1*DW,same,assumed_compatible_text,True
data_raw/uc3m/test/00169.jpg,AN-24*1*DW,data_raw/uc3m/train/00170.jpg,AD-24*1*DW,same,assumed_compatible_text,True
data_raw/uc3m/test/00169.jpg,AN-24*1*DW,data_raw/uc3m/train/00628.jpg,AD-24*1*DW,same,assumed_compatible_text,True
data_raw/uc3m/test/00169.jpg,AN-509*C*F,data_raw/uc3m/train/00167.jpg,AD-509*C*F,same,assumed_compatible_text,True
data_raw/uc3m/test/00169.jpg,AN-509*C*F,data_raw/uc3m/train/00168.jpg,AN-509*C*F,same,assumed_compatible_text,True
data_raw/uc3m/test/00169.jpg,AN-89*0B*S,data_raw/uc3m/train/00168.jpg,AN-89*0B*S,same,assumed_compatible_text,True
data_raw/uc3m/test/00169.jpg,AN-89*0B*S,data_raw/uc3m/train/00622.jpg,AD-89*0B*S,same,assumed_compatible_text,True
data_raw/uc3m/test/00169.jpg,AN-89*0B*S,data_raw/uc3m/train/00623.jpg,AD-89*0B*S,same,assumed_compatible_text,True
data_raw/uc3m/test/00169.jpg,AN-89*0B*S,data_raw/uc3m/train/01516.jpg,AD-896*BT*,same,assumed_compatible_text,True
data_raw/uc3m/test/00169.jpg,AN-89*0B*S,data_raw/uc3m/train/01639.jpg,AD-896*BT*,same,assumed_compatible_text,True
data_raw/uc3m/test/00173.jpg,AD-814*FP*,data_raw/uc3m/train/00174.jpg,AD-814*FP*,same,assumed_compatible_text,True
data_raw/uc3m/test/00181.jpg,AN-66*2*WN,data_raw/uc3m/test/00615.jpg,AD-66*2*WN,same,assumed_compatible_text,False
data_raw/uc3m/test/00181.jpg,AN-66*2*WN,data_raw/uc3m/train/00182.jpg,AD-66*2*WN,same,assumed_compatible_text,True
data_raw/uc3m/test/00181.jpg,AN-66*2*WN,data_raw/uc3m/train/00616.jpg,AD-66*2*WN,same,assumed_compatible_text,True
data_raw/uc3m/test/00187.jpg,AD-202**BX,data_raw/uc3m/train/01541.jpg,AD-2*25JB*,same,assumed_compatible_text,True
data_raw/uc3m/test/00188.jpg,AD-8*14G*Y,data_raw/uc3m/test/01829.jpg,AD-*214*YY,same,assumed_compatible_text,False
data_raw/uc3m/test/00188.jpg,AD-8*14G*Y,data_raw/uc3m/train/00521.jpg,AN-82*4GY*,same,assumed_compatible_text,True
data_raw/uc3m/test/00188.jpg,AD-8*14G*Y,data_raw/uc3m/train/01828.jpg,AD-*214*YY,same,assumed_compatible_text,True
data_raw/uc3m/test/00201.jpg,AD-29*3*XX,data_raw/uc3m/test/00353.jpg,AD-29*3*XX,same,assumed_compatible_text,False
data_raw/uc3m/test/00201.jpg,AD-29*3*XX,data_raw/uc3m/train/00350.jpg,AN-29*3*XX,same,assumed_compatible_text,True
data_raw/uc3m/test/00201.jpg,AD-29*3*XX,data_raw/uc3m/train/00351.jpg,AN-29*3*XX,same,assumed_compatible_text,True
data_raw/uc3m/test/00201.jpg,AD-29*3*XX,data_raw/uc3m/train/00352.jpg,AD-29*3*XX,same,assumed_compatible_text,True
data_raw/uc3m/test/00201.jpg,AD-44*3*PY,data_raw/uc3m/train/00351.jpg,AN-44*3*PY,same,assumed_compatible_text,True
data_raw/uc3m/test/00201.jpg,AD-44*3*PY,data_raw/uc3m/train/00352.jpg,AD-44*3*PY,same,assumed_compatible_text,True
data_raw/uc3m/test/00211.jpg,AD-2*28L*L,data_raw/uc3m/train/00213.jpg,AD-2*28L*L,same,assumed_compatible_text,True
data_raw/uc3m/test/00211.jpg,AD-48*3*TW,data_raw/uc3m/train/00221.jpg,AD-48*3*TW,same,assumed_compatible_text,True
data_raw/uc3m/test/00215.jpg,AD-344**RY,data_raw/uc3m/test/00218.jpg,AD-344**RY,same,assumed_compatible_text,False
data_raw/uc3m/test/00215.jpg,AD-344**RY,data_raw/uc3m/train/00289.jpg,AD-34*3CR*,same,assumed_compatible_text,True
data_raw/uc3m/test/00217.jpg,AD-674**SZ,data_raw/uc3m/train/00216.jpg,AN-674**SZ,same,assumed_compatible_text,True
data_raw/uc3m/test/00218.jpg,AD-344**RY,data_raw/uc3m/train/00289.jpg,AD-34*3CR*,same,assumed_compatible_text,True
data_raw/uc3m/test/00229.jpg,AD-4*72*WY,data_raw/uc3m/train/00385.jpg,AN-42*2B*Y,same,assumed_compatible_text,True
data_raw/uc3m/test/00229.jpg,AD-4*72*WY,data_raw/uc3m/train/00464.jpg,AN-44*2GW*,same,assumed_compatible_text,True
data_raw/uc3m/test/00229.jpg,AD-4*72*WY,data_raw/uc3m/train/00900.jpg,AD-*272KW*,same,assumed_compatible_text,True
data_raw/uc3m/test/00247.jpg,AD-1*94JV*,data_raw/uc3m/test/00688.jpg,AD-179**VN,same,assumed_compatible_text,False
data_raw/uc3m/test/00251.jpg,AD-914**CP,data_raw/uc3m/train/00167.jpg,AN-914*F*P,same,assumed_compatible_text,True
data_raw/uc3m/test/00256.jpg,AD-4*13*TB,data_raw/uc3m/train/01664.jpg,AD-441*KT*,same,assumed_compatible_text,True
data_raw/uc3m/test/00268.jpg,AD-42*1*TY,data_raw/uc3m/train/00456.jpg,AN-423*CT*,same,assumed_compatible_text,True
data_raw/uc3m/test/00270.jpg,AD-*001H*H,data_raw/uc3m/test/00871.jpg,AD-20*1HY*,same,assumed_compatible_text,False
data_raw/uc3m/test/00298.jpg,AD-47*0GW*,data_raw/uc3m/train/01304.jpg,AD-479**WN,same,assumed_compatible_text,True
data_raw/uc3m/test/00302.jpg,AN-*774L*R,data_raw/uc3m/train/01054.jpg,AD-877*LS*,same,assumed_compatible_text,True
data_raw/uc3m/test/00302.jpg,AN-*774L*R,data_raw/uc3m/train/01311.jpg,AD-677*LV*,same,assumed_compatible_text,True
data_raw/uc3m/test/00302.jpg,AN-*774L*R,data_raw/uc3m/train/01463.jpg,AD-377*LP*,same,assumed_compatible_text,True
data_raw/uc3m/test/00302.jpg,AN-*774L*R,data_raw/uc3m/train/01464.jpg,AD-377*LP*,same,assumed_compatible_text,True
data_raw/uc3m/test/00310.jpg,AN-554*CC*,data_raw/uc3m/train/00679.jpg,AD-55*4*CN,same,assumed_compatible_text,True
data_raw/uc3m/test/00310.jpg,AN-554*CC*,data_raw/uc3m/train/00680.jpg,AD-55*4*CN,same,assumed_compatible_text,True
data_raw/uc3m/test/00310.jpg,AN-554*CC*,data_raw/uc3m/train/00681.jpg,AD-55*4*CN,same,assumed_compatible_text,True
data_raw/uc3m/test/00311.jpg,AN-*767*BW,data_raw/uc3m/test/01658.jpg,AD-M76*3*W,same,assumed_compatible_text,False
data_raw/uc3m/test/00340.jpg,AD-173**SM,data_raw/uc3m/test/01307.jpg,AD-17*9KS*,same,assumed_compatible_text,False
data_raw/uc3m/test/00340.jpg,AD-173**SM,data_raw/uc3m/train/00195.jpg,AD-173**SM,same,assumed_compatible_text,True
data_raw/uc3m/test/00348.jpg,AD-706*DB*,data_raw/uc3m/train/01416.jpg,AD-70*1D*S,same,assumed_compatible_text,True
data_raw/uc3m/test/00353.jpg,AD-255*CM*,data_raw/uc3m/train/00350.jpg,AN-255*CM*,same,assumed_compatible_text,True
data_raw/uc3m/test/00353.jpg,AD-255*CM*,data_raw/uc3m/train/01036.jpg,AD-*554*MH,same,assumed_compatible_text,True
data_raw/uc3m/test/00353.jpg,AD-29*3*XX,data_raw/uc3m/train/00350.jpg,AN-29*3*XX,same,assumed_compatible_text,True
data_raw/uc3m/test/00353.jpg,AD-29*3*XX,data_raw/uc3m/train/00351.jpg,AN-29*3*XX,same,assumed_compatible_text,True
data_raw/uc3m/test/00353.jpg,AD-29*3*XX,data_raw/uc3m/train/00352.jpg,AD-29*3*XX,same,assumed_compatible_text,True
data_raw/uc3m/test/00376.jpg,BN-01*6H*J,data_raw/uc3m/train/00283.jpg,AD-0*66HR*,same,assumed_compatible_text,True
data_raw/uc3m/test/00376.jpg,BN-01*6H*J,data_raw/uc3m/train/00378.jpg,BN-01*6H*J,same,assumed_compatible_text,True
data_raw/uc3m/test/00384.jpg,AN-524**YR,data_raw/uc3m/train/00261.jpg,AD-524*F*R,same,assumed_compatible_text,True
data_raw/uc3m/test/00384.jpg,AN-524**YR,data_raw/uc3m/train/01775.jpg,AD-52*8KY*,same,assumed_compatible_text,True
data_raw/uc3m/test/00390.jpg,AN-61*7*DX,data_raw/uc3m/train/00389.jpg,AN-61*7*DX,same,assumed_compatible_text,True
data_raw/uc3m/test/00420.jpg,AN-J21*4A*,data_raw/uc3m/train/00419.jpg,AN-J21*4A*,same,assumed_compatible_text,True
data_raw/uc3m/test/00421.jpg,DN-*191L*L,data_raw/uc3m/train/01452.jpg,AD-61*1L*L,same,assumed_compatible_text,True
data_raw/uc3m/test/00421.jpg,DN-*191L*L,data_raw/uc3m/train/01645.jpg,AD-*191LM*,same,assumed_compatible_text,True
data_raw/uc3m/test/00440.jpg,AN-6*78CN*,data_raw/uc3m/test/01348.jpg,AD-697**NY,same,assumed_compatible_text,False
data_raw/uc3m/test/00440.jpg,AN-82*2*GX,data_raw/uc3m/test/00441.jpg,AN-82*2*GX,same,assumed_compatible_text,False
data_raw/uc3m/test/00440.jpg,AN-84*3KP*,data_raw/uc3m/train/01593.jpg,AD-843**PV,same,assumed_compatible_text,True
data_raw/uc3m/test/00445.jpg,AN-686*HF*,data_raw/uc3m/test/00817.jpg,AD-686*HF*,same,assumed_compatible_text,False
data_raw/uc3m/test/00478.jpg,AN-*264C*W,data_raw/uc3m/train/00477.jpg,AN-*264C*W,same,assumed_compatible_text,True
data_raw/uc3m/test/00478.jpg,AN-97*7*CY,data_raw/uc3m/train/00480.jpg,AN-97*7*CY,same,assumed_compatible_text,True
data_raw/uc3m/test/00479.jpg,AN-737**YN,data_raw/uc3m/train/00476.jpg,AN-737**YN,same,assumed_compatible_text,True
data_raw/uc3m/test/00479.jpg,AN-737**YN,data_raw/uc3m/train/00480.jpg,AN-737**YN,same,assumed_compatible_text,True
data_raw/uc3m/test/00479.jpg,AN-737**YN,data_raw/uc3m/train/00481.jpg,AN-737**YN,same,assumed_compatible_text,True
data_raw/uc3m/test/00479.jpg,AN-737**YN,data_raw/uc3m/train/00635.jpg,AD-737*HY*,same,assumed_compatible_text,True
data_raw/uc3m/test/00479.jpg,AN-737**YN,data_raw/uc3m/train/00636.jpg,AD-737*HY*,same,assumed_compatible_text,True
data_raw/uc3m/test/00479.jpg,AN-737**YN,data_raw/uc3m/train/00677.jpg,AD-73*3JY*,same,assumed_compatible_text,True
data_raw/uc3m/test/00479.jpg,AN-737**YN,data_raw/uc3m/train/00678.jpg,AD-73*3JY*,same,assumed_compatible_text,True
data_raw/uc3m/test/00495.jpg,AN-0*96H*H,data_raw/uc3m/train/01014.jpg,AD-079**NH,same,assumed_compatible_text,True
data_raw/uc3m/test/00505.jpg,AN-2*32*ZM,data_raw/uc3m/train/00160.jpg,AD-26*2GZ*,same,assumed_compatible_text,True
data_raw/uc3m/test/00505.jpg,AN-2*32*ZM,data_raw/uc3m/train/00854.jpg,AD-22*2K*M,same,assumed_compatible_text,True
data_raw/uc3m/test/00509.jpg,AN-077**WS,data_raw/uc3m/train/00930.jpg,AD-*775F*S,same,assumed_compatible_text,True
data_raw/uc3m/test/00509.jpg,AN-077**WS,data_raw/uc3m/train/01613.jpg,AD-07*3JW*,same,assumed_compatible_text,True
data_raw/uc3m/test/00509.jpg,AN-077**WS,data_raw/uc3m/train/01738.jpg,AD-*777JW*,same,assumed_compatible_text,True
data_raw/uc3m/test/00510.jpg,AN-420**JY,data_raw/uc3m/train/00385.jpg,AN-42*2B*Y,same,assumed_compatible_text,True
data_raw/uc3m/test/00553.jpg,AD-028**TC,data_raw/uc3m/train/00554.jpg,AD-028**TC,same,assumed_compatible_text,True
data_raw/uc3m/test/00553.jpg,AD-050*D*L,data_raw/uc3m/train/01213.jpg,AD-0*03DC*,same,assumed_compatible_text,True
data_raw/uc3m/test/00553.jpg,AD-050*D*L,data_raw/uc3m/train/01255.jpg,AD-05*6DZ*,same,assumed_compatible_text,True
data_raw/uc3m/test/00553.jpg,AD-050*D*L,data_raw/uc3m/train/01256.jpg,AD-05*6DZ*,same,assumed_compatible_text,True
data_raw/uc3m/test/00553.jpg,AD-050*D*L,data_raw/uc3m/train/01806.jpg,AD-0*09DH*,same,assumed_compatible_text,True
data_raw/uc3m/test/00553.jpg,AD-27*6*PS,data_raw/uc3m/train/00554.jpg,AD-27*6*PS,same,assumed_compatible_text,True
data_raw/uc3m/test/00553.jpg,AD-699**RM,data_raw/uc3m/train/00554.jpg,AD-699**RM,same,assumed_compatible_text,True
data_raw/uc3m/test/00553.jpg,AD-699**RM,data_raw/uc3m/train/00754.jpg,AD-69*5DR*,same,assumed_compatible_text,True
data_raw/uc3m/test/00555.jpg,AD-*199JX*,data_raw/uc3m/train/00225.jpg,AD-01*9J*Y,same,assumed_compatible_text,True
data_raw/uc3m/test/00555.jpg,AD-*199JX*,data_raw/uc3m/train/00554.jpg,AD-*199JX*,same,assumed_compatible_text,True
data_raw/uc3m/test/00555.jpg,AD-0*05K*H,data_raw/uc3m/train/00288.jpg,AD-08*5KT*,same,assumed_compatible_text,True
data_raw/uc3m/test/00555.jpg,AD-0*05K*H,data_raw/uc3m/train/00554.jpg,AD-0*05K*H,same,assumed_compatible_text,True
data_raw/uc3m/test/00555.jpg,AD-6*36*NT,data_raw/uc3m/test/00560.jpg,AD-6*36*NT,same,assumed_compatible_text,False
data_raw/uc3m/test/00555.jpg,AD-6*36*NT,data_raw/uc3m/train/00561.jpg,AD-6*36*NT,same,assumed_compatible_text,True
data_raw/uc3m/test/00555.jpg,AD-649**XS,data_raw/uc3m/train/00561.jpg,AD-649**XS,same,assumed_compatible_text,True
data_raw/uc3m/test/00560.jpg,AD-05*9*BF,data_raw/uc3m/train/00557.jpg,AD-05*9*BF,same,assumed_compatible_text,True
data_raw/uc3m/test/00560.jpg,AD-05*9*BF,data_raw/uc3m/train/00558.jpg,AD-05*9*BF,same,assumed_compatible_text,True
data_raw/uc3m/test/00560.jpg,AD-05*9*BF,data_raw/uc3m/train/00559.jpg,AD-05*9*BF,same,assumed_compatible_text,True
data_raw/uc3m/test/00560.jpg,AD-6*36*NT,data_raw/uc3m/train/00561.jpg,AD-6*36*NT,same,assumed_compatible_text,True
data_raw/uc3m/test/00560.jpg,AD-78*0C*Z,data_raw/uc3m/train/00557.jpg,AD-789*C*Z,same,assumed_compatible_text,True
data_raw/uc3m/test/00560.jpg,AD-78*0C*Z,data_raw/uc3m/train/00559.jpg,AD-78*0C*Z,same,assumed_compatible_text,True
data_raw/uc3m/test/00560.jpg,AD-78*0C*Z,data_raw/uc3m/train/00561.jpg,AD-78*0C*Z,same,assumed_compatible_text,True
data_raw/uc3m/test/00573.jpg,AD-965*H*G,data_raw/uc3m/train/00199.jpg,AD-*651HY*,same,assumed_compatible_text,True
data_raw/uc3m/test/00573.jpg,AD-965*H*G,data_raw/uc3m/train/00345.jpg,AN-*651HY*,same,assumed_compatible_text,True
data_raw/uc3m/test/00577.jpg,AD-*379LM*,data_raw/uc3m/train/00575.jpg,AD-*379LM*,same,assumed_compatible_text,True
data_raw/uc3m/test/00588.jpg,AD-368**WT,data_raw/uc3m/test/00817.jpg,BD-36*7KW*,same,assumed_compatible_text,False
data_raw/uc3m/test/00588.jpg,AD-89*1*RZ,data_raw/uc3m/train/00144.jpg,AD-89*1*RZ,same,assumed_compatible_text,True
data_raw/uc3m/test/00588.jpg,AD-89*1*RZ,data_raw/uc3m/train/00587.jpg,AD-89*1*RZ,same,assumed_compatible_text,True
data_raw/uc3m/test/00589.jpg,AD-3*03KT*,data_raw/uc3m/test/00831.jpg,AD-360*K*J,same,assumed_compatible_text,False
data_raw/uc3m/test/00589.jpg,AD-3*03KT*,data_raw/uc3m/test/01653.jpg,AD-37*3*TD,same,assumed_compatible_text,False
data_raw/uc3m/test/00591.jpg,AD-*999*YM,data_raw/uc3m/train/00592.jpg,AD-*999*YM,same,assumed_compatible_text,True
data_raw/uc3m/test/00591.jpg,AD-*999*YM,data_raw/uc3m/train/01708.jpg,AD-9*99GY*,same,assumed_compatible_text,True
data_raw/uc3m/test/00591.jpg,AD-22*2*DY,data_raw/uc3m/train/00592.jpg,AD-22*2*DY,same,assumed_compatible_text,True
data_raw/uc3m/test/00591.jpg,AD-748*DB*,data_raw/uc3m/test/00842.jpg,AD-7*83D*V,same,assumed_compatible_text,False
data_raw/uc3m/test/00591.jpg,AD-748*DB*,data_raw/uc3m/train/00592.jpg,AD-748*DB*,same,assumed_compatible_text,True
data_raw/uc3m/test/00591.jpg,AD-99*9*DV,data_raw/uc3m/train/00592.jpg,AD-99*9*DV,same,assumed_compatible_text,True
data_raw/uc3m/test/00606.jpg,AD-4*70K*V,data_raw/uc3m/train/00604.jpg,AD-4*70K*V,same,assumed_compatible_text,True
data_raw/uc3m/test/00606.jpg,AD-4*70K*V,data_raw/uc3m/train/00605.jpg,AD-4*70K*V,same,assumed_compatible_text,True
data_raw/uc3m/test/00606.jpg,AD-624*GX*,data_raw/uc3m/train/00605.jpg,AD-624*GX*,same,assumed_compatible_text,True
data_raw/uc3m/test/00611.jpg,AD-32*9*DS,data_raw/uc3m/train/00154.jpg,AD-3*39H*S,same,assumed_compatible_text,True
data_raw/uc3m/test/00615.jpg,AD-66*2*WN,data_raw/uc3m/train/00182.jpg,AD-66*2*WN,same,assumed_compatible_text,True
data_raw/uc3m/test/00615.jpg,AD-66*2*WN,data_raw/uc3m/train/00616.jpg,AD-66*2*WN,same,assumed_compatible_text,True
data_raw/uc3m/test/00617.jpg,AD-146*F*M,data_raw/uc3m/test/00834.jpg,AD-14*1FS*,same,assumed_compatible_text,False
data_raw/uc3m/test/00617.jpg,AD-146*F*M,data_raw/uc3m/train/00162.jpg,AD-146*F*M,same,assumed_compatible_text,True
data_raw/uc3m/test/00617.jpg,AD-16*0B*N,data_raw/uc3m/train/00165.jpg,AN-16*0B*N,same,assumed_compatible_text,True
data_raw/uc3m/test/00617.jpg,AD-16*0B*N,data_raw/uc3m/train/00620.jpg,AD-16*0B*N,same,assumed_compatible_text,True
data_raw/uc3m/test/00617.jpg,AD-16*0B*N,data_raw/uc3m/train/00655.jpg,AD-1*60*NN,same,assumed_compatible_text,True
data_raw/uc3m/test/00617.jpg,AD-556*H*Y,data_raw/uc3m/train/00618.jpg,AD-556*H*Y,same,assumed_compatible_text,True
data_raw/uc3m/test/00617.jpg,AD-556*H*Y,data_raw/uc3m/train/00619.jpg,AD-556*H*Y,same,assumed_compatible_text,True
data_raw/uc3m/test/00617.jpg,AD-82*8*TB,data_raw/uc3m/train/00619.jpg,AD-82*8*TB,same,assumed_compatible_text,True
data_raw/uc3m/test/00617.jpg,AD-82*8*TB,data_raw/uc3m/train/01609.jpg,AD-8*18HT*,same,assumed_compatible_text,True
data_raw/uc3m/test/00624.jpg,AD-93*3B*P,data_raw/uc3m/train/00625.jpg,AD-93*3B*P,same,assumed_compatible_text,True
data_raw/uc3m/test/00624.jpg,AD-93*3B*P,data_raw/uc3m/train/00928.jpg,AD-935**HP,same,assumed_compatible_text,True
data_raw/uc3m/test/00644.jpg,AD-222**WM,data_raw/uc3m/train/00191.jpg,AD-222**WM,same,assumed_compatible_text,True
data_raw/uc3m/test/00644.jpg,AD-222**WM,data_raw/uc3m/train/00643.jpg,AD-222**WM,same,assumed_compatible_text,True
data_raw/uc3m/test/00644.jpg,AD-222**WM,data_raw/uc3m/train/00854.jpg,AD-22*2K*M,same,assumed_compatible_text,True
data_raw/uc3m/test/00644.jpg,AD-M25*2*Y,data_raw/uc3m/train/00645.jpg,AD-M25*2*Y,same,assumed_compatible_text,True
data_raw/uc3m/test/00650.jpg,AD-5*66*BP,data_raw/uc3m/train/00101.jpg,AD-56*6GB*,same,assumed_compatible_text,True
data_raw/uc3m/test/00656.jpg,AD-34*7*XB,data_raw/uc3m/train/00655.jpg,AD-34*7*XB,same,assumed_compatible_text,True
data_raw/uc3m/test/00656.jpg,AD-34*7*XB,data_raw/uc3m/train/01630.jpg,AD-3*77KX*,same,assumed_compatible_text,True
data_raw/uc3m/test/00662.jpg,AD-*853CZ*,data_raw/uc3m/train/00202.jpg,AD-585*C*N,same,assumed_compatible_text,True
data_raw/uc3m/test/00662.jpg,AD-*853CZ*,data_raw/uc3m/train/00233.jpg,AD-585*C*N,same,assumed_compatible_text,True
data_raw/uc3m/test/00662.jpg,AD-*853CZ*,data_raw/uc3m/train/00661.jpg,AD-*853CZ*,same,assumed_compatible_text,True
data_raw/uc3m/test/00662.jpg,AD-59*2*WT,data_raw/uc3m/train/00661.jpg,AD-59*2*WT,same,assumed_compatible_text,True
data_raw/uc3m/test/00668.jpg,AD-21*1*CS,data_raw/uc3m/test/01867.jpg,AD-*101FC*,same,assumed_compatible_text,False
data_raw/uc3m/test/00669.jpg,AD-499**NV,data_raw/uc3m/test/00958.jpg,AD-49*9C*V,same,assumed_compatible_text,False
data_raw/uc3m/test/00698.jpg,AD-478**FN,data_raw/uc3m/train/00697.jpg,AD-478**FN,same,assumed_compatible_text,True
data_raw/uc3m/test/00698.jpg,AD-78*2*PT,data_raw/uc3m/test/01513.jpg,AD-783**PT,same,assumed_compatible_text,False
data_raw/uc3m/test/00698.jpg,AD-78*2*PT,data_raw/uc3m/train/00713.jpg,AD-78*2*PT,same,assumed_compatible_text,True
data_raw/uc3m/test/00716.jpg,AD-*638*SN,data_raw/uc3m/test/00717.jpg,AD-*638*SN,same,assumed_compatible_text,False
data_raw/uc3m/test/00716.jpg,AD-*638*SN,data_raw/uc3m/train/00712.jpg,AD-*638*SN,same,assumed_compatible_text,True
data_raw/uc3m/test/00716.jpg,AD-*638*SN,data_raw/uc3m/train/00713.jpg,AD-*638*SN,same,assumed_compatible_text,True
data_raw/uc3m/test/00716.jpg,AD-*638*SN,data_raw/uc3m/train/00714.jpg,AD-*638*SN,same,assumed_compatible_text,True
data_raw/uc3m/test/00716.jpg,AD-*638*SN,data_raw/uc3m/train/00715.jpg,AD-*638*SN,same,assumed_compatible_text,True
data_raw/uc3m/test/00716.jpg,AD-*638*SN,data_raw/uc3m/train/00718.jpg,AD-*638*SN,same,assumed_compatible_text,True
data_raw/uc3m/test/00716.jpg,AD-*638*SN,data_raw/uc3m/train/00719.jpg,AD-*638*SN,same,assumed_compatible_text,True
data_raw/uc3m/test/00716.jpg,AD-*638*SN,data_raw/uc3m/train/00720.jpg,AD-*638*SN,same,assumed_compatible_text,True
data_raw/uc3m/test/00716.jpg,AD-838**VG,data_raw/uc3m/train/00753.jpg,AD-83*0BV*,same,assumed_compatible_text,True
data_raw/uc3m/test/00716.jpg,AD-838**VG,data_raw/uc3m/train/01527.jpg,AD-83*8J*G,same,assumed_compatible_text,True
data_raw/uc3m/test/00717.jpg,AD-*638*SN,data_raw/uc3m/train/00712.jpg,AD-*638*SN,same,assumed_compatible_text,True
data_raw/uc3m/test/00717.jpg,AD-*638*SN,data_raw/uc3m/train/00713.jpg,AD-*638*SN,same,assumed_compatible_text,True
data_raw/uc3m/test/00717.jpg,AD-*638*SN,data_raw/uc3m/train/00714.jpg,AD-*638*SN,same,assumed_compatible_text,True
data_raw/uc3m/test/00717.jpg,AD-*638*SN,data_raw/uc3m/train/00715.jpg,AD-*638*SN,same,assumed_compatible_text,True
data_raw/uc3m/test/00717.jpg,AD-*638*SN,data_raw/uc3m/train/00718.jpg,AD-*638*SN,same,assumed_compatible_text,True
data_raw/uc3m/test/00717.jpg,AD-*638*SN,data_raw/uc3m/train/00719.jpg,AD-*638*SN,same,assumed_compatible_text,True
data_raw/uc3m/test/00717.jpg,AD-*638*SN,data_raw/uc3m/train/00720.jpg,AD-*638*SN,same,assumed_compatible_text,True
data_raw/uc3m/test/00722.jpg,AD-70*8*RC,data_raw/uc3m/train/00705.jpg,AD-*038LR*,same,assumed_compatible_text,True
data_raw/uc3m/test/00722.jpg,AD-70*8*RC,data_raw/uc3m/train/01226.jpg,AD-*018C*C,same,assumed_compatible_text,True
data_raw/uc3m/test/00722.jpg,AD-70*8*RC,data_raw/uc3m/train/01905.jpg,AN-70*8*RC,same,assumed_compatible_text,True
data_raw/uc3m/test/00741.jpg,AN-459**VV,data_raw/uc3m/test/00742.jpg,AN-459**VV,same,assumed_compatible_text,False
data_raw/uc3m/test/00741.jpg,AN-459**VV,data_raw/uc3m/train/00737.jpg,AN-459**VV,same,assumed_compatible_text,True
data_raw/uc3m/test/00741.jpg,AN-459**VV,data_raw/uc3m/train/00738.jpg,AN-459**VV,same,assumed_compatible_text,True
data_raw/uc3m/test/00741.jpg,AN-459**VV,data_raw/uc3m/train/00739.jpg,AN-459**VV,same,assumed_compatible_text,True
data_raw/uc3m/test/00741.jpg,AN-459**VV,data_raw/uc3m/train/00740.jpg,AN-459**VV,same,assumed_compatible_text,True
data_raw/uc3m/test/00741.jpg,AN-459**VV,data_raw/uc3m/train/01675.jpg,AD-45*7H*V,same,assumed_compatible_text,True
data_raw/uc3m/test/00742.jpg,AN-459**VV,data_raw/uc3m/train/00737.jpg,AN-459**VV,same,assumed_compatible_text,True
data_raw/uc3m/test/00742.jpg,AN-459**VV,data_raw/uc3m/train/00738.jpg,AN-459**VV,same,assumed_compatible_text,True
data_raw/uc3m/test/00742.jpg,AN-459**VV,data_raw/uc3m/train/00739.jpg,AN-459**VV,same,assumed_compatible_text,True
data_raw/uc3m/test/00742.jpg,AN-459**VV,data_raw/uc3m/train/00740.jpg,AN-459**VV,same,assumed_compatible_text,True
data_raw/uc3m/test/00742.jpg,AN-459**VV,data_raw/uc3m/train/01675.jpg,AD-45*7H*V,same,assumed_compatible_text,True
data_raw/uc3m/test/00751.jpg,AD-77*1D*M,data_raw/uc3m/train/01102.jpg,AD-778*DV*,same,assumed_compatible_text,True
data_raw/uc3m/test/00751.jpg,AD-77*1D*M,data_raw/uc3m/train/01971.jpg,AD-77*1D*M,same,assumed_compatible_text,True
data_raw/uc3m/test/00756.jpg,AD-33*0*FM,data_raw/uc3m/train/00755.jpg,AD-33*0*FM,same,assumed_compatible_text,True
data_raw/uc3m/test/00762.jpg,AD-03*4DP*,data_raw/uc3m/train/00023.jpg,AD-0*54*PX,same,assumed_compatible_text,True
data_raw/uc3m/test/00762.jpg,AD-03*4DP*,data_raw/uc3m/train/00985.jpg,AD-03*4DP*,same,assumed_compatible_text,True
data_raw/uc3m/test/00763.jpg,AD-7*14*SY,data_raw/uc3m/train/00985.jpg,AD-791*HS*,same,assumed_compatible_text,True
data_raw/uc3m/test/00765.jpg,AD-*584*SB,data_raw/uc3m/train/01228.jpg,AD-*584*SB,same,assumed_compatible_text,True
data_raw/uc3m/test/00776.jpg,AD-3*00*VP,data_raw/uc3m/train/00170.jpg,AD-*300LV*,same,assumed_compatible_text,True
data_raw/uc3m/test/00776.jpg,AD-3*00*VP,data_raw/uc3m/train/01852.jpg,AD-35*0L*P,same,assumed_compatible_text,True
data_raw/uc3m/test/00786.jpg,AD-477**BG,data_raw/uc3m/train/00785.jpg,AD-477**BG,same,assumed_compatible_text,True
data_raw/uc3m/test/00806.jpg,AD-58*3J*J,data_raw/uc3m/train/00840.jpg,AD-582*J*J,same,assumed_compatible_text,True
data_raw/uc3m/test/00806.jpg,AD-58*3J*J,data_raw/uc3m/train/01095.jpg,AD-588*JX*,same,assumed_compatible_text,True
data_raw/uc3m/test/00808.jpg,AD-046**TS,data_raw/uc3m/test/01134.jpg,AD-0*61B*S,same,assumed_compatible_text,False
data_raw/uc3m/test/00814.jpg,BD-99*8*PX,data_raw/uc3m/test/01963.jpg,AD-*968D*X,same,assumed_compatible_text,False
data_raw/uc3m/test/00814.jpg,BD-99*8*PX,data_raw/uc3m/train/00815.jpg,BD-99*8*PX,same,assumed_compatible_text,True
data_raw/uc3m/test/00817.jpg,BD-36*7KW*,data_raw/uc3m/test/00831.jpg,AD-360*K*J,same,assumed_compatible_text,False
data_raw/uc3m/test/00817.jpg,BD-36*7KW*,data_raw/uc3m/train/01203.jpg,AD-36*7*WF,same,assumed_compatible_text,True
data_raw/uc3m/test/00834.jpg,AD-14*1FS*,data_raw/uc3m/train/00162.jpg,AD-146*F*M,same,assumed_compatible_text,True
data_raw/uc3m/test/00836.jpg,AD-*665KZ*,data_raw/uc3m/train/00781.jpg,AD-666*K*K,same,assumed_compatible_text,True
data_raw/uc3m/test/00839.jpg,AD-065**ZN,data_raw/uc3m/train/00118.jpg,AD-0*56CZ*,same,assumed_compatible_text,True
data_raw/uc3m/test/00839.jpg,AD-065**ZN,data_raw/uc3m/train/00252.jpg,AD-06*5DZ*,same,assumed_compatible_text,True
data_raw/uc3m/test/00842.jpg,AD-7*83D*V,data_raw/uc3m/train/00073.jpg,AD-72*3*PV,same,assumed_compatible_text,True
data_raw/uc3m/test/00842.jpg,AD-7*83D*V,data_raw/uc3m/train/00592.jpg,AD-748*DB*,same,assumed_compatible_text,True
data_raw/uc3m/test/00842.jpg,AD-7*83D*V,data_raw/uc3m/train/01102.jpg,AD-778*DV*,same,assumed_compatible_text,True
data_raw/uc3m/test/00842.jpg,AD-7*83D*V,data_raw/uc3m/train/01558.jpg,AD-798**WV,same,assumed_compatible_text,True
data_raw/uc3m/test/00842.jpg,AD-7*83D*V,data_raw/uc3m/train/01579.jpg,AD-728**YV,same,assumed_compatible_text,True
data_raw/uc3m/test/00855.jpg,AD-1*36*KZ,data_raw/uc3m/train/00853.jpg,AD-1*36*KZ,same,assumed_compatible_text,True
data_raw/uc3m/test/00855.jpg,AD-1*36*KZ,data_raw/uc3m/train/00854.jpg,AD-1*36*KZ,same,assumed_compatible_text,True
data_raw/uc3m/test/00855.jpg,AD-1*36*KZ,data_raw/uc3m/train/00856.jpg,AD-1*36*KZ,same,assumed_compatible_text,True
data_raw/uc3m/test/00857.jpg,AD-659**HY,data_raw/uc3m/train/00176.jpg,AD-65*3JH*,same,assumed_compatible_text,True
data_raw/uc3m/test/00857.jpg,AD-659**HY,data_raw/uc3m/train/00178.jpg,AD-65*3JH*,same,assumed_compatible_text,True
data_raw/uc3m/test/00863.jpg,AD-97*6*XT,data_raw/uc3m/train/00233.jpg,AD-971*JX*,same,assumed_compatible_text,True
data_raw/uc3m/test/00871.jpg,AD-20*1HY*,data_raw/uc3m/train/01298.jpg,AD-205*H*R,same,assumed_compatible_text,True
data_raw/uc3m/test/00873.jpg,AD-4*48*XT,data_raw/uc3m/train/00874.jpg,AD-4*48*XT,same,assumed_compatible_text,True
data_raw/uc3m/test/00873.jpg,AD-77*0*CN,data_raw/uc3m/train/00872.jpg,AD-77*0*CN,same,assumed_compatible_text,True
data_raw/uc3m/test/00879.jpg,AD-325*KZ*,data_raw/uc3m/train/01715.jpg,AD-*252*ZR,same,assumed_compatible_text,True
data_raw/uc3m/test/00883.jpg,AD-77*5KV*,data_raw/uc3m/train/01904.jpg,AD-*705K*Z,same,assumed_compatible_text,True
data_raw/uc3m/test/00883.jpg,AD-77*5KV*,data_raw/uc3m/train/01914.jpg,AD-77*5*VS,same,assumed_compatible_text,True
data_raw/uc3m/test/00886.jpg,AD-2*52*YN,data_raw/uc3m/train/00893.jpg,AD-2*52*YN,same,assumed_compatible_text,True
data_raw/uc3m/test/00901.jpg,AD-81*1*ZJ,data_raw/uc3m/train/00397.jpg,AN-812*KZ*,same,assumed_compatible_text,True
data_raw/uc3m/test/00901.jpg,AD-81*1*ZJ,data_raw/uc3m/train/00402.jpg,AN-812*KZ*,same,assumed_compatible_text,True
data_raw/uc3m/test/00901.jpg,AD-81*1*ZJ,data_raw/uc3m/train/00406.jpg,AN-812*KZ*,same,assumed_compatible_text,True
data_raw/uc3m/test/00901.jpg,AD-81*1*ZJ,data_raw/uc3m/train/00408.jpg,AN-812*KZ*,same,assumed_compatible_text,True
data_raw/uc3m/test/00901.jpg,AD-81*1*ZJ,data_raw/uc3m/train/01080.jpg,AD-816*KZ*,same,assumed_compatible_text,True
data_raw/uc3m/test/00901.jpg,AD-865**NN,data_raw/uc3m/train/01578.jpg,AD-86*9LN*,same,assumed_compatible_text,True
data_raw/uc3m/test/00908.jpg,AD-46*5*MW,data_raw/uc3m/train/00907.jpg,AD-46*5*MW,same,assumed_compatible_text,True
data_raw/uc3m/test/00910.jpg,AD-961*FY*,data_raw/uc3m/train/01639.jpg,AD-96*7*YR,same,assumed_compatible_text,True
data_raw/uc3m/test/00915.jpg,AD-1*81H*B,data_raw/uc3m/train/00914.jpg,AD-1*81H*B,same,assumed_compatible_text,True
data_raw/uc3m/test/00958.jpg,AD-9*83*BH,data_raw/uc3m/train/01448.jpg,AD-97*3F*H,same,assumed_compatible_text,True
data_raw/uc3m/test/00961.jpg,AN-908*LM*,data_raw/uc3m/train/00793.jpg,AD-90*2*MX,same,assumed_compatible_text,True
data_raw/uc3m/test/00963.jpg,AN-*189J*H,data_raw/uc3m/test/01155.jpg,AD-41*9JV*,same,assumed_compatible_text,False
data_raw/uc3m/test/00963.jpg,AN-*189J*H,data_raw/uc3m/train/01784.jpg,AD-31*9JW*,same,assumed_compatible_text,True
data_raw/uc3m/test/00968.jpg,AN-69*5*XV,data_raw/uc3m/train/00486.jpg,AN-694*L*V,same,assumed_compatible_text,True
data_raw/uc3m/test/00976.jpg,AD-09*6*NJ,data_raw/uc3m/train/00975.jpg,AN-09*6*NJ,same,assumed_compatible_text,True
data_raw/uc3m/test/00976.jpg,AD-5*59G*M,data_raw/uc3m/train/00649.jpg,AD-525*GR*,same,assumed_compatible_text,True
data_raw/uc3m/test/00976.jpg,AD-5*59G*M,data_raw/uc3m/train/00941.jpg,AD-525**SM,same,assumed_compatible_text,True
data_raw/uc3m/test/00978.jpg,AD-19*7*WP,data_raw/uc3m/train/00977.jpg,AD-19*7*WP,same,assumed_compatible_text,True
data_raw/uc3m/test/00978.jpg,AD-19*7*WP,data_raw/uc3m/train/01175.jpg,AD-195*L*P,same,assumed_compatible_text,True
data_raw/uc3m/test/00979.jpg,AD-5*30*FF,data_raw/uc3m/train/01657.jpg,AD-51*0F*F,same,assumed_compatible_text,True
data_raw/uc3m/test/00979.jpg,AD-74*1*SX,data_raw/uc3m/test/01077.jpg,AD-747*GS*,same,assumed_compatible_text,False
data_raw/uc3m/test/00979.jpg,AD-74*1*SX,data_raw/uc3m/train/01074.jpg,AD-747*GS*,same,assumed_compatible_text,True
data_raw/uc3m/test/00979.jpg,AD-74*1*SX,data_raw/uc3m/train/01441.jpg,AD-745*CS*,same,assumed_compatible_text,True
data_raw/uc3m/test/00979.jpg,AD-78*9GB*,data_raw/uc3m/test/01718.jpg,AD-785*G*Z,same,assumed_compatible_text,False
data_raw/uc3m/test/00988.jpg,AD-819**KY,data_raw/uc3m/train/01041.jpg,AD-81*0C*Y,same,assumed_compatible_text,True
data_raw/uc3m/test/00988.jpg,AD-819**KY,data_raw/uc3m/train/01777.jpg,AD-819**KY,same,assumed_compatible_text,True
data_raw/uc3m/test/00988.jpg,AD-83*0*DT,data_raw/uc3m/train/00764.jpg,AD-83*0*DT,same,assumed_compatible_text,True
data_raw/uc3m/test/00991.jpg,AD-710**PD,data_raw/uc3m/train/00518.jpg,AN-*105C*D,same,assumed_compatible_text,True
data_raw/uc3m/test/00994.jpg,AD-11*0CT*,data_raw/uc3m/train/00113.jpg,AD-116*C*J,same,assumed_compatible_text,True
data_raw/uc3m/test/00994.jpg,AD-11*0CT*,data_raw/uc3m/train/00114.jpg,AD-116*C*J,same,assumed_compatible_text,True
data_raw/uc3m/test/01000.jpg,AD-944**XR,data_raw/uc3m/train/00859.jpg,AD-94*9FX*,same,assumed_compatible_text,True
data_raw/uc3m/test/01003.jpg,AD-3*33*HR,data_raw/uc3m/test/01004.jpg,AD-3*33*HR,same,assumed_compatible_text,False
data_raw/uc3m/test/01003.jpg,AD-3*33*HR,data_raw/uc3m/train/01002.jpg,AD-3*33*HR,same,assumed_compatible_text,True
data_raw/uc3m/test/01004.jpg,AD-3*33*HR,data_raw/uc3m/train/01002.jpg,AD-3*33*HR,same,assumed_compatible_text,True
data_raw/uc3m/test/01009.jpg,AD-855*JY*,data_raw/uc3m/test/01910.jpg,AD-8*55JY*,same,assumed_compatible_text,False
data_raw/uc3m/test/01009.jpg,AD-855*JY*,data_raw/uc3m/train/01717.jpg,AN-*555J*N,same,assumed_compatible_text,True
data_raw/uc3m/test/01016.jpg,AD-702**SH,data_raw/uc3m/train/01010.jpg,AD-702**SH,same,assumed_compatible_text,True
data_raw/uc3m/test/01016.jpg,AD-702**SH,data_raw/uc3m/train/01011.jpg,AD-702**SH,same,assumed_compatible_text,True
data_raw/uc3m/test/01026.jpg,AD-37*5C*Y,data_raw/uc3m/test/01150.jpg,AD-374**SY,same,assumed_compatible_text,False
data_raw/uc3m/test/01043.jpg,AD-399*DV*,data_raw/uc3m/train/00272.jpg,AD-39*4D*R,same,assumed_compatible_text,True
data_raw/uc3m/test/01043.jpg,AD-399*DV*,data_raw/uc3m/train/00336.jpg,AD-*999*VX,same,assumed_compatible_text,True
data_raw/uc3m/test/01050.jpg,AD-13*7*HT,data_raw/uc3m/train/01049.jpg,AD-13*7*HT,same,assumed_compatible_text,True
data_raw/uc3m/test/01063.jpg,AD-04*4FF*,data_raw/uc3m/train/00693.jpg,AD-*444F*F,same,assumed_compatible_text,True
data_raw/uc3m/test/01065.jpg,AD-904**TP,data_raw/uc3m/test/01512.jpg,AD-90*6B*P,same,assumed_compatible_text,False
data_raw/uc3m/test/01070.jpg,AD-*066G*N,data_raw/uc3m/train/00846.jpg,AD-006*GY*,same,assumed_compatible_text,True
data_raw/uc3m/test/01070.jpg,AD-*066G*N,data_raw/uc3m/train/01200.jpg,AD-00*6*HN,same,assumed_compatible_text,True
data_raw/uc3m/test/01073.jpg,AD-398**FB,data_raw/uc3m/test/01077.jpg,AD-398**FB,same,assumed_compatible_text,False
data_raw/uc3m/test/01073.jpg,AD-398**FB,data_raw/uc3m/train/01098.jpg,AD-398*B*B,same,assumed_compatible_text,True
data_raw/uc3m/test/01077.jpg,AD-398**FB,data_raw/uc3m/train/01098.jpg,AD-398*B*B,same,assumed_compatible_text,True
data_raw/uc3m/test/01077.jpg,AD-55*3*GM,data_raw/uc3m/train/01587.jpg,AD-*593C*M,same,assumed_compatible_text,True
data_raw/uc3m/test/01077.jpg,AD-747*GS*,data_raw/uc3m/train/01074.jpg,AD-747*GS*,same,assumed_compatible_text,True
data_raw/uc3m/test/01082.jpg,AD-4*04GG*,data_raw/uc3m/train/01698.jpg,AD-44*4*GG,same,assumed_compatible_text,True
data_raw/uc3m/test/01083.jpg,AD-588**PD,data_raw/uc3m/train/00402.jpg,AN-58*0FP*,same,assumed_compatible_text,True
data_raw/uc3m/test/01090.jpg,AD-53*4LR*,data_raw/uc3m/train/01325.jpg,AD-535**RW,same,assumed_compatible_text,True
data_raw/uc3m/test/01093.jpg,AD-374**FX,data_raw/uc3m/train/01092.jpg,AD-374**FX,same,assumed_compatible_text,True
data_raw/uc3m/test/01093.jpg,AD-374**FX,data_raw/uc3m/train/01273.jpg,AD-37*2L*X,same,assumed_compatible_text,True
data_raw/uc3m/test/01094.jpg,AD-9*09*SM,data_raw/uc3m/train/01092.jpg,AD-9*09*SM,same,assumed_compatible_text,True
data_raw/uc3m/test/01117.jpg,AD-1*56*CW,data_raw/uc3m/train/01131.jpg,AD-1*56*CW,same,assumed_compatible_text,True
data_raw/uc3m/test/01121.jpg,BD-39*8J*T,data_raw/uc3m/test/01339.jpg,AD-*988JZ*,same,assumed_compatible_text,False
data_raw/uc3m/test/01121.jpg,BD-39*8J*T,data_raw/uc3m/train/01670.jpg,AD-394**RT,same,assumed_compatible_text,True
data_raw/uc3m/test/01121.jpg,BD-39*8J*T,data_raw/uc3m/train/01909.jpg,AD-398**CT,same,assumed_compatible_text,True
data_raw/uc3m/test/01127.jpg,AD-42*2*TV,data_raw/uc3m/train/00456.jpg,AN-423*CT*,same,assumed_compatible_text,True
data_raw/uc3m/test/01127.jpg,AD-42*2*TV,data_raw/uc3m/train/01114.jpg,AD-42*2*TV,same,assumed_compatible_text,True
data_raw/uc3m/test/01128.jpg,AD-4*09DR*,data_raw/uc3m/test/01517.jpg,AD-49*9*RK,same,assumed_compatible_text,False
data_raw/uc3m/test/01128.jpg,AD-4*09DR*,data_raw/uc3m/train/00641.jpg,AD-40*9D*S,same,assumed_compatible_text,True
data_raw/uc3m/test/01128.jpg,AD-4*09DR*,data_raw/uc3m/train/00642.jpg,AD-40*9D*S,same,assumed_compatible_text,True
data_raw/uc3m/test/01134.jpg,AD-0*61B*S,data_raw/uc3m/train/01067.jpg,AD-056*BW*,same,assumed_compatible_text,True
data_raw/uc3m/test/01134.jpg,AD-0*61B*S,data_raw/uc3m/train/01786.jpg,AD-00*1BN*,same,assumed_compatible_text,True
data_raw/uc3m/test/01138.jpg,AD-73*0*VP,data_raw/uc3m/train/00170.jpg,AD-*300LV*,same,assumed_compatible_text,True
data_raw/uc3m/test/01142.jpg,AD-187**RN,data_raw/uc3m/train/01145.jpg,AD-187**RN,same,assumed_compatible_text,True
data_raw/uc3m/test/01146.jpg,AD-5*10J*K,data_raw/uc3m/train/01143.jpg,AD-5*10J*K,same,assumed_compatible_text,True
data_raw/uc3m/test/01150.jpg,AD-374**SY,data_raw/uc3m/test/01267.jpg,AD-37*1BS*,same,assumed_compatible_text,False
data_raw/uc3m/test/01151.jpg,AD-88*5*VV,data_raw/uc3m/test/01341.jpg,AD-*815JV*,same,assumed_compatible_text,False
data_raw/uc3m/test/01153.jpg,AD-859**CM,data_raw/uc3m/train/01587.jpg,AD-*593C*M,same,assumed_compatible_text,True
data_raw/uc3m/test/01153.jpg,AD-859**CM,data_raw/uc3m/train/01937.jpg,BD-85*4K*M,same,assumed_compatible_text,True
data_raw/uc3m/test/01154.jpg,AD-10*6H*F,data_raw/uc3m/train/01446.jpg,AD-*026HZ*,same,assumed_compatible_text,True
data_raw/uc3m/test/01172.jpg,AD-44*9KY*,data_raw/uc3m/train/00267.jpg,AD-449*KY*,same,assumed_compatible_text,True
data_raw/uc3m/test/01172.jpg,AD-44*9KY*,data_raw/uc3m/train/01169.jpg,AD-44*9KY*,same,assumed_compatible_text,True
data_raw/uc3m/test/01172.jpg,AD-44*9KY*,data_raw/uc3m/train/01171.jpg,AD-44*9KY*,same,assumed_compatible_text,True
data_raw/uc3m/test/01172.jpg,AD-5*00*PZ,data_raw/uc3m/train/00402.jpg,AN-58*0FP*,same,assumed_compatible_text,True
data_raw/uc3m/test/01172.jpg,AD-5*00*PZ,data_raw/uc3m/train/01171.jpg,AD-5*00*PZ,same,assumed_compatible_text,True
data_raw/uc3m/test/01191.jpg,AD-*322K*Y,data_raw/uc3m/train/00365.jpg,AD-532**YY,same,assumed_compatible_text,True
data_raw/uc3m/test/01191.jpg,AD-*322K*Y,data_raw/uc3m/train/01190.jpg,AD-*322K*Y,same,assumed_compatible_text,True
data_raw/uc3m/test/01191.jpg,AD-*322K*Y,data_raw/uc3m/train/01723.jpg,AD-3*22KS*,same,assumed_compatible_text,True
data_raw/uc3m/test/01191.jpg,AD-16*5J*B,data_raw/uc3m/test/01843.jpg,AD-1*35JX*,same,assumed_compatible_text,False
data_raw/uc3m/test/01191.jpg,AD-16*5J*B,data_raw/uc3m/train/01190.jpg,AD-16*5J*B,same,assumed_compatible_text,True
data_raw/uc3m/test/01191.jpg,AD-16*5J*B,data_raw/uc3m/train/01733.jpg,AD-1*25JY*,same,assumed_compatible_text,True
data_raw/uc3m/test/01209.jpg,AD-2*01*HV,data_raw/uc3m/train/01354.jpg,AD-220*L*V,same,assumed_compatible_text,True
data_raw/uc3m/test/01214.jpg,AD-229*LR*,data_raw/uc3m/train/01246.jpg,AD-22*5L*S,same,assumed_compatible_text,True
data_raw/uc3m/test/01214.jpg,AD-229*LR*,data_raw/uc3m/train/01603.jpg,AD-22*2*RW,same,assumed_compatible_text,True
data_raw/uc3m/test/01237.jpg,AD-78*6KS*,data_raw/uc3m/train/00176.jpg,AD-*876K*X,same,assumed_compatible_text,True
data_raw/uc3m/test/01237.jpg,AD-78*6KS*,data_raw/uc3m/train/00607.jpg,AD-*876K*X,same,assumed_compatible_text,True
data_raw/uc3m/test/01237.jpg,AD-78*6KS*,data_raw/uc3m/train/01238.jpg,AD-78*6KS*,same,assumed_compatible_text,True
data_raw/uc3m/test/01260.jpg,AD-8*58*TH,data_raw/uc3m/train/01061.jpg,AD-*458J*H,same,assumed_compatible_text,True
data_raw/uc3m/test/01271.jpg,AD-235*JZ*,data_raw/uc3m/train/00483.jpg,AN-23*2*ZS,same,assumed_compatible_text,True
data_raw/uc3m/test/01276.jpg,AD-2*25BS*,data_raw/uc3m/train/01536.jpg,AD-252**SV,same,assumed_compatible_text,True
data_raw/uc3m/test/01276.jpg,AD-2*25BS*,data_raw/uc3m/train/01572.jpg,AD-27*5*SY,same,assumed_compatible_text,True
data_raw/uc3m/test/01276.jpg,AD-2*25BS*,data_raw/uc3m/train/01673.jpg,AD-*025B*M,same,assumed_compatible_text,True
data_raw/uc3m/test/01276.jpg,AD-2*25BS*,data_raw/uc3m/train/01810.jpg,AD-292**SS,same,assumed_compatible_text,True
data_raw/uc3m/test/01307.jpg,AD-17*9KS*,data_raw/uc3m/train/00195.jpg,AD-173**SM,same,assumed_compatible_text,True
data_raw/uc3m/test/01319.jpg,AD-74*9*DT,data_raw/uc3m/train/00791.jpg,AD-740*C*T,same,assumed_compatible_text,True
data_raw/uc3m/test/01319.jpg,AD-74*9*DT,data_raw/uc3m/train/01676.jpg,AD-74*9*DT,same,assumed_compatible_text,True
data_raw/uc3m/test/01322.jpg,AD-27*2*CS,data_raw/uc3m/train/01320.jpg,AD-27*2*CS,same,assumed_compatible_text,True
data_raw/uc3m/test/01341.jpg,AD-*815JV*,data_raw/uc3m/train/01129.jpg,AD-8*15*VY,same,assumed_compatible_text,True
data_raw/uc3m/test/01379.jpg,AD-264**DT,data_raw/uc3m/train/01378.jpg,AD-264**DT,same,assumed_compatible_text,True
data_raw/uc3m/test/01379.jpg,AD-264**DT,data_raw/uc3m/train/01380.jpg,AD-264**DT,same,assumed_compatible_text,True
data_raw/uc3m/test/01379.jpg,AD-264**DT,data_raw/uc3m/train/01381.jpg,AD-264**DT,same,assumed_compatible_text,True
data_raw/uc3m/test/01404.jpg,AD-59*8GC*,data_raw/uc3m/train/01006.jpg,AD-594**CK,same,assumed_compatible_text,True
data_raw/uc3m/test/01414.jpg,AD-11*6L*X,data_raw/uc3m/test/01500.jpg,AD-118*LN*,same,assumed_compatible_text,False
data_raw/uc3m/test/01414.jpg,AD-11*6L*X,data_raw/uc3m/train/00634.jpg,AD-111**CX,same,assumed_compatible_text,True
data_raw/uc3m/test/01414.jpg,AD-11*6L*X,data_raw/uc3m/train/00860.jpg,AD-115*LP*,same,assumed_compatible_text,True
data_raw/uc3m/test/01414.jpg,AD-11*6L*X,data_raw/uc3m/train/01415.jpg,AD-11*6L*X,same,assumed_compatible_text,True
data_raw/uc3m/test/01414.jpg,AD-11*6L*X,data_raw/uc3m/train/01416.jpg,AD-115**XX,same,assumed_compatible_text,True
data_raw/uc3m/test/01414.jpg,AD-11*6L*X,data_raw/uc3m/train/01497.jpg,AD-118*LN*,same,assumed_compatible_text,True
data_raw/uc3m/test/01414.jpg,AD-11*6L*X,data_raw/uc3m/train/01498.jpg,AD-118*LN*,same,assumed_compatible_text,True
data_raw/uc3m/test/01414.jpg,AD-11*6L*X,data_raw/uc3m/train/01499.jpg,AD-118*LN*,same,assumed_compatible_text,True
data_raw/uc3m/test/01414.jpg,AD-11*6L*X,data_raw/uc3m/train/01501.jpg,AD-118*LN*,same,assumed_compatible_text,True
data_raw/uc3m/test/01414.jpg,AD-11*6L*X,data_raw/uc3m/train/01811.jpg,AD-1*76*MX,same,assumed_compatible_text,True
data_raw/uc3m/test/01417.jpg,AD-119**HD,data_raw/uc3m/train/01828.jpg,AD-11*3JH*,same,assumed_compatible_text,True
data_raw/uc3m/test/01425.jpg,AD-237*KS*,data_raw/uc3m/train/00770.jpg,AD-2*78*SV,same,assumed_compatible_text,True
data_raw/uc3m/test/01437.jpg,AD-*135*ZP,data_raw/uc3m/train/01689.jpg,AD-3*35JZ*,same,assumed_compatible_text,True
data_raw/uc3m/test/01439.jpg,AD-29*7*GK,data_raw/uc3m/train/01440.jpg,AD-29*7*GK,same,assumed_compatible_text,True
data_raw/uc3m/test/01457.jpg,AD-07*2*FN,data_raw/uc3m/test/01508.jpg,AD-07*2*FN,same,assumed_compatible_text,False
data_raw/uc3m/test/01460.jpg,AD-130*L*R,data_raw/uc3m/train/00170.jpg,AD-*300LV*,same,assumed_compatible_text,True
data_raw/uc3m/test/01460.jpg,AD-130*L*R,data_raw/uc3m/train/01697.jpg,AD-1*06*GR,same,assumed_compatible_text,True
data_raw/uc3m/test/01461.jpg,AD-*881L*Y,data_raw/uc3m/train/00013.jpg,BN-68*1LT*,same,assumed_compatible_text,True
data_raw/uc3m/test/01461.jpg,AD-*881L*Y,data_raw/uc3m/train/00381.jpg,AN-0*81LP*,same,assumed_compatible_text,True
data_raw/uc3m/test/01461.jpg,AD-*881L*Y,data_raw/uc3m/train/01462.jpg,AD-*881L*Y,same,assumed_compatible_text,True
data_raw/uc3m/test/01461.jpg,AD-*881L*Y,data_raw/uc3m/train/01463.jpg,AD-*881L*Y,same,assumed_compatible_text,True
data_raw/uc3m/test/01461.jpg,AD-*881L*Y,data_raw/uc3m/train/01464.jpg,AD-*881L*Y,same,assumed_compatible_text,True
data_raw/uc3m/test/01487.jpg,AD-*544*PT,data_raw/uc3m/train/01120.jpg,AD-25*4JP*,same,assumed_compatible_text,True
data_raw/uc3m/test/01489.jpg,AD-839**PY,data_raw/uc3m/train/01358.jpg,AD-*395*PY,same,assumed_compatible_text,True
data_raw/uc3m/test/01494.jpg,AD-67*1*MP,data_raw/uc3m/train/00911.jpg,AD-67*1K*P,same,assumed_compatible_text,True
data_raw/uc3m/test/01495.jpg,AD-M28*6Z*,data_raw/uc3m/train/01496.jpg,AD-M28*6Z*,same,assumed_compatible_text,True
data_raw/uc3m/test/01500.jpg,AD-118*LN*,data_raw/uc3m/train/01415.jpg,AD-11*6L*X,same,assumed_compatible_text,True
data_raw/uc3m/test/01500.jpg,AD-118*LN*,data_raw/uc3m/train/01497.jpg,AD-118*LN*,same,assumed_compatible_text,True
data_raw/uc3m/test/01500.jpg,AD-118*LN*,data_raw/uc3m/train/01498.jpg,AD-118*LN*,same,assumed_compatible_text,True
data_raw/uc3m/test/01500.jpg,AD-118*LN*,data_raw/uc3m/train/01499.jpg,AD-118*LN*,same,assumed_compatible_text,True
data_raw/uc3m/test/01500.jpg,AD-118*LN*,data_raw/uc3m/train/01501.jpg,AD-118*LN*,same,assumed_compatible_text,True
data_raw/uc3m/test/01513.jpg,AD-783**PT,data_raw/uc3m/train/00713.jpg,AD-78*2*PT,same,assumed_compatible_text,True
data_raw/uc3m/test/01515.jpg,AD-543*FZ*,data_raw/uc3m/train/00539.jpg,AN-54*2F*D,same,assumed_compatible_text,True
data_raw/uc3m/test/01519.jpg,AD-050**DT,data_raw/uc3m/train/01499.jpg,AD-050**DT,same,assumed_compatible_text,True
data_raw/uc3m/test/01525.jpg,AD-98*1*RR,data_raw/uc3m/train/01760.jpg,AD-988*DR*,same,assumed_compatible_text,True
data_raw/uc3m/test/01531.jpg,AD-265*JV*,data_raw/uc3m/train/01757.jpg,AD-2*50*VT,same,assumed_compatible_text,True
data_raw/uc3m/test/01544.jpg,AD-8*77*BC,data_raw/uc3m/train/01545.jpg,AD-8*77*BC,same,assumed_compatible_text,True
data_raw/uc3m/test/01544.jpg,AD-92*9HY*,data_raw/uc3m/train/01543.jpg,AD-92*9HY*,same,assumed_compatible_text,True
data_raw/uc3m/test/01544.jpg,AD-M*795X*,data_raw/uc3m/train/01542.jpg,AD-M*795X*,same,assumed_compatible_text,True
data_raw/uc3m/test/01544.jpg,AD-M*795X*,data_raw/uc3m/train/01543.jpg,AD-M*795X*,same,assumed_compatible_text,True
data_raw/uc3m/test/01546.jpg,AD-694**XM,data_raw/uc3m/test/01547.jpg,AD-694**XM,same,assumed_compatible_text,False
data_raw/uc3m/test/01565.jpg,AD-08*6B*S,data_raw/uc3m/train/01464.jpg,AD-08*6B*S,same,assumed_compatible_text,True
data_raw/uc3m/test/01569.jpg,AD-052*D*W,data_raw/uc3m/train/01255.jpg,AD-05*6DZ*,same,assumed_compatible_text,True
data_raw/uc3m/test/01569.jpg,AD-052*D*W,data_raw/uc3m/train/01256.jpg,AD-05*6DZ*,same,assumed_compatible_text,True
data_raw/uc3m/test/01574.jpg,AD-41*5L*M,data_raw/uc3m/train/01435.jpg,AD-416**GM,same,assumed_compatible_text,True
data_raw/uc3m/test/01576.jpg,AD-M496**T,data_raw/uc3m/train/00209.jpg,AD-*496*WT,same,assumed_compatible_text,True
data_raw/uc3m/test/01582.jpg,AD-678**TP,data_raw/uc3m/train/00911.jpg,AD-67*1K*P,same,assumed_compatible_text,True
data_raw/uc3m/test/01595.jpg,AD-*220DP*,data_raw/uc3m/test/01761.jpg,AD-*220DP*,same,assumed_compatible_text,False
data_raw/uc3m/test/01595.jpg,AD-*220DP*,data_raw/uc3m/train/00260.jpg,AD-3*20D*D,same,assumed_compatible_text,True
data_raw/uc3m/test/01596.jpg,AD-52*5*JR,data_raw/uc3m/train/00261.jpg,AD-524*F*R,same,assumed_compatible_text,True
data_raw/uc3m/test/01597.jpg,AD-9*15D*B,data_raw/uc3m/test/01685.jpg,AD-99*5*CB,same,assumed_compatible_text,False
data_raw/uc3m/test/01597.jpg,AD-9*15D*B,data_raw/uc3m/train/01019.jpg,AD-911*DZ*,same,assumed_compatible_text,True
data_raw/uc3m/test/01597.jpg,AD-9*15D*B,data_raw/uc3m/train/01467.jpg,AD-941**BB,same,assumed_compatible_text,True
data_raw/uc3m/test/01626.jpg,AD-3*95*BB,data_raw/uc3m/train/01958.jpg,AD-339*DB*,same,assumed_compatible_text,True
data_raw/uc3m/test/01626.jpg,AD-53*3C*M,data_raw/uc3m/train/01627.jpg,AN-53*3C*M,same,assumed_compatible_text,True
data_raw/uc3m/test/01629.jpg,AD-005*DN*,data_raw/uc3m/train/01072.jpg,AD-0*57D*T,same,assumed_compatible_text,True
data_raw/uc3m/test/01629.jpg,AD-005*DN*,data_raw/uc3m/train/01195.jpg,AD-00*2*NB,same,assumed_compatible_text,True
data_raw/uc3m/test/01629.jpg,AD-005*DN*,data_raw/uc3m/train/01287.jpg,AD-*056*NB,same,assumed_compatible_text,True
data_raw/uc3m/test/01638.jpg,AD-9*59*SZ,data_raw/uc3m/train/01540.jpg,AD-9*59*SZ,same,assumed_compatible_text,True
data_raw/uc3m/test/01648.jpg,AD-576**BY,data_raw/uc3m/train/00102.jpg,AD-*769F*Y,same,assumed_compatible_text,True
data_raw/uc3m/test/01651.jpg,AD-266*J*Y,data_raw/uc3m/train/00984.jpg,AD-2*68*PY,same,assumed_compatible_text,True
data_raw/uc3m/test/01653.jpg,AD-37*3*TD,data_raw/uc3m/train/01125.jpg,AD-37*3LT*,same,assumed_compatible_text,True
data_raw/uc3m/test/01665.jpg,AD-048**PJ,data_raw/uc3m/train/00381.jpg,AN-0*81LP*,same,assumed_compatible_text,True
data_raw/uc3m/test/01665.jpg,AD-048**PJ,data_raw/uc3m/train/01613.jpg,AD-04*4GP*,same,assumed_compatible_text,True
data_raw/uc3m/test/01665.jpg,AD-048**PJ,data_raw/uc3m/train/01614.jpg,AD-04*4GP*,same,assumed_compatible_text,True
data_raw/uc3m/test/01667.jpg,AD-146*L*J,data_raw/uc3m/train/00364.jpg,AD-14*5LJ*,same,assumed_compatible_text,True
data_raw/uc3m/test/01669.jpg,AD-82*6*BW,data_raw/uc3m/train/01397.jpg,AD-828**BW,same,assumed_compatible_text,True
data_raw/uc3m/test/01680.jpg,AD-976*JY*,data_raw/uc3m/train/01058.jpg,AD-*762J*G,same,assumed_compatible_text,True
data_raw/uc3m/test/01684.jpg,AD-0*51*FN,data_raw/uc3m/train/00355.jpg,AN-*551G*N,same,assumed_compatible_text,True
data_raw/uc3m/test/01719.jpg,AD-218*GY*,data_raw/uc3m/train/01681.jpg,AD-218*G*V,same,assumed_compatible_text,True
data_raw/uc3m/test/01736.jpg,AD-729*JM*,data_raw/uc3m/train/00984.jpg,AD-729*JM*,same,assumed_compatible_text,True
data_raw/uc3m/test/01740.jpg,AD-2*04*SV,data_raw/uc3m/train/01354.jpg,AD-220*L*V,same,assumed_compatible_text,True
data_raw/uc3m/test/01748.jpg,AD-*216*KM,data_raw/uc3m/train/01027.jpg,AD-721*H*M,same,assumed_compatible_text,True
data_raw/uc3m/test/01748.jpg,AD-*216*KM,data_raw/uc3m/train/01028.jpg,AD-721*H*M,same,assumed_compatible_text,True
data_raw/uc3m/test/01761.jpg,AD-*220DP*,data_raw/uc3m/train/00260.jpg,AD-3*20D*D,same,assumed_compatible_text,True
data_raw/uc3m/test/01796.jpg,AD-71*9GH*,data_raw/uc3m/train/01173.jpg,AD-710**HJ,same,assumed_compatible_text,True
data_raw/uc3m/test/01803.jpg,AD-2*06H*Z,data_raw/uc3m/train/00768.jpg,AD-220**MZ,same,assumed_compatible_text,True
data_raw/uc3m/test/01803.jpg,AD-2*06H*Z,data_raw/uc3m/train/00769.jpg,AD-220**MZ,same,assumed_compatible_text,True
data_raw/uc3m/test/01803.jpg,AD-2*06H*Z,data_raw/uc3m/train/01819.jpg,AD-2*06H*Z,same,assumed_compatible_text,True
data_raw/uc3m/test/01809.jpg,AD-3*08LP*,data_raw/uc3m/train/01079.jpg,AD-36*8*PX,same,assumed_compatible_text,True
data_raw/uc3m/test/01809.jpg,AD-3*08LP*,data_raw/uc3m/train/01925.jpg,AD-38*8*PF,same,assumed_compatible_text,True
data_raw/uc3m/test/01821.jpg,AD-367**XP,data_raw/uc3m/train/01591.jpg,AD-36*3JX*,same,assumed_compatible_text,True
data_raw/uc3m/test/01821.jpg,AD-367**XP,data_raw/uc3m/train/01630.jpg,AD-3*77KX*,same,assumed_compatible_text,True
data_raw/uc3m/test/01821.jpg,AD-367**XP,data_raw/uc3m/train/01820.jpg,AD-367**XP,same,assumed_compatible_text,True
data_raw/uc3m/test/01829.jpg,AD-*214*YY,data_raw/uc3m/train/00521.jpg,AN-82*4GY*,same,assumed_compatible_text,True
data_raw/uc3m/test/01829.jpg,AD-*214*YY,data_raw/uc3m/train/01828.jpg,AD-*214*YY,same,assumed_compatible_text,True
data_raw/uc3m/test/01829.jpg,AD-2*20*HH,data_raw/uc3m/train/01828.jpg,AD-2*20*HH,same,assumed_compatible_text,True
data_raw/uc3m/test/01829.jpg,AD-2*20*HH,data_raw/uc3m/train/01830.jpg,AD-2*20*HH,same,assumed_compatible_text,True
data_raw/uc3m/test/01831.jpg,AD-73*6*HH,data_raw/uc3m/test/01832.jpg,AD-73*6*HH,same,assumed_compatible_text,False
data_raw/uc3m/test/01831.jpg,AD-73*6*HH,data_raw/uc3m/train/00252.jpg,AD-7*36DH*,same,assumed_compatible_text,True
data_raw/uc3m/test/01832.jpg,AD-19*8D*S,data_raw/uc3m/train/00558.jpg,AD-*958DD*,same,assumed_compatible_text,True
data_raw/uc3m/test/01832.jpg,AD-19*8D*S,data_raw/uc3m/train/00885.jpg,AD-194**SS,same,assumed_compatible_text,True
data_raw/uc3m/test/01832.jpg,AD-19*8D*S,data_raw/uc3m/train/01833.jpg,AD-19*8D*S,same,assumed_compatible_text,True
data_raw/uc3m/test/01832.jpg,AD-19*8D*S,data_raw/uc3m/train/01854.jpg,AD-196**ZS,same,assumed_compatible_text,True
data_raw/uc3m/test/01832.jpg,AD-73*6*HH,data_raw/uc3m/train/00252.jpg,AD-7*36DH*,same,assumed_compatible_text,True
data_raw/uc3m/test/01841.jpg,AD-676*JX*,data_raw/uc3m/train/00962.jpg,AN-67*5J*S,same,assumed_compatible_text,True
data_raw/uc3m/test/01841.jpg,AD-676*JX*,data_raw/uc3m/train/01058.jpg,AD-*762J*G,same,assumed_compatible_text,True
data_raw/uc3m/test/01843.jpg,AD-1*35JX*,data_raw/uc3m/train/01190.jpg,AD-16*5J*B,same,assumed_compatible_text,True
data_raw/uc3m/test/01844.jpg,AD-44*9GW*,data_raw/uc3m/train/00096.jpg,AD-441**WN,same,assumed_compatible_text,True
data_raw/uc3m/test/01844.jpg,AD-44*9GW*,data_raw/uc3m/train/00177.jpg,AD-445**WR,same,assumed_compatible_text,True
data_raw/uc3m/test/01844.jpg,AD-44*9GW*,data_raw/uc3m/train/00627.jpg,AD-445**WR,same,assumed_compatible_text,True
data_raw/uc3m/test/01844.jpg,AD-44*9GW*,data_raw/uc3m/train/00628.jpg,AD-445**WR,same,assumed_compatible_text,True
data_raw/uc3m/test/01849.jpg,AD-04*6*MT,data_raw/uc3m/train/00987.jpg,AD-04*6*MT,same,assumed_compatible_text,True
data_raw/uc3m/test/01849.jpg,AD-04*6*MT,data_raw/uc3m/train/01935.jpg,AD-*466CM*,same,assumed_compatible_text,True
data_raw/uc3m/test/01856.jpg,AD-1*75KN*,data_raw/uc3m/train/00522.jpg,AN-*575K*P,same,assumed_compatible_text,True
data_raw/uc3m/test/01858.jpg,AD-37*4D*F,data_raw/uc3m/train/00253.jpg,AD-3*04DL*,same,assumed_compatible_text,True
data_raw/uc3m/test/01858.jpg,AD-37*4D*F,data_raw/uc3m/train/00254.jpg,AD-3*04DL*,same,assumed_compatible_text,True
data_raw/uc3m/test/01858.jpg,AD-37*4D*F,data_raw/uc3m/train/00255.jpg,AD-3*04DL*,same,assumed_compatible_text,True
data_raw/uc3m/test/01862.jpg,AD-208*BY*,data_raw/uc3m/train/00100.jpg,AD-2*85B*R,same,assumed_compatible_text,True
data_raw/uc3m/test/01862.jpg,AD-208*BY*,data_raw/uc3m/train/00673.jpg,AD-*088BY*,same,assumed_compatible_text,True
data_raw/uc3m/test/01862.jpg,AD-208*BY*,data_raw/uc3m/train/00674.jpg,AD-*088BY*,same,assumed_compatible_text,True
data_raw/uc3m/test/01896.jpg,AD-817**KY,data_raw/uc3m/train/01041.jpg,AD-81*0C*Y,same,assumed_compatible_text,True
data_raw/uc3m/test/01898.jpg,AD-43*9JN*,data_raw/uc3m/train/00030.jpg,AD-433**NP,same,assumed_compatible_text,True
data_raw/uc3m/test/01902.jpg,AD-M66*8*S,data_raw/uc3m/train/00651.jpg,AD-M6*18P*,same,assumed_compatible_text,True
data_raw/uc3m/test/01910.jpg,AD-8*55JY*,data_raw/uc3m/train/01717.jpg,AN-*555J*N,same,assumed_compatible_text,True
data_raw/uc3m/test/01921.jpg,AD-401*DW*,data_raw/uc3m/train/00641.jpg,AD-40*9D*S,same,assumed_compatible_text,True
data_raw/uc3m/test/01921.jpg,AD-401*DW*,data_raw/uc3m/train/00642.jpg,AD-40*9D*S,same,assumed_compatible_text,True
data_raw/uc3m/test/01932.jpg,AD-4*63*PN,data_raw/uc3m/train/01455.jpg,AD-45*3HP*,same,assumed_compatible_text,True
data_raw/uc3m/test/01932.jpg,AD-4*63*PN,data_raw/uc3m/train/01503.jpg,AD-45*3HP*,same,assumed_compatible_text,True
data_raw/uc3m/test/01963.jpg,AD-*968D*X,data_raw/uc3m/train/00815.jpg,BD-99*8*PX,same,assumed_compatible_text,True
data_raw/uc3m/train/00003.jpg,AN-874**HP,data_raw/uc3m/train/00005.jpg,AN-874**HP,same,assumed_compatible_text,False
data_raw/uc3m/train/00003.jpg,AN-874**HP,data_raw/uc3m/train/01722.jpg,AD-87*0D*P,same,assumed_compatible_text,False
data_raw/uc3m/train/00003.jpg,DN-01*3*TD,data_raw/uc3m/train/00004.jpg,DN-01*3*TD,same,assumed_compatible_text,False
data_raw/uc3m/train/00005.jpg,AN-874**HP,data_raw/uc3m/train/01722.jpg,AD-87*0D*P,same,assumed_compatible_text,False
data_raw/uc3m/train/00006.jpg,AN-191*LJ*,data_raw/uc3m/train/00007.jpg,AN-191*LJ*,same,assumed_compatible_text,False
data_raw/uc3m/train/00006.jpg,AN-191*LJ*,data_raw/uc3m/train/01751.jpg,AD-19*3L*M,same,assumed_compatible_text,False
data_raw/uc3m/train/00006.jpg,AN-3*24*HW,data_raw/uc3m/train/00008.jpg,AN-3*24*HW,same,assumed_compatible_text,False
data_raw/uc3m/train/00007.jpg,AN-191*LJ*,data_raw/uc3m/train/01751.jpg,AD-19*3L*M,same,assumed_compatible_text,False
data_raw/uc3m/train/00009.jpg,AN-79*2*MS,data_raw/uc3m/train/00820.jpg,AD-7*22CM*,same,assumed_compatible_text,False
data_raw/uc3m/train/00010.jpg,AN-6*14*BM,data_raw/uc3m/train/01679.jpg,AD-67*4FB*,same,assumed_compatible_text,False
data_raw/uc3m/train/00013.jpg,BN-68*1LT*,data_raw/uc3m/train/01059.jpg,AD-6*71*TN,same,assumed_compatible_text,False
data_raw/uc3m/train/00013.jpg,BN-68*1LT*,data_raw/uc3m/train/01462.jpg,AD-*881L*Y,same,assumed_compatible_text,False
data_raw/uc3m/train/00013.jpg,BN-68*1LT*,data_raw/uc3m/train/01463.jpg,AD-*881L*Y,same,assumed_compatible_text,False
data_raw/uc3m/train/00013.jpg,BN-68*1LT*,data_raw/uc3m/train/01464.jpg,AD-*881L*Y,same,assumed_compatible_text,False
data_raw/uc3m/train/00019.jpg,AN-88*0CC*,data_raw/uc3m/train/00582.jpg,AD-88*0*CM,same,assumed_compatible_text,False
data_raw/uc3m/train/00019.jpg,AN-88*0CC*,data_raw/uc3m/train/01431.jpg,AD-887**CT,same,assumed_compatible_text,False
data_raw/uc3m/train/00021.jpg,AN-402*J*P,data_raw/uc3m/train/01211.jpg,AD-4*29*HP,same,assumed_compatible_text,False
data_raw/uc3m/train/00023.jpg,AD-0*54*PX,data_raw/uc3m/train/00985.jpg,AD-03*4DP*,same,assumed_compatible_text,False
data_raw/uc3m/train/00023.jpg,AD-0*54*PX,data_raw/uc3m/train/01613.jpg,AD-04*4GP*,same,assumed_compatible_text,False
data_raw/uc3m/train/00023.jpg,AD-0*54*PX,data_raw/uc3m/train/01614.jpg,AD-04*4GP*,same,assumed_compatible_text,False
data_raw/uc3m/train/00025.jpg,AD-496**TM,data_raw/uc3m/train/00026.jpg,AD-496**TM,same,assumed_compatible_text,False
data_raw/uc3m/train/00026.jpg,AD-24*0JV*,data_raw/uc3m/train/00409.jpg,AN-242*J*D,same,assumed_compatible_text,False
data_raw/uc3m/train/00026.jpg,AD-24*0JV*,data_raw/uc3m/train/00767.jpg,AD-248*J*B,same,assumed_compatible_text,False
data_raw/uc3m/train/00026.jpg,AD-24*0JV*,data_raw/uc3m/train/01757.jpg,AD-2*50*VT,same,assumed_compatible_text,False
data_raw/uc3m/train/00027.jpg,AD-86*7KT*,data_raw/uc3m/train/00604.jpg,AD-8*17*TX,same,assumed_compatible_text,False
data_raw/uc3m/train/00029.jpg,AD-*897JY*,data_raw/uc3m/train/00030.jpg,AD-*897JY*,same,assumed_compatible_text,False
data_raw/uc3m/train/00029.jpg,AD-0*10*LV,data_raw/uc3m/train/00030.jpg,AD-0*10*LV,same,assumed_compatible_text,False
data_raw/uc3m/train/00029.jpg,AD-274**KC,data_raw/uc3m/train/00030.jpg,AD-274**KC,same,assumed_compatible_text,False
data_raw/uc3m/train/00031.jpg,AD-335*L*P,data_raw/uc3m/train/00032.jpg,AD-335*L*P,same,assumed_compatible_text,False
data_raw/uc3m/train/00031.jpg,AD-335*L*P,data_raw/uc3m/train/01302.jpg,AD-33*3LV*,same,assumed_compatible_text,False
data_raw/uc3m/train/00031.jpg,AD-4*83*PB,data_raw/uc3m/train/01455.jpg,AD-45*3HP*,same,assumed_compatible_text,False
data_raw/uc3m/train/00031.jpg,AD-4*83*PB,data_raw/uc3m/train/01503.jpg,AD-45*3HP*,same,assumed_compatible_text,False
data_raw/uc3m/train/00032.jpg,AD-335*L*P,data_raw/uc3m/train/01302.jpg,AD-33*3LV*,same,assumed_compatible_text,False
data_raw/uc3m/train/00034.jpg,AD-948**FC,data_raw/uc3m/train/00524.jpg,AN-94*9F*C,same,assumed_compatible_text,False
data_raw/uc3m/train/00042.jpg,AD-71*1*SW,data_raw/uc3m/train/00821.jpg,DD-*111LS*,same,assumed_compatible_text,False
data_raw/uc3m/train/00042.jpg,AD-71*1*SW,data_raw/uc3m/train/01816.jpg,AD-712*LS*,same,assumed_compatible_text,False
data_raw/uc3m/train/00043.jpg,AD-050*FS*,data_raw/uc3m/train/00084.jpg,AD-*508F*J,same,assumed_compatible_text,False
data_raw/uc3m/train/00043.jpg,AD-050*FS*,data_raw/uc3m/train/01089.jpg,AD-050*F*P,same,assumed_compatible_text,False
data_raw/uc3m/train/00043.jpg,AD-050*FS*,data_raw/uc3m/train/01953.jpg,AD-0*02*SV,same,assumed_compatible_text,False
data_raw/uc3m/train/00044.jpg,AD-550*K*J,data_raw/uc3m/train/00045.jpg,AD-550*K*J,same,assumed_compatible_text,False
data_raw/uc3m/train/00044.jpg,AD-550*K*J,data_raw/uc3m/train/01418.jpg,AD-5*05KX*,same,assumed_compatible_text,False
data_raw/uc3m/train/00044.jpg,AD-550*K*J,data_raw/uc3m/train/01462.jpg,AD-5*05*CJ,same,assumed_compatible_text,False
data_raw/uc3m/train/00045.jpg,AD-550*K*J,data_raw/uc3m/train/01418.jpg,AD-5*05KX*,same,assumed_compatible_text,False
data_raw/uc3m/train/00045.jpg,AD-550*K*J,data_raw/uc3m/train/01462.jpg,AD-5*05*CJ,same,assumed_compatible_text,False
data_raw/uc3m/train/00049.jpg,AD-85*1B*D,data_raw/uc3m/train/00313.jpg,AN-858*BX*,same,assumed_compatible_text,False
data_raw/uc3m/train/00049.jpg,AD-85*1B*D,data_raw/uc3m/train/00359.jpg,AD-856**VD,same,assumed_compatible_text,False
data_raw/uc3m/train/00049.jpg,AD-85*1B*D,data_raw/uc3m/train/00980.jpg,AD-853*BS*,same,assumed_compatible_text,False
data_raw/uc3m/train/00049.jpg,AD-85*1B*D,data_raw/uc3m/train/01913.jpg,AD-8*41BB*,same,assumed_compatible_text,False
data_raw/uc3m/train/00050.jpg,AD-0*04*YN,data_raw/uc3m/train/01278.jpg,AD-09*4JY*,same,assumed_compatible_text,False
data_raw/uc3m/train/00050.jpg,AD-0*04*YN,data_raw/uc3m/train/01874.jpg,AD-0*04*YN,same,assumed_compatible_text,False
data_raw/uc3m/train/00051.jpg,AD-387**BG,data_raw/uc3m/train/01875.jpg,AD-387**BG,same,assumed_compatible_text,False
data_raw/uc3m/train/00052.jpg,AD-19*3*RZ,data_raw/uc3m/train/01126.jpg,DD-191*LR*,same,assumed_compatible_text,False
data_raw/uc3m/train/00053.jpg,AD-15*8*CJ,data_raw/uc3m/train/00084.jpg,AD-*508F*J,same,assumed_compatible_text,False
data_raw/uc3m/train/00053.jpg,AD-27*1K*K,data_raw/uc3m/train/00262.jpg,AD-276*KW*,same,assumed_compatible_text,False
data_raw/uc3m/train/00053.jpg,AD-27*1K*K,data_raw/uc3m/train/00546.jpg,AD-275*KW*,same,assumed_compatible_text,False
data_raw/uc3m/train/00054.jpg,AD-6*41C*R,data_raw/uc3m/train/00354.jpg,AN-69*1*SR,same,assumed_compatible_text,False
data_raw/uc3m/train/00054.jpg,AD-6*41C*R,data_raw/uc3m/train/00446.jpg,AN-68*1*WR,same,assumed_compatible_text,False
data_raw/uc3m/train/00055.jpg,AD-7*74FD*,data_raw/uc3m/train/00956.jpg,AD-727**DF,same,assumed_compatible_text,False
data_raw/uc3m/train/00055.jpg,AD-7*74FD*,data_raw/uc3m/train/00973.jpg,AD-777*F*B,same,assumed_compatible_text,False
data_raw/uc3m/train/00055.jpg,AD-7*74FD*,data_raw/uc3m/train/00974.jpg,AD-777*F*B,same,assumed_compatible_text,False
data_raw/uc3m/train/00056.jpg,AD-96*1*MV,data_raw/uc3m/train/01521.jpg,AD-966*GM*,same,assumed_compatible_text,False
data_raw/uc3m/train/00057.jpg,AD-44*1*XZ,data_raw/uc3m/train/00250.jpg,AD-4*41FX*,same,assumed_compatible_text,False
data_raw/uc3m/train/00058.jpg,AD-92*2*ST,data_raw/uc3m/train/00060.jpg,AD-927*FS*,same,assumed_compatible_text,False
data_raw/uc3m/train/00065.jpg,AD-55*5*XV,data_raw/uc3m/train/01418.jpg,AD-5*05KX*,same,assumed_compatible_text,False
data_raw/uc3m/train/00069.jpg,AD-*343*SS,data_raw/uc3m/train/01623.jpg,AD-4*43L*S,same,assumed_compatible_text,False
data_raw/uc3m/train/00069.jpg,AD-*343*SS,data_raw/uc3m/train/01624.jpg,AD-4*43L*S,same,assumed_compatible_text,False
data_raw/uc3m/train/00079.jpg,AD-098**WY,data_raw/uc3m/train/01917.jpg,AD-098**WY,same,assumed_compatible_text,False
data_raw/uc3m/train/00079.jpg,AD-1*25*RM,data_raw/uc3m/train/01673.jpg,AD-*025B*M,same,assumed_compatible_text,False
data_raw/uc3m/train/00082.jpg,AD-48*0*NZ,data_raw/uc3m/train/00127.jpg,AD-48*0*NZ,same,assumed_compatible_text,False
data_raw/uc3m/train/00082.jpg,AD-48*0*NZ,data_raw/uc3m/train/00415.jpg,AN-48*0*NZ,same,assumed_compatible_text,False
data_raw/uc3m/train/00083.jpg,AD-*058C*P,data_raw/uc3m/train/00265.jpg,AD-305**VP,same,assumed_compatible_text,False
data_raw/uc3m/train/00083.jpg,AD-*058C*P,data_raw/uc3m/train/00294.jpg,AD-305**VP,same,assumed_compatible_text,False
data_raw/uc3m/train/00083.jpg,AD-*058C*P,data_raw/uc3m/train/00433.jpg,AN-1*58*DP,same,assumed_compatible_text,False
data_raw/uc3m/train/00085.jpg,AD-879**BG,data_raw/uc3m/train/01931.jpg,AD-879**BG,same,assumed_compatible_text,False
data_raw/uc3m/train/00086.jpg,AD-25*2GX*,data_raw/uc3m/train/00835.jpg,AD-251**XM,same,assumed_compatible_text,False
data_raw/uc3m/train/00086.jpg,AD-676*L*M,data_raw/uc3m/train/00087.jpg,AD-676*L*M,same,assumed_compatible_text,False
data_raw/uc3m/train/00086.jpg,AD-676*L*M,data_raw/uc3m/train/00130.jpg,AD-676*L*M,same,assumed_compatible_text,False
data_raw/uc3m/train/00086.jpg,AD-676*L*M,data_raw/uc3m/train/01258.jpg,AD-*760*NM,same,assumed_compatible_text,False
data_raw/uc3m/train/00086.jpg,AD-676*L*M,data_raw/uc3m/train/01923.jpg,AD-676*L*M,same,assumed_compatible_text,False
data_raw/uc3m/train/00087.jpg,AD-676*L*M,data_raw/uc3m/train/00130.jpg,AD-676*L*M,same,assumed_compatible_text,False
data_raw/uc3m/train/00087.jpg,AD-676*L*M,data_raw/uc3m/train/01258.jpg,AD-*760*NM,same,assumed_compatible_text,False
data_raw/uc3m/train/00087.jpg,AD-676*L*M,data_raw/uc3m/train/01923.jpg,AD-676*L*M,same,assumed_compatible_text,False
data_raw/uc3m/train/00088.jpg,AD-988**RG,data_raw/uc3m/train/01760.jpg,AD-988*DR*,same,assumed_compatible_text,False
data_raw/uc3m/train/00092.jpg,AD-0*66*RF,data_raw/uc3m/train/00131.jpg,AD-0*66*RF,same,assumed_compatible_text,False
data_raw/uc3m/train/00092.jpg,AD-0*66*RF,data_raw/uc3m/train/00283.jpg,AD-0*66HR*,same,assumed_compatible_text,False
data_raw/uc3m/train/00092.jpg,AD-0*66*RF,data_raw/uc3m/train/00545.jpg,AD-036*DR*,same,assumed_compatible_text,False
data_raw/uc3m/train/00092.jpg,AD-0*66*RF,data_raw/uc3m/train/01640.jpg,AD-09*6LR*,same,assumed_compatible_text,False
data_raw/uc3m/train/00092.jpg,AD-22*7*CL,data_raw/uc3m/train/00131.jpg,AD-22*7*CL,same,assumed_compatible_text,False
data_raw/uc3m/train/00092.jpg,AD-22*7*CL,data_raw/uc3m/train/01210.jpg,AD-221*G*L,same,assumed_compatible_text,False
data_raw/uc3m/train/00096.jpg,AD-441**WN,data_raw/uc3m/train/00464.jpg,AN-44*2GW*,same,assumed_compatible_text,False
data_raw/uc3m/train/00097.jpg,AD-67*7*BT,data_raw/uc3m/train/00415.jpg,AN-67*7*BT,same,assumed_compatible_text,False
data_raw/uc3m/train/00097.jpg,AD-67*7*BT,data_raw/uc3m/train/00416.jpg,AN-67*7*BT,same,assumed_compatible_text,False
data_raw/uc3m/train/00098.jpg,AD-*338*TF,data_raw/uc3m/train/00825.jpg,AD-9*38H*F,same,assumed_compatible_text,False
data_raw/uc3m/train/00098.jpg,AD-*338*TF,data_raw/uc3m/train/00828.jpg,AD-9*38H*F,same,assumed_compatible_text,False
data_raw/uc3m/train/00098.jpg,AD-*338*TF,data_raw/uc3m/train/00830.jpg,AD-9*38H*F,same,assumed_compatible_text,False
data_raw/uc3m/train/00100.jpg,AD-2*85B*R,data_raw/uc3m/train/01312.jpg,AD-25*5*DR,same,assumed_compatible_text,False
data_raw/uc3m/train/00101.jpg,AD-2*48F*P,data_raw/uc3m/train/00174.jpg,AD-294**ZP,same,assumed_compatible_text,False
data_raw/uc3m/train/00101.jpg,AD-2*48F*P,data_raw/uc3m/train/00626.jpg,AD-294**ZP,same,assumed_compatible_text,False
data_raw/uc3m/train/00101.jpg,AD-2*48F*P,data_raw/uc3m/train/01855.jpg,AD-244**PP,same,assumed_compatible_text,False
data_raw/uc3m/train/00102.jpg,AD-*769F*Y,data_raw/uc3m/train/00682.jpg,AD-176*FP*,same,assumed_compatible_text,False
data_raw/uc3m/train/00105.jpg,AD-*040*NX,data_raw/uc3m/train/01660.jpg,AD-40*0BN*,same,assumed_compatible_text,False
data_raw/uc3m/train/00109.jpg,AD-*019F*Y,data_raw/uc3m/train/00677.jpg,AD-1*19FM*,same,assumed_compatible_text,False
data_raw/uc3m/train/00109.jpg,AD-*019F*Y,data_raw/uc3m/train/00678.jpg,AD-1*19FM*,same,assumed_compatible_text,False
data_raw/uc3m/train/00109.jpg,AD-314**BW,data_raw/uc3m/train/01926.jpg,AD-31*3*BW,same,assumed_compatible_text,False
data_raw/uc3m/train/00111.jpg,AD-12*5*HT,data_raw/uc3m/train/00112.jpg,AD-12*5*HT,same,assumed_compatible_text,False
data_raw/uc3m/train/00111.jpg,AD-12*5*HT,data_raw/uc3m/train/00259.jpg,AD-129*F*T,same,assumed_compatible_text,False
data_raw/uc3m/train/00111.jpg,AD-22*5G*N,data_raw/uc3m/train/00112.jpg,AD-22*5G*N,same,assumed_compatible_text,False
data_raw/uc3m/train/00112.jpg,AD-12*5*HT,data_raw/uc3m/train/00259.jpg,AD-129*F*T,same,assumed_compatible_text,False
data_raw/uc3m/train/00112.jpg,AD-M*429P*,data_raw/uc3m/train/00114.jpg,AD-M*429P*,same,assumed_compatible_text,False
data_raw/uc3m/train/00113.jpg,AD-116*C*J,data_raw/uc3m/train/00114.jpg,AD-116*C*J,same,assumed_compatible_text,False
data_raw/uc3m/train/00113.jpg,AD-CA*872B*,data_raw/uc3m/train/00417.jpg,AN-CA*872B*,same,assumed_compatible_text,False
data_raw/uc3m/train/00117.jpg,AD-126**NN,data_raw/uc3m/train/00655.jpg,AD-1*60*NN,same,assumed_compatible_text,False
data_raw/uc3m/train/00118.jpg,AD-0*56CZ*,data_raw/uc3m/train/01353.jpg,AD-03*6C*H,same,assumed_compatible_text,False
data_raw/uc3m/train/00124.jpg,AD-43*5C*V,data_raw/uc3m/train/00725.jpg,AN-431*CH*,same,assumed_compatible_text,False
data_raw/uc3m/train/00124.jpg,AD-43*5C*V,data_raw/uc3m/train/01254.jpg,AD-4*95*PV,same,assumed_compatible_text,False
data_raw/uc3m/train/00126.jpg,AD-03*0KZ*,data_raw/uc3m/train/00945.jpg,AN-033**ZM,same,assumed_compatible_text,False
data_raw/uc3m/train/00127.jpg,AD-48*0*NZ,data_raw/uc3m/train/00415.jpg,AN-48*0*NZ,same,assumed_compatible_text,False
data_raw/uc3m/train/00130.jpg,AD-676*L*M,data_raw/uc3m/train/01258.jpg,AD-*760*NM,same,assumed_compatible_text,False
data_raw/uc3m/train/00130.jpg,AD-676*L*M,data_raw/uc3m/train/01923.jpg,AD-676*L*M,same,assumed_compatible_text,False
data_raw/uc3m/train/00131.jpg,AD-0*66*RF,data_raw/uc3m/train/00283.jpg,AD-0*66HR*,same,assumed_compatible_text,False
data_raw/uc3m/train/00131.jpg,AD-0*66*RF,data_raw/uc3m/train/00545.jpg,AD-036*DR*,same,assumed_compatible_text,False
data_raw/uc3m/train/00131.jpg,AD-0*66*RF,data_raw/uc3m/train/01640.jpg,AD-09*6LR*,same,assumed_compatible_text,False
data_raw/uc3m/train/00131.jpg,AD-22*7*CL,data_raw/uc3m/train/01210.jpg,AD-221*G*L,same,assumed_compatible_text,False
data_raw/uc3m/train/00134.jpg,AD-54*8*GC,data_raw/uc3m/train/00550.jpg,AD-54*8*GC,same,assumed_compatible_text,False
data_raw/uc3m/train/00136.jpg,AD-6*65*DV,data_raw/uc3m/train/00137.jpg,AD-6*65*DV,same,assumed_compatible_text,False
data_raw/uc3m/train/00136.jpg,AD-6*65*DV,data_raw/uc3m/train/00138.jpg,AD-6*65*DV,same,assumed_compatible_text,False
data_raw/uc3m/train/00137.jpg,AD-3*25*GP,data_raw/uc3m/train/00138.jpg,AD-3*25*GP,same,assumed_compatible_text,False
data_raw/uc3m/train/00137.jpg,AD-6*65*DV,data_raw/uc3m/train/00138.jpg,AD-6*65*DV,same,assumed_compatible_text,False
data_raw/uc3m/train/00140.jpg,AD-47*3F*X,data_raw/uc3m/train/00562.jpg,AD-477**HX,same,assumed_compatible_text,False
data_raw/uc3m/train/00144.jpg,AD-89*1*RZ,data_raw/uc3m/train/00587.jpg,AD-89*1*RZ,same,assumed_compatible_text,False
data_raw/uc3m/train/00148.jpg,AD-22*2*WR,data_raw/uc3m/train/00900.jpg,AD-*272KW*,same,assumed_compatible_text,False
data_raw/uc3m/train/00148.jpg,AD-22*2*WR,data_raw/uc3m/train/01716.jpg,AD-*252DW*,same,assumed_compatible_text,False
data_raw/uc3m/train/00154.jpg,AD-3*39H*S,data_raw/uc3m/train/01051.jpg,AD-383**JS,same,assumed_compatible_text,False
data_raw/uc3m/train/00154.jpg,AD-48*2LK*,data_raw/uc3m/train/01711.jpg,AD-488**KN,same,assumed_compatible_text,False
data_raw/uc3m/train/00163.jpg,AD-87*7*XM,data_raw/uc3m/train/01408.jpg,AD-*757JX*,same,assumed_compatible_text,False
data_raw/uc3m/train/00164.jpg,AD-91*9*RD,data_raw/uc3m/train/00614.jpg,AD-91*9*RD,same,assumed_compatible_text,False
data_raw/uc3m/train/00164.jpg,AD-91*9*RD,data_raw/uc3m/train/00631.jpg,AD-91*9*RD,same,assumed_compatible_text,False
data_raw/uc3m/train/00164.jpg,AD-91*9*RD,data_raw/uc3m/train/00632.jpg,AD-91*9*RD,same,assumed_compatible_text,False
data_raw/uc3m/train/00165.jpg,AN-12*3GJ*,data_raw/uc3m/train/00683.jpg,AD-*223*JG,same,assumed_compatible_text,False
data_raw/uc3m/train/00165.jpg,AN-16*0B*N,data_raw/uc3m/train/00620.jpg,AD-16*0B*N,same,assumed_compatible_text,False
data_raw/uc3m/train/00165.jpg,AN-16*0B*N,data_raw/uc3m/train/00655.jpg,AD-1*60*NN,same,assumed_compatible_text,False
data_raw/uc3m/train/00167.jpg,AD-509*C*F,data_raw/uc3m/train/00168.jpg,AN-509*C*F,same,assumed_compatible_text,False
data_raw/uc3m/train/00167.jpg,AN-M257**T,data_raw/uc3m/train/00168.jpg,AN-M257**T,same,assumed_compatible_text,False
data_raw/uc3m/train/00168.jpg,AN-24*1*DW,data_raw/uc3m/train/00170.jpg,AD-24*1*DW,same,assumed_compatible_text,False
data_raw/uc3m/train/00168.jpg,AN-24*1*DW,data_raw/uc3m/train/00628.jpg,AD-24*1*DW,same,assumed_compatible_text,False
data_raw/uc3m/train/00168.jpg,AN-89*0B*S,data_raw/uc3m/train/00622.jpg,AD-89*0B*S,same,assumed_compatible_text,False
data_raw/uc3m/train/00168.jpg,AN-89*0B*S,data_raw/uc3m/train/00623.jpg,AD-89*0B*S,same,assumed_compatible_text,False
data_raw/uc3m/train/00168.jpg,AN-89*0B*S,data_raw/uc3m/train/01516.jpg,AD-896*BT*,same,assumed_compatible_text,False
data_raw/uc3m/train/00168.jpg,AN-89*0B*S,data_raw/uc3m/train/01639.jpg,AD-896*BT*,same,assumed_compatible_text,False
data_raw/uc3m/train/00170.jpg,AD-189**XZ,data_raw/uc3m/train/00171.jpg,AD-189**XZ,same,assumed_compatible_text,False
data_raw/uc3m/train/00170.jpg,AD-189**XZ,data_raw/uc3m/train/01780.jpg,AD-189*KX*,same,assumed_compatible_text,False
data_raw/uc3m/train/00170.jpg,AD-24*1*DW,data_raw/uc3m/train/00628.jpg,AD-24*1*DW,same,assumed_compatible_text,False
data_raw/uc3m/train/00171.jpg,AD-189**XZ,data_raw/uc3m/train/01780.jpg,AD-189*KX*,same,assumed_compatible_text,False
data_raw/uc3m/train/00174.jpg,AD-294**ZP,data_raw/uc3m/train/00626.jpg,AD-294**ZP,same,assumed_compatible_text,False
data_raw/uc3m/train/00174.jpg,AD-395**TX,data_raw/uc3m/train/00175.jpg,AD-395**TX,same,assumed_compatible_text,False
data_raw/uc3m/train/00175.jpg,AD-9*08*TW,data_raw/uc3m/train/01469.jpg,AD-*808LT*,same,assumed_compatible_text,False
data_raw/uc3m/train/00176.jpg,AD-*876K*X,data_raw/uc3m/train/00607.jpg,AD-*876K*X,same,assumed_compatible_text,False
data_raw/uc3m/train/00176.jpg,AD-*876K*X,data_raw/uc3m/train/00700.jpg,AD-887*KX*,same,assumed_compatible_text,False
data_raw/uc3m/train/00176.jpg,AD-*876K*X,data_raw/uc3m/train/01238.jpg,AD-78*6KS*,same,assumed_compatible_text,False
data_raw/uc3m/train/00176.jpg,AD-*876K*X,data_raw/uc3m/train/01811.jpg,AD-1*76*MX,same,assumed_compatible_text,False
data_raw/uc3m/train/00176.jpg,AD-59*1CC*,data_raw/uc3m/train/00297.jpg,AD-595*CC*,same,assumed_compatible_text,False
data_raw/uc3m/train/00176.jpg,AD-59*1CC*,data_raw/uc3m/train/01006.jpg,AD-594**CK,same,assumed_compatible_text,False
data_raw/uc3m/train/00176.jpg,AD-59*1CC*,data_raw/uc3m/train/01801.jpg,AD-596*C*Z,same,assumed_compatible_text,False
data_raw/uc3m/train/00176.jpg,AD-65*3JH*,data_raw/uc3m/train/00178.jpg,AD-65*3JH*,same,assumed_compatible_text,False
data_raw/uc3m/train/00176.jpg,AD-84*0*VX,data_raw/uc3m/train/00629.jpg,AD-84*0*VX,same,assumed_compatible_text,False
data_raw/uc3m/train/00177.jpg,AD-*015*RT,data_raw/uc3m/train/00620.jpg,AD-*015*RT,same,assumed_compatible_text,False
data_raw/uc3m/train/00177.jpg,AD-*015*RT,data_raw/uc3m/train/00621.jpg,AD-*015*RT,same,assumed_compatible_text,False
data_raw/uc3m/train/00177.jpg,AD-*015*RT,data_raw/uc3m/train/00622.jpg,AD-*015*RT,same,assumed_compatible_text,False
data_raw/uc3m/train/00177.jpg,AD-445**WR,data_raw/uc3m/train/00464.jpg,AN-44*2GW*,same,assumed_compatible_text,False
data_raw/uc3m/train/00177.jpg,AD-445**WR,data_raw/uc3m/train/00627.jpg,AD-445**WR,same,assumed_compatible_text,False
data_raw/uc3m/train/00177.jpg,AD-445**WR,data_raw/uc3m/train/00628.jpg,AD-445**WR,same,assumed_compatible_text,False
data_raw/uc3m/train/00177.jpg,AD-929*HZ*,data_raw/uc3m/train/00629.jpg,AD-929*HZ*,same,assumed_compatible_text,False
data_raw/uc3m/train/00178.jpg,AD-72*7FF*,data_raw/uc3m/train/00629.jpg,AD-72*7FF*,same,assumed_compatible_text,False
data_raw/uc3m/train/00179.jpg,AD-677**BN,data_raw/uc3m/train/00612.jpg,AD-677**BN,same,assumed_compatible_text,False
data_raw/uc3m/train/00179.jpg,AD-677**BN,data_raw/uc3m/train/01679.jpg,AD-67*4FB*,same,assumed_compatible_text,False
data_raw/uc3m/train/00182.jpg,AD-66*2*WN,data_raw/uc3m/train/00616.jpg,AD-66*2*WN,same,assumed_compatible_text,False
data_raw/uc3m/train/00185.jpg,AD-086**TB,data_raw/uc3m/train/00288.jpg,AD-08*5KT*,same,assumed_compatible_text,False
data_raw/uc3m/train/00189.jpg,AD-81*7*MR,data_raw/uc3m/train/00641.jpg,AD-81*7*MR,same,assumed_compatible_text,False
data_raw/uc3m/train/00189.jpg,AD-81*7*MR,data_raw/uc3m/train/00642.jpg,AD-81*7*MR,same,assumed_compatible_text,False
data_raw/uc3m/train/00190.jpg,AD-03*4*FN,data_raw/uc3m/train/00642.jpg,AD-03*4*FN,same,assumed_compatible_text,False
data_raw/uc3m/train/00191.jpg,AD-222**WM,data_raw/uc3m/train/00643.jpg,AD-222**WM,same,assumed_compatible_text,False
data_raw/uc3m/train/00191.jpg,AD-222**WM,data_raw/uc3m/train/00854.jpg,AD-22*2K*M,same,assumed_compatible_text,False
data_raw/uc3m/train/00196.jpg,AD-91*0*SD,data_raw/uc3m/train/00341.jpg,AD-91*0*SD,same,assumed_compatible_text,False
data_raw/uc3m/train/00196.jpg,AD-91*0*SD,data_raw/uc3m/train/00435.jpg,AN-91*0C*D,same,assumed_compatible_text,False
data_raw/uc3m/train/00196.jpg,AD-91*0*SD,data_raw/uc3m/train/00436.jpg,AN-91*0C*D,same,assumed_compatible_text,False
data_raw/uc3m/train/00197.jpg,AD-*744*FM,data_raw/uc3m/train/00342.jpg,AD-*744*FM,same,assumed_compatible_text,False
data_raw/uc3m/train/00197.jpg,AD-6*59D*D,data_raw/uc3m/train/00198.jpg,AD-6*59D*D,same,assumed_compatible_text,False
data_raw/uc3m/train/00197.jpg,AD-6*59D*D,data_raw/uc3m/train/00342.jpg,AD-6*59D*D,same,assumed_compatible_text,False
data_raw/uc3m/train/00197.jpg,AD-6*59D*D,data_raw/uc3m/train/00343.jpg,AD-6*59D*D,same,assumed_compatible_text,False
data_raw/uc3m/train/00198.jpg,AD-6*59D*D,data_raw/uc3m/train/00342.jpg,AD-6*59D*D,same,assumed_compatible_text,False
data_raw/uc3m/train/00198.jpg,AD-6*59D*D,data_raw/uc3m/train/00343.jpg,AD-6*59D*D,same,assumed_compatible_text,False
data_raw/uc3m/train/00199.jpg,AD-*651HY*,data_raw/uc3m/train/00345.jpg,AN-*651HY*,same,assumed_compatible_text,False
data_raw/uc3m/train/00199.jpg,AD-676**RB,data_raw/uc3m/train/00344.jpg,AN-676**RB,same,assumed_compatible_text,False
data_raw/uc3m/train/00200.jpg,AD-881**WZ,data_raw/uc3m/train/00346.jpg,AD-881**WZ,same,assumed_compatible_text,False
data_raw/uc3m/train/00202.jpg,AD-585*C*N,data_raw/uc3m/train/00233.jpg,AD-585*C*N,same,assumed_compatible_text,False
data_raw/uc3m/train/00202.jpg,AD-585*C*N,data_raw/uc3m/train/00661.jpg,AD-*853CZ*,same,assumed_compatible_text,False
data_raw/uc3m/train/00203.jpg,AD-5*25*FJ,data_raw/uc3m/train/00840.jpg,AD-582*J*J,same,assumed_compatible_text,False
data_raw/uc3m/train/00205.jpg,AD-98*8HX*,data_raw/uc3m/train/00825.jpg,AD-9*38H*F,same,assumed_compatible_text,False
data_raw/uc3m/train/00205.jpg,AD-98*8HX*,data_raw/uc3m/train/00828.jpg,AD-9*38H*F,same,assumed_compatible_text,False
data_raw/uc3m/train/00205.jpg,AD-98*8HX*,data_raw/uc3m/train/00830.jpg,AD-9*38H*F,same,assumed_compatible_text,False
data_raw/uc3m/train/00206.jpg,AD-15*3FY*,data_raw/uc3m/train/00492.jpg,BN-*533*YC,same,assumed_compatible_text,False
data_raw/uc3m/train/00224.jpg,AD-*043B*S,data_raw/uc3m/train/00620.jpg,AD-6*43*VS,same,assumed_compatible_text,False
data_raw/uc3m/train/00224.jpg,AD-*043B*S,data_raw/uc3m/train/00621.jpg,AD-6*43*VS,same,assumed_compatible_text,False
data_raw/uc3m/train/00224.jpg,AD-*043B*S,data_raw/uc3m/train/00869.jpg,AD-90*3*HS,same,assumed_compatible_text,False
data_raw/uc3m/train/00225.jpg,AD-01*9J*Y,data_raw/uc3m/train/00274.jpg,AD-013**XY,same,assumed_compatible_text,False
data_raw/uc3m/train/00225.jpg,AD-01*9J*Y,data_raw/uc3m/train/00554.jpg,AD-*199JX*,same,assumed_compatible_text,False
data_raw/uc3m/train/00225.jpg,AD-01*9J*Y,data_raw/uc3m/train/01239.jpg,AD-015*JW*,same,assumed_compatible_text,False
data_raw/uc3m/train/00228.jpg,AD-*035*HP,data_raw/uc3m/train/00746.jpg,AN-003*K*P,same,assumed_compatible_text,False
data_raw/uc3m/train/00233.jpg,AD-585*C*N,data_raw/uc3m/train/00661.jpg,AD-*853CZ*,same,assumed_compatible_text,False
data_raw/uc3m/train/00241.jpg,AD-0*06*RZ,data_raw/uc3m/train/00747.jpg,AD-00*6B*Z,same,assumed_compatible_text,False
data_raw/uc3m/train/00241.jpg,AD-0*06*RZ,data_raw/uc3m/train/01640.jpg,AD-09*6LR*,same,assumed_compatible_text,False
data_raw/uc3m/train/00241.jpg,AD-723**ZD,data_raw/uc3m/train/00242.jpg,AD-723**ZD,same,assumed_compatible_text,False
data_raw/uc3m/train/00242.jpg,AD-488**ZV,data_raw/uc3m/train/00541.jpg,AN-48*0JZ*,same,assumed_compatible_text,False
data_raw/uc3m/train/00245.jpg,AD-688*F*Y,data_raw/uc3m/train/00598.jpg,AD-6*85*DY,same,assumed_compatible_text,False
data_raw/uc3m/train/00246.jpg,AD-76*1*WX,data_raw/uc3m/train/00678.jpg,AD-76*1*WX,same,assumed_compatible_text,False
data_raw/uc3m/train/00246.jpg,AD-799*HG*,data_raw/uc3m/train/00752.jpg,AD-79*4HG*,same,assumed_compatible_text,False
data_raw/uc3m/train/00248.jpg,AD-M4*99U*,data_raw/uc3m/train/00718.jpg,AD-M49*9*V,same,assumed_compatible_text,False
data_raw/uc3m/train/00252.jpg,AD-88*7*FR,data_raw/uc3m/train/00253.jpg,AD-88*7*FR,same,assumed_compatible_text,False
data_raw/uc3m/train/00253.jpg,AD-3*04DL*,data_raw/uc3m/train/00254.jpg,AD-3*04DL*,same,assumed_compatible_text,False
data_raw/uc3m/train/00253.jpg,AD-3*04DL*,data_raw/uc3m/train/00255.jpg,AD-3*04DL*,same,assumed_compatible_text,False
data_raw/uc3m/train/00253.jpg,AD-3*04DL*,data_raw/uc3m/train/00272.jpg,AD-39*4D*R,same,assumed_compatible_text,False
data_raw/uc3m/train/00253.jpg,AD-64*1*PP,data_raw/uc3m/train/00254.jpg,AD-64*1*PP,same,assumed_compatible_text,False
data_raw/uc3m/train/00254.jpg,AD-3*04DL*,data_raw/uc3m/train/00255.jpg,AD-3*04DL*,same,assumed_compatible_text,False
data_raw/uc3m/train/00254.jpg,AD-3*04DL*,data_raw/uc3m/train/00272.jpg,AD-39*4D*R,same,assumed_compatible_text,False
data_raw/uc3m/train/00255.jpg,AD-3*04DL*,data_raw/uc3m/train/00272.jpg,AD-39*4D*R,same,assumed_compatible_text,False
data_raw/uc3m/train/00257.jpg,AD-095**TB,data_raw/uc3m/train/00258.jpg,AD-095**TB,same,assumed_compatible_text,False
data_raw/uc3m/train/00257.jpg,AD-095**TB,data_raw/uc3m/train/01159.jpg,AD-095*G*B,same,assumed_compatible_text,False
data_raw/uc3m/train/00257.jpg,AD-14*1*PG,data_raw/uc3m/train/00258.jpg,AD-14*1*PG,same,assumed_compatible_text,False
data_raw/uc3m/train/00257.jpg,AD-755**TT,data_raw/uc3m/train/00913.jpg,AD-75*7G*T,same,assumed_compatible_text,False
data_raw/uc3m/train/00258.jpg,AD-095**TB,data_raw/uc3m/train/01159.jpg,AD-095*G*B,same,assumed_compatible_text,False
data_raw/uc3m/train/00258.jpg,AD-2*55*CL,data_raw/uc3m/train/00734.jpg,AN-24*5J*L,same,assumed_compatible_text,False
data_raw/uc3m/train/00260.jpg,AD-*033CC*,data_raw/uc3m/train/00261.jpg,AD-*033CC*,same,assumed_compatible_text,False
data_raw/uc3m/train/00260.jpg,AD-*033CC*,data_raw/uc3m/train/01270.jpg,AD-103**CX,same,assumed_compatible_text,False
data_raw/uc3m/train/00261.jpg,AD-*033CC*,data_raw/uc3m/train/01270.jpg,AD-103**CX,same,assumed_compatible_text,False
data_raw/uc3m/train/00262.jpg,AD-276*KW*,data_raw/uc3m/train/01635.jpg,AD-*769*WV,same,assumed_compatible_text,False
data_raw/uc3m/train/00264.jpg,AD-50*3*YM,data_raw/uc3m/train/01107.jpg,AD-508*JY*,same,assumed_compatible_text,False
data_raw/uc3m/train/00265.jpg,AD-305**VP,data_raw/uc3m/train/00294.jpg,AD-305**VP,same,assumed_compatible_text,False
data_raw/uc3m/train/00267.jpg,AD-449*KY*,data_raw/uc3m/train/01085.jpg,AD-44*5*YM,same,assumed_compatible_text,False
data_raw/uc3m/train/00267.jpg,AD-449*KY*,data_raw/uc3m/train/01169.jpg,AD-44*9KY*,same,assumed_compatible_text,False
data_raw/uc3m/train/00267.jpg,AD-449*KY*,data_raw/uc3m/train/01171.jpg,AD-44*9KY*,same,assumed_compatible_text,False
data_raw/uc3m/train/00271.jpg,AD-80*9*YM,data_raw/uc3m/train/01442.jpg,AD-*099K*M,same,assumed_compatible_text,False
data_raw/uc3m/train/00273.jpg,AD-899**ZT,data_raw/uc3m/train/00430.jpg,AN-89*0JZ*,same,assumed_compatible_text,False
data_raw/uc3m/train/00274.jpg,AD-013**XY,data_raw/uc3m/train/01078.jpg,AD-01*4GX*,same,assumed_compatible_text,False
data_raw/uc3m/train/00277.jpg,AD-84*9*YS,data_raw/uc3m/train/00278.jpg,AD-84*9*YS,same,assumed_compatible_text,False
data_raw/uc3m/train/00277.jpg,AD-84*9*YS,data_raw/uc3m/train/00621.jpg,AD-843*DY*,same,assumed_compatible_text,False
data_raw/uc3m/train/00277.jpg,AD-84*9*YS,data_raw/uc3m/train/00622.jpg,AD-843*DY*,same,assumed_compatible_text,False
data_raw/uc3m/train/00278.jpg,AD-84*9*YS,data_raw/uc3m/train/00621.jpg,AD-843*DY*,same,assumed_compatible_text,False
data_raw/uc3m/train/00278.jpg,AD-84*9*YS,data_raw/uc3m/train/00622.jpg,AD-843*DY*,same,assumed_compatible_text,False
data_raw/uc3m/train/00279.jpg,AN-M*222Y*,data_raw/uc3m/train/01047.jpg,AD-M2*22*L,same,assumed_compatible_text,False
data_raw/uc3m/train/00280.jpg,AD-34*1*JD,data_raw/uc3m/train/01403.jpg,AD-344**JD,same,assumed_compatible_text,False
data_raw/uc3m/train/00280.jpg,AD-34*1*JD,data_raw/uc3m/train/01622.jpg,AD-3*21F*D,same,assumed_compatible_text,False
data_raw/uc3m/train/00281.jpg,AD-505**PB,data_raw/uc3m/train/00564.jpg,AD-50*2*PB,same,assumed_compatible_text,False
data_raw/uc3m/train/00281.jpg,AD-505**PB,data_raw/uc3m/train/00565.jpg,AD-50*2*PB,same,assumed_compatible_text,False
data_raw/uc3m/train/00281.jpg,AD-505**PB,data_raw/uc3m/train/00566.jpg,AD-50*2*PB,same,assumed_compatible_text,False
data_raw/uc3m/train/00281.jpg,AD-505**PB,data_raw/uc3m/train/00567.jpg,AD-50*2*PB,same,assumed_compatible_text,False
data_raw/uc3m/train/00283.jpg,AD-0*66HR*,data_raw/uc3m/train/00325.jpg,AN-006*H*Y,same,assumed_compatible_text,False
data_raw/uc3m/train/00283.jpg,AD-0*66HR*,data_raw/uc3m/train/00378.jpg,BN-01*6H*J,same,assumed_compatible_text,False
data_raw/uc3m/train/00283.jpg,AD-0*66HR*,data_raw/uc3m/train/00595.jpg,AD-096**RC,same,assumed_compatible_text,False
data_raw/uc3m/train/00283.jpg,AD-06*3KW*,data_raw/uc3m/train/01045.jpg,AD-0*23*WM,same,assumed_compatible_text,False
data_raw/uc3m/train/00283.jpg,AD-06*3KW*,data_raw/uc3m/train/01046.jpg,AD-0*23*WM,same,assumed_compatible_text,False
data_raw/uc3m/train/00287.jpg,AD-609*CN*,data_raw/uc3m/train/01318.jpg,AD-*095*NR,same,assumed_compatible_text,False
data_raw/uc3m/train/00288.jpg,AD-08*5KT*,data_raw/uc3m/train/00554.jpg,AD-0*05K*H,same,assumed_compatible_text,False
data_raw/uc3m/train/00289.jpg,AD-34*3CR*,data_raw/uc3m/train/01022.jpg,AD-*433*RB,same,assumed_compatible_text,False
data_raw/uc3m/train/00289.jpg,AD-34*3CR*,data_raw/uc3m/train/01360.jpg,AD-3*13*RM,same,assumed_compatible_text,False
data_raw/uc3m/train/00289.jpg,AD-34*3CR*,data_raw/uc3m/train/01373.jpg,AD-*443*RX,same,assumed_compatible_text,False
data_raw/uc3m/train/00291.jpg,AD-761*KZ*,data_raw/uc3m/train/00398.jpg,AN-7*17*ZR,same,assumed_compatible_text,False
data_raw/uc3m/train/00304.jpg,AN-116*JN*,data_raw/uc3m/train/00655.jpg,AD-1*60*NN,same,assumed_compatible_text,False
data_raw/uc3m/train/00304.jpg,AN-17*7*PX,data_raw/uc3m/train/00682.jpg,AD-176*FP*,same,assumed_compatible_text,False
data_raw/uc3m/train/00319.jpg,AN-344**VD,data_raw/uc3m/train/00811.jpg,BD-34*3F*D,same,assumed_compatible_text,False
data_raw/uc3m/train/00322.jpg,AD-TO68*4A*,data_raw/uc3m/train/00707.jpg,AD-TO68*4A*,same,assumed_compatible_text,False
data_raw/uc3m/train/00324.jpg,AD-442*GR*,data_raw/uc3m/train/00761.jpg,AD-44*1*RR,same,assumed_compatible_text,False
data_raw/uc3m/train/00328.jpg,AN-77*1J*Z,data_raw/uc3m/train/00932.jpg,AD-774**YZ,same,assumed_compatible_text,False
data_raw/uc3m/train/00330.jpg,AD-25*3LV*,data_raw/uc3m/train/01808.jpg,AD-257*L*M,same,assumed_compatible_text,False
data_raw/uc3m/train/00332.jpg,AD-62*3D*M,data_raw/uc3m/train/00943.jpg,AN-621**RM,same,assumed_compatible_text,False
data_raw/uc3m/train/00332.jpg,AD-62*3D*M,data_raw/uc3m/train/01343.jpg,AD-622**LM,same,assumed_compatible_text,False
data_raw/uc3m/train/00332.jpg,AD-62*3D*M,data_raw/uc3m/train/01386.jpg,AD-625**LM,same,assumed_compatible_text,False
data_raw/uc3m/train/00332.jpg,AD-62*3D*M,data_raw/uc3m/train/01511.jpg,AD-625**LM,same,assumed_compatible_text,False
data_raw/uc3m/train/00334.jpg,AD-835**FD,data_raw/uc3m/train/00888.jpg,AD-83*9H*D,same,assumed_compatible_text,False
data_raw/uc3m/train/00336.jpg,AD-*999*VX,data_raw/uc3m/train/01160.jpg,AD-799*KV*,same,assumed_compatible_text,False
data_raw/uc3m/train/00338.jpg,AN-42*0*DZ,data_raw/uc3m/train/00666.jpg,AD-42*0*DZ,same,assumed_compatible_text,False
data_raw/uc3m/train/00341.jpg,AD-91*0*SD,data_raw/uc3m/train/00435.jpg,AN-91*0C*D,same,assumed_compatible_text,False
data_raw/uc3m/train/00341.jpg,AD-91*0*SD,data_raw/uc3m/train/00436.jpg,AN-91*0C*D,same,assumed_compatible_text,False
data_raw/uc3m/train/00342.jpg,AD-6*59D*D,data_raw/uc3m/train/00343.jpg,AD-6*59D*D,same,assumed_compatible_text,False
data_raw/uc3m/train/00350.jpg,AN-255*CM*,data_raw/uc3m/train/01036.jpg,AD-*554*MH,same,assumed_compatible_text,False
data_raw/uc3m/train/00350.jpg,AN-29*3*XX,data_raw/uc3m/train/00351.jpg,AN-29*3*XX,same,assumed_compatible_text,False
data_raw/uc3m/train/00350.jpg,AN-29*3*XX,data_raw/uc3m/train/00352.jpg,AD-29*3*XX,same,assumed_compatible_text,False
data_raw/uc3m/train/00351.jpg,AN-29*3*XX,data_raw/uc3m/train/00352.jpg,AD-29*3*XX,same,assumed_compatible_text,False
data_raw/uc3m/train/00351.jpg,AN-44*3*PY,data_raw/uc3m/train/00352.jpg,AD-44*3*PY,same,assumed_compatible_text,False
data_raw/uc3m/train/00361.jpg,AD-3*84*CG,data_raw/uc3m/train/00363.jpg,AN-3*84*CG,same,assumed_compatible_text,False
data_raw/uc3m/train/00365.jpg,AD-532**YY,data_raw/uc3m/train/01190.jpg,AD-*322K*Y,same,assumed_compatible_text,False
data_raw/uc3m/train/00368.jpg,AN-4*42KS*,data_raw/uc3m/train/00452.jpg,AN-444**SM,same,assumed_compatible_text,False
data_raw/uc3m/train/00368.jpg,AN-4*42KS*,data_raw/uc3m/train/00704.jpg,AD-48*2*SM,same,assumed_compatible_text,False
data_raw/uc3m/train/00369.jpg,AN-73*2*MS,data_raw/uc3m/train/00820.jpg,AD-7*22CM*,same,assumed_compatible_text,False
data_raw/uc3m/train/00369.jpg,AN-M116*P*,data_raw/uc3m/train/00370.jpg,AN-M116*P*,same,assumed_compatible_text,False
data_raw/uc3m/train/00377.jpg,BN-237**ND,data_raw/uc3m/train/00378.jpg,BN-237**ND,same,assumed_compatible_text,False
data_raw/uc3m/train/00381.jpg,AN-0*81LP*,data_raw/uc3m/train/00759.jpg,AD-068*LP*,same,assumed_compatible_text,False
data_raw/uc3m/train/00381.jpg,AN-0*81LP*,data_raw/uc3m/train/01462.jpg,AD-*881L*Y,same,assumed_compatible_text,False
data_raw/uc3m/train/00381.jpg,AN-0*81LP*,data_raw/uc3m/train/01463.jpg,AD-*881L*Y,same,assumed_compatible_text,False
data_raw/uc3m/train/00381.jpg,AN-0*81LP*,data_raw/uc3m/train/01464.jpg,AD-*881L*Y,same,assumed_compatible_text,False
data_raw/uc3m/train/00383.jpg,AN-879**XR,data_raw/uc3m/train/00760.jpg,AD-87*8D*R,same,assumed_compatible_text,False
data_raw/uc3m/train/00389.jpg,AN-7*29K*M,data_raw/uc3m/train/01612.jpg,AD-712**CM,same,assumed_compatible_text,False
data_raw/uc3m/train/00391.jpg,AN-637**SY,data_raw/uc3m/train/00392.jpg,AN-637**SY,same,assumed_compatible_text,False
data_raw/uc3m/train/00394.jpg,AN-7*28*GX,data_raw/uc3m/train/00396.jpg,AN-7*28*GX,same,assumed_compatible_text,False
data_raw/uc3m/train/00395.jpg,AN-64*3*XG,data_raw/uc3m/train/01827.jpg,AD-641*K*G,same,assumed_compatible_text,False
data_raw/uc3m/train/00397.jpg,AN-812*KZ*,data_raw/uc3m/train/00402.jpg,AN-812*KZ*,same,assumed_compatible_text,False
data_raw/uc3m/train/00397.jpg,AN-812*KZ*,data_raw/uc3m/train/00406.jpg,AN-812*KZ*,same,assumed_compatible_text,False
data_raw/uc3m/train/00397.jpg,AN-812*KZ*,data_raw/uc3m/train/00408.jpg,AN-812*KZ*,same,assumed_compatible_text,False
data_raw/uc3m/train/00397.jpg,AN-9*89KZ*,data_raw/uc3m/train/00955.jpg,AN-90*9*ZS,same,assumed_compatible_text,False
data_raw/uc3m/train/00400.jpg,AN-086**HV,data_raw/uc3m/train/00403.jpg,AN-086**HV,same,assumed_compatible_text,False
data_raw/uc3m/train/00402.jpg,AN-58*0FP*,data_raw/uc3m/train/01171.jpg,AD-5*00*PZ,same,assumed_compatible_text,False
data_raw/uc3m/train/00402.jpg,AN-812*KZ*,data_raw/uc3m/train/00406.jpg,AN-812*KZ*,same,assumed_compatible_text,False
data_raw/uc3m/train/00402.jpg,AN-812*KZ*,data_raw/uc3m/train/00408.jpg,AN-812*KZ*,same,assumed_compatible_text,False
data_raw/uc3m/train/00406.jpg,AN-812*KZ*,data_raw/uc3m/train/00408.jpg,AN-812*KZ*,same,assumed_compatible_text,False
data_raw/uc3m/train/00409.jpg,AN-242*J*D,data_raw/uc3m/train/01541.jpg,AD-2*25JB*,same,assumed_compatible_text,False
data_raw/uc3m/train/00415.jpg,AN-158**WZ,data_raw/uc3m/train/00416.jpg,AN-158**WZ,same,assumed_compatible_text,False
data_raw/uc3m/train/00415.jpg,AN-158**WZ,data_raw/uc3m/train/00417.jpg,AN-158**WZ,same,assumed_compatible_text,False
data_raw/uc3m/train/00415.jpg,AN-67*7*BT,data_raw/uc3m/train/00416.jpg,AN-67*7*BT,same,assumed_compatible_text,False
data_raw/uc3m/train/00416.jpg,AN-158**WZ,data_raw/uc3m/train/00417.jpg,AN-158**WZ,same,assumed_compatible_text,False
data_raw/uc3m/train/00418.jpg,AN-10*8HV*,data_raw/uc3m/train/01631.jpg,AD-1*18HV*,same,assumed_compatible_text,False
data_raw/uc3m/train/00418.jpg,AN-10*8HV*,data_raw/uc3m/train/01632.jpg,AD-1*18HV*,same,assumed_compatible_text,False
data_raw/uc3m/train/00424.jpg,AN-*661*XM,data_raw/uc3m/train/00425.jpg,AN-*661*XM,same,assumed_compatible_text,False
data_raw/uc3m/train/00427.jpg,AN-6*64*CB,data_raw/uc3m/train/00428.jpg,AN-6*64*CB,same,assumed_compatible_text,False
data_raw/uc3m/train/00429.jpg,AN-30*5*XM,data_raw/uc3m/train/01673.jpg,AD-*025B*M,same,assumed_compatible_text,False
data_raw/uc3m/train/00431.jpg,AN-77*2D*X,data_raw/uc3m/train/01102.jpg,AD-778*DV*,same,assumed_compatible_text,False
data_raw/uc3m/train/00433.jpg,AN-1*58*DP,data_raw/uc3m/train/00558.jpg,AD-*958DD*,same,assumed_compatible_text,False
data_raw/uc3m/train/00433.jpg,AN-1*58*DP,data_raw/uc3m/train/01175.jpg,AD-195*L*P,same,assumed_compatible_text,False
data_raw/uc3m/train/00435.jpg,AN-91*0C*D,data_raw/uc3m/train/00436.jpg,AN-91*0C*D,same,assumed_compatible_text,False
data_raw/uc3m/train/00435.jpg,AN-91*0C*D,data_raw/uc3m/train/01257.jpg,AD-914**BD,same,assumed_compatible_text,False
data_raw/uc3m/train/00436.jpg,AN-91*0C*D,data_raw/uc3m/train/01257.jpg,AD-914**BD,same,assumed_compatible_text,False
data_raw/uc3m/train/00438.jpg,AN-279*FR*,data_raw/uc3m/train/01654.jpg,AD-*799*RR,same,assumed_compatible_text,False
data_raw/uc3m/train/00438.jpg,AN-279*FR*,data_raw/uc3m/train/01655.jpg,AD-*799*RR,same,assumed_compatible_text,False
data_raw/uc3m/train/00439.jpg,AN-414**NC,data_raw/uc3m/train/01331.jpg,AD-4*48LN*,same,assumed_compatible_text,False
data_raw/uc3m/train/00443.jpg,AN-6*15FL*,data_raw/uc3m/train/00581.jpg,AD-631*F*B,same,assumed_compatible_text,False
data_raw/uc3m/train/00448.jpg,AN-*007C*S,data_raw/uc3m/train/00449.jpg,AN-*007C*S,same,assumed_compatible_text,False
data_raw/uc3m/train/00448.jpg,AN-*007C*S,data_raw/uc3m/train/00450.jpg,AN-*007C*S,same,assumed_compatible_text,False
data_raw/uc3m/train/00448.jpg,AN-*007C*S,data_raw/uc3m/train/00451.jpg,AN-*007C*S,same,assumed_compatible_text,False
data_raw/uc3m/train/00448.jpg,AN-*007C*S,data_raw/uc3m/train/00626.jpg,AD-0*07C*S,same,assumed_compatible_text,False
data_raw/uc3m/train/00449.jpg,AN-*007C*S,data_raw/uc3m/train/00450.jpg,AN-*007C*S,same,assumed_compatible_text,False
data_raw/uc3m/train/00449.jpg,AN-*007C*S,data_raw/uc3m/train/00451.jpg,AN-*007C*S,same,assumed_compatible_text,False
data_raw/uc3m/train/00449.jpg,AN-*007C*S,data_raw/uc3m/train/00626.jpg,AD-0*07C*S,same,assumed_compatible_text,False
data_raw/uc3m/train/00450.jpg,AN-*007C*S,data_raw/uc3m/train/00451.jpg,AN-*007C*S,same,assumed_compatible_text,False
data_raw/uc3m/train/00450.jpg,AN-*007C*S,data_raw/uc3m/train/00626.jpg,AD-0*07C*S,same,assumed_compatible_text,False
data_raw/uc3m/train/00450.jpg,AN-*007FR*,data_raw/uc3m/train/00830.jpg,AD-60*7*RZ,same,assumed_compatible_text,False
data_raw/uc3m/train/00450.jpg,AN-*007FR*,data_raw/uc3m/train/01284.jpg,AD-60*7F*D,same,assumed_compatible_text,False
data_raw/uc3m/train/00451.jpg,AN-*007C*S,data_raw/uc3m/train/00626.jpg,AD-0*07C*S,same,assumed_compatible_text,False
data_raw/uc3m/train/00456.jpg,AN-423*CT*,data_raw/uc3m/train/00947.jpg,AN-4*36*TZ,same,assumed_compatible_text,False
data_raw/uc3m/train/00456.jpg,AN-423*CT*,data_raw/uc3m/train/01114.jpg,AD-42*2*TV,same,assumed_compatible_text,False
data_raw/uc3m/train/00460.jpg,AN-7*82*DF,data_raw/uc3m/train/01668.jpg,AD-*482CD*,same,assumed_compatible_text,False
data_raw/uc3m/train/00461.jpg,AN-57*2*VG,data_raw/uc3m/train/01058.jpg,AD-*762J*G,same,assumed_compatible_text,False
data_raw/uc3m/train/00463.jpg,AN-010*GX*,data_raw/uc3m/train/01078.jpg,AD-01*4GX*,same,assumed_compatible_text,False
data_raw/uc3m/train/00464.jpg,AN-44*2GW*,data_raw/uc3m/train/00627.jpg,AD-445**WR,same,assumed_compatible_text,False
data_raw/uc3m/train/00464.jpg,AN-44*2GW*,data_raw/uc3m/train/00628.jpg,AD-445**WR,same,assumed_compatible_text,False
data_raw/uc3m/train/00465.jpg,AN-564*C*S,data_raw/uc3m/train/01313.jpg,AD-56*1*KS,same,assumed_compatible_text,False
data_raw/uc3m/train/00466.jpg,BN-0*31KS*,data_raw/uc3m/train/00472.jpg,BN-0*31KS*,same,assumed_compatible_text,False
data_raw/uc3m/train/00466.jpg,BN-0*31KS*,data_raw/uc3m/train/00746.jpg,AN-003*K*P,same,assumed_compatible_text,False
data_raw/uc3m/train/00470.jpg,AN-40*1*BX,data_raw/uc3m/train/01696.jpg,AD-405*H*X,same,assumed_compatible_text,False
data_raw/uc3m/train/00471.jpg,AN-356*GV*,data_raw/uc3m/train/00695.jpg,AD-35*1G*V,same,assumed_compatible_text,False
data_raw/uc3m/train/00471.jpg,AN-356*GV*,data_raw/uc3m/train/00696.jpg,AD-35*1G*V,same,assumed_compatible_text,False
data_raw/uc3m/train/00472.jpg,BN-0*31KS*,data_raw/uc3m/train/00746.jpg,AN-003*K*P,same,assumed_compatible_text,False
data_raw/uc3m/train/00476.jpg,AN-6*15*CM,data_raw/uc3m/train/00535.jpg,AN-*515GC*,same,assumed_compatible_text,False
data_raw/uc3m/train/00476.jpg,AN-737**YN,data_raw/uc3m/train/00480.jpg,AN-737**YN,same,assumed_compatible_text,False
data_raw/uc3m/train/00476.jpg,AN-737**YN,data_raw/uc3m/train/00481.jpg,AN-737**YN,same,assumed_compatible_text,False
data_raw/uc3m/train/00476.jpg,AN-737**YN,data_raw/uc3m/train/00635.jpg,AD-737*HY*,same,assumed_compatible_text,False
data_raw/uc3m/train/00476.jpg,AN-737**YN,data_raw/uc3m/train/00636.jpg,AD-737*HY*,same,assumed_compatible_text,False
data_raw/uc3m/train/00476.jpg,AN-737**YN,data_raw/uc3m/train/00677.jpg,AD-73*3JY*,same,assumed_compatible_text,False
data_raw/uc3m/train/00476.jpg,AN-737**YN,data_raw/uc3m/train/00678.jpg,AD-73*3JY*,same,assumed_compatible_text,False
data_raw/uc3m/train/00480.jpg,AN-737**YN,data_raw/uc3m/train/00481.jpg,AN-737**YN,same,assumed_compatible_text,False
data_raw/uc3m/train/00480.jpg,AN-737**YN,data_raw/uc3m/train/00635.jpg,AD-737*HY*,same,assumed_compatible_text,False
data_raw/uc3m/train/00480.jpg,AN-737**YN,data_raw/uc3m/train/00636.jpg,AD-737*HY*,same,assumed_compatible_text,False
data_raw/uc3m/train/00480.jpg,AN-737**YN,data_raw/uc3m/train/00677.jpg,AD-73*3JY*,same,assumed_compatible_text,False
data_raw/uc3m/train/00480.jpg,AN-737**YN,data_raw/uc3m/train/00678.jpg,AD-73*3JY*,same,assumed_compatible_text,False
data_raw/uc3m/train/00481.jpg,AN-737**YN,data_raw/uc3m/train/00635.jpg,AD-737*HY*,same,assumed_compatible_text,False
data_raw/uc3m/train/00481.jpg,AN-737**YN,data_raw/uc3m/train/00636.jpg,AD-737*HY*,same,assumed_compatible_text,False
data_raw/uc3m/train/00481.jpg,AN-737**YN,data_raw/uc3m/train/00677.jpg,AD-73*3JY*,same,assumed_compatible_text,False
data_raw/uc3m/train/00481.jpg,AN-737**YN,data_raw/uc3m/train/00678.jpg,AD-73*3JY*,same,assumed_compatible_text,False
data_raw/uc3m/train/00483.jpg,AN-65*9BY*,data_raw/uc3m/train/00484.jpg,AN-65*9BY*,same,assumed_compatible_text,False
data_raw/uc3m/train/00483.jpg,AN-81*7JW*,data_raw/uc3m/train/00919.jpg,AD-*187J*Y,same,assumed_compatible_text,False
data_raw/uc3m/train/00483.jpg,AN-81*7JW*,data_raw/uc3m/train/00931.jpg,AD-*187J*Y,same,assumed_compatible_text,False
data_raw/uc3m/train/00490.jpg,AN-656**KM,data_raw/uc3m/train/00504.jpg,AN-65*6K*M,same,assumed_compatible_text,False
data_raw/uc3m/train/00491.jpg,AN-959*K*P,data_raw/uc3m/train/01436.jpg,AD-95*5KY*,same,assumed_compatible_text,False
data_raw/uc3m/train/00492.jpg,BN-*533*YC,data_raw/uc3m/train/01080.jpg,AD-0*33JY*,same,assumed_compatible_text,False
data_raw/uc3m/train/00492.jpg,BN-*533*YC,data_raw/uc3m/train/01207.jpg,AD-653*H*C,same,assumed_compatible_text,False
data_raw/uc3m/train/00496.jpg,AN-TO747*A*,data_raw/uc3m/train/00497.jpg,AN-TO747*A*,same,assumed_compatible_text,False
data_raw/uc3m/train/00500.jpg,AN-*099J*W,data_raw/uc3m/train/01180.jpg,AD-3*99*GW,same,assumed_compatible_text,False
data_raw/uc3m/train/00500.jpg,AN-*099J*W,data_raw/uc3m/train/01918.jpg,AD-M099*Z*,same,assumed_compatible_text,False
data_raw/uc3m/train/00501.jpg,AN-05*3*XP,data_raw/uc3m/train/01089.jpg,AD-050*F*P,same,assumed_compatible_text,False
data_raw/uc3m/train/00501.jpg,AN-05*3*XP,data_raw/uc3m/train/01399.jpg,AD-052*FX*,same,assumed_compatible_text,False
data_raw/uc3m/train/00504.jpg,AN-65*6K*M,data_raw/uc3m/train/00709.jpg,AD-*566*SM,same,assumed_compatible_text,False
data_raw/uc3m/train/00514.jpg,BN-6*12LS*,data_raw/uc3m/train/01962.jpg,AD-62*2*ST,same,assumed_compatible_text,False
data_raw/uc3m/train/00515.jpg,AN-*982K*J,data_raw/uc3m/train/00999.jpg,AD-798*KY*,same,assumed_compatible_text,False
data_raw/uc3m/train/00515.jpg,AN-*982K*J,data_raw/uc3m/train/01537.jpg,AD-79*2KX*,same,assumed_compatible_text,False
data_raw/uc3m/train/00521.jpg,AN-82*4GY*,data_raw/uc3m/train/01828.jpg,AD-*214*YY,same,assumed_compatible_text,False
data_raw/uc3m/train/00522.jpg,AN-*575K*P,data_raw/uc3m/train/01436.jpg,AD-95*5KY*,same,assumed_compatible_text,False
data_raw/uc3m/train/00524.jpg,AN-94*9F*C,data_raw/uc3m/train/00859.jpg,AD-94*9FX*,same,assumed_compatible_text,False
data_raw/uc3m/train/00524.jpg,AN-94*9F*C,data_raw/uc3m/train/01103.jpg,AD-943**SC,same,assumed_compatible_text,False
data_raw/uc3m/train/00524.jpg,AN-94*9F*C,data_raw/uc3m/train/01581.jpg,AD-943*FV*,same,assumed_compatible_text,False
data_raw/uc3m/train/00525.jpg,AN-39*3GZ*,data_raw/uc3m/train/00526.jpg,AN-39*3GZ*,same,assumed_compatible_text,False
data_raw/uc3m/train/00525.jpg,AN-39*3GZ*,data_raw/uc3m/train/00780.jpg,AD-392*G*X,same,assumed_compatible_text,False
data_raw/uc3m/train/00525.jpg,AN-39*3GZ*,data_raw/uc3m/train/01240.jpg,AD-3*03G*N,same,assumed_compatible_text,False
data_raw/uc3m/train/00526.jpg,AN-39*3GZ*,data_raw/uc3m/train/00780.jpg,AD-392*G*X,same,assumed_compatible_text,False
data_raw/uc3m/train/00526.jpg,AN-39*3GZ*,data_raw/uc3m/train/01240.jpg,AD-3*03G*N,same,assumed_compatible_text,False
data_raw/uc3m/train/00526.jpg,AN-411**FV,data_raw/uc3m/train/01853.jpg,AD-*110GF*,same,assumed_compatible_text,False
data_raw/uc3m/train/00529.jpg,AN-79*7*JF,data_raw/uc3m/train/00576.jpg,AD-7*17D*F,same,assumed_compatible_text,False
data_raw/uc3m/train/00534.jpg,AN-4*68K*X,data_raw/uc3m/train/00603.jpg,AD-416**XX,same,assumed_compatible_text,False
data_raw/uc3m/train/00534.jpg,AN-4*68K*X,data_raw/uc3m/train/01420.jpg,AD-44*8KP*,same,assumed_compatible_text,False
data_raw/uc3m/train/00534.jpg,AN-4*68K*X,data_raw/uc3m/train/01633.jpg,AD-*768KZ*,same,assumed_compatible_text,False
data_raw/uc3m/train/00535.jpg,AN-*515GC*,data_raw/uc3m/train/01181.jpg,AD-95*5*CF,same,assumed_compatible_text,False
data_raw/uc3m/train/00535.jpg,AN-*515GC*,data_raw/uc3m/train/01228.jpg,AD-35*5*CW,same,assumed_compatible_text,False
data_raw/uc3m/train/00537.jpg,AN-*986B*W,data_raw/uc3m/train/00587.jpg,AD-698**SW,same,assumed_compatible_text,False
data_raw/uc3m/train/00545.jpg,AD-96*8LN*,data_raw/uc3m/train/01008.jpg,AD-965**NR,same,assumed_compatible_text,False
data_raw/uc3m/train/00545.jpg,AD-96*8LN*,data_raw/uc3m/train/01012.jpg,AD-965**NR,same,assumed_compatible_text,False
data_raw/uc3m/train/00545.jpg,AD-96*8LN*,data_raw/uc3m/train/01750.jpg,AD-969**NR,same,assumed_compatible_text,False
data_raw/uc3m/train/00547.jpg,AD-60*7*VV,data_raw/uc3m/train/00548.jpg,AD-60*7*VV,same,assumed_compatible_text,False
data_raw/uc3m/train/00549.jpg,AD-944**MM,data_raw/uc3m/train/01100.jpg,AD-94*7BM*,same,assumed_compatible_text,False
data_raw/uc3m/train/00551.jpg,AD-463*DT*,data_raw/uc3m/train/00552.jpg,AD-463*DT*,same,assumed_compatible_text,False
data_raw/uc3m/train/00551.jpg,AD-463*DT*,data_raw/uc3m/train/00947.jpg,AN-4*36*TZ,same,assumed_compatible_text,False
data_raw/uc3m/train/00552.jpg,AD-463*DT*,data_raw/uc3m/train/00947.jpg,AN-4*36*TZ,same,assumed_compatible_text,False
data_raw/uc3m/train/00554.jpg,AD-699**RM,data_raw/uc3m/train/00754.jpg,AD-69*5DR*,same,assumed_compatible_text,False
data_raw/uc3m/train/00557.jpg,AD-05*9*BF,data_raw/uc3m/train/00558.jpg,AD-05*9*BF,same,assumed_compatible_text,False
data_raw/uc3m/train/00557.jpg,AD-05*9*BF,data_raw/uc3m/train/00559.jpg,AD-05*9*BF,same,assumed_compatible_text,False
data_raw/uc3m/train/00557.jpg,AD-28*3GV*,data_raw/uc3m/train/00558.jpg,AD-28*3GV*,same,assumed_compatible_text,False
data_raw/uc3m/train/00557.jpg,AD-28*3GV*,data_raw/uc3m/train/00559.jpg,AD-28*3GV*,same,assumed_compatible_text,False
data_raw/uc3m/train/00557.jpg,AD-789*C*Z,data_raw/uc3m/train/00559.jpg,AD-78*0C*Z,same,assumed_compatible_text,False
data_raw/uc3m/train/00557.jpg,AD-789*C*Z,data_raw/uc3m/train/00561.jpg,AD-78*0C*Z,same,assumed_compatible_text,False
data_raw/uc3m/train/00558.jpg,AD-*958DD*,data_raw/uc3m/train/01833.jpg,AD-19*8D*S,same,assumed_compatible_text,False
data_raw/uc3m/train/00558.jpg,AD-05*9*BF,data_raw/uc3m/train/00559.jpg,AD-05*9*BF,same,assumed_compatible_text,False
data_raw/uc3m/train/00558.jpg,AD-28*3GV*,data_raw/uc3m/train/00559.jpg,AD-28*3GV*,same,assumed_compatible_text,False
data_raw/uc3m/train/00559.jpg,AD-78*0C*Z,data_raw/uc3m/train/00561.jpg,AD-78*0C*Z,same,assumed_compatible_text,False
data_raw/uc3m/train/00561.jpg,AD-*638JY*,data_raw/uc3m/train/01889.jpg,AD-0*38*YY,same,assumed_compatible_text,False
data_raw/uc3m/train/00564.jpg,AD-476*GT*,data_raw/uc3m/train/00565.jpg,AD-476*GT*,same,assumed_compatible_text,False
data_raw/uc3m/train/00564.jpg,AD-476*GT*,data_raw/uc3m/train/00566.jpg,AD-47*8GT*,same,assumed_compatible_text,False
data_raw/uc3m/train/00564.jpg,AD-50*2*PB,data_raw/uc3m/train/00565.jpg,AD-50*2*PB,same,assumed_compatible_text,False
data_raw/uc3m/train/00564.jpg,AD-50*2*PB,data_raw/uc3m/train/00566.jpg,AD-50*2*PB,same,assumed_compatible_text,False
data_raw/uc3m/train/00564.jpg,AD-50*2*PB,data_raw/uc3m/train/00567.jpg,AD-50*2*PB,same,assumed_compatible_text,False
data_raw/uc3m/train/00564.jpg,AD-50*2*PB,data_raw/uc3m/train/01113.jpg,AD-*062*PB,same,assumed_compatible_text,False
data_raw/uc3m/train/00564.jpg,AD-V19*4G*,data_raw/uc3m/train/00565.jpg,AD-V19*4G*,same,assumed_compatible_text,False
data_raw/uc3m/train/00565.jpg,AD-476*GT*,data_raw/uc3m/train/00566.jpg,AD-47*8GT*,same,assumed_compatible_text,False
data_raw/uc3m/train/00565.jpg,AD-50*2*PB,data_raw/uc3m/train/00566.jpg,AD-50*2*PB,same,assumed_compatible_text,False
data_raw/uc3m/train/00565.jpg,AD-50*2*PB,data_raw/uc3m/train/00567.jpg,AD-50*2*PB,same,assumed_compatible_text,False
data_raw/uc3m/train/00565.jpg,AD-50*2*PB,data_raw/uc3m/train/01113.jpg,AD-*062*PB,same,assumed_compatible_text,False
data_raw/uc3m/train/00566.jpg,AD-*215FY*,data_raw/uc3m/train/00567.jpg,AD-*215FY*,same,assumed_compatible_text,False
data_raw/uc3m/train/00566.jpg,AD-50*2*PB,data_raw/uc3m/train/00567.jpg,AD-50*2*PB,same,assumed_compatible_text,False
data_raw/uc3m/train/00566.jpg,AD-50*2*PB,data_raw/uc3m/train/01113.jpg,AD-*062*PB,same,assumed_compatible_text,False
data_raw/uc3m/train/00566.jpg,AD-82*3BR*,data_raw/uc3m/train/00567.jpg,AD-82*3BR*,same,assumed_compatible_text,False
data_raw/uc3m/train/00566.jpg,AD-82*3BR*,data_raw/uc3m/train/00665.jpg,AD-8*33*RV,same,assumed_compatible_text,False
data_raw/uc3m/train/00567.jpg,AD-50*2*PB,data_raw/uc3m/train/01113.jpg,AD-*062*PB,same,assumed_compatible_text,False
data_raw/uc3m/train/00567.jpg,AD-82*3BR*,data_raw/uc3m/train/00665.jpg,AD-8*33*RV,same,assumed_compatible_text,False
data_raw/uc3m/train/00570.jpg,AD-525**SV,data_raw/uc3m/train/00649.jpg,AD-525**SV,same,assumed_compatible_text,False
data_raw/uc3m/train/00571.jpg,AD-41*4DX*,data_raw/uc3m/train/00603.jpg,AD-416**XX,same,assumed_compatible_text,False
data_raw/uc3m/train/00574.jpg,AD-49*3*YS,data_raw/uc3m/train/01623.jpg,AD-4*43L*S,same,assumed_compatible_text,False
data_raw/uc3m/train/00574.jpg,AD-49*3*YS,data_raw/uc3m/train/01624.jpg,AD-4*43L*S,same,assumed_compatible_text,False
data_raw/uc3m/train/00583.jpg,AD-*989J*G,data_raw/uc3m/train/01020.jpg,AD-098*JM*,same,assumed_compatible_text,False
data_raw/uc3m/train/00584.jpg,AD-3*19K*P,data_raw/uc3m/train/00845.jpg,AD-31*9KW*,same,assumed_compatible_text,False
data_raw/uc3m/train/00587.jpg,AD-031*FW*,data_raw/uc3m/train/01682.jpg,AD-03*8*WY,same,assumed_compatible_text,False
data_raw/uc3m/train/00587.jpg,AD-702**MD,data_raw/uc3m/train/00820.jpg,AD-7*22CM*,same,assumed_compatible_text,False
data_raw/uc3m/train/00592.jpg,AD-*999*YM,data_raw/uc3m/train/01708.jpg,AD-9*99GY*,same,assumed_compatible_text,False
data_raw/uc3m/train/00595.jpg,AD-096**RC,data_raw/uc3m/train/01640.jpg,AD-09*6LR*,same,assumed_compatible_text,False
data_raw/uc3m/train/00599.jpg,AD-9*13*MT,data_raw/uc3m/train/00600.jpg,AD-911**MT,same,assumed_compatible_text,False
data_raw/uc3m/train/00602.jpg,AD-*385K*X,data_raw/uc3m/train/01534.jpg,AD-*385*RX,same,assumed_compatible_text,False
data_raw/uc3m/train/00604.jpg,AD-4*70K*V,data_raw/uc3m/train/00605.jpg,AD-4*70K*V,same,assumed_compatible_text,False
data_raw/uc3m/train/00604.jpg,AD-8*17*TX,data_raw/uc3m/train/01800.jpg,AD-89*7LT*,same,assumed_compatible_text,False
data_raw/uc3m/train/00607.jpg,AD-*876K*X,data_raw/uc3m/train/00700.jpg,AD-887*KX*,same,assumed_compatible_text,False
data_raw/uc3m/train/00607.jpg,AD-*876K*X,data_raw/uc3m/train/01238.jpg,AD-78*6KS*,same,assumed_compatible_text,False
data_raw/uc3m/train/00607.jpg,AD-*876K*X,data_raw/uc3m/train/01811.jpg,AD-1*76*MX,same,assumed_compatible_text,False
data_raw/uc3m/train/00609.jpg,AD-0*53*DM,data_raw/uc3m/train/00610.jpg,AD-0*53*DM,same,assumed_compatible_text,False
data_raw/uc3m/train/00612.jpg,AD-677**BN,data_raw/uc3m/train/01679.jpg,AD-67*4FB*,same,assumed_compatible_text,False
data_raw/uc3m/train/00613.jpg,AD-577**XP,data_raw/uc3m/train/01330.jpg,AD-57*5J*P,same,assumed_compatible_text,False
data_raw/uc3m/train/00614.jpg,AD-42*4FS*,data_raw/uc3m/train/00631.jpg,AD-42*4FS*,same,assumed_compatible_text,False
data_raw/uc3m/train/00614.jpg,AD-91*9*RD,data_raw/uc3m/train/00631.jpg,AD-91*9*RD,same,assumed_compatible_text,False
data_raw/uc3m/train/00614.jpg,AD-91*9*RD,data_raw/uc3m/train/00632.jpg,AD-91*9*RD,same,assumed_compatible_text,False
data_raw/uc3m/train/00616.jpg,AD-72*9G*B,data_raw/uc3m/train/00630.jpg,AD-726*G*B,same,assumed_compatible_text,False
data_raw/uc3m/train/00618.jpg,AD-556*H*Y,data_raw/uc3m/train/00619.jpg,AD-556*H*Y,same,assumed_compatible_text,False
data_raw/uc3m/train/00619.jpg,AD-82*8*TB,data_raw/uc3m/train/01609.jpg,AD-8*18HT*,same,assumed_compatible_text,False
data_raw/uc3m/train/00620.jpg,AD-*015*RT,data_raw/uc3m/train/00621.jpg,AD-*015*RT,same,assumed_compatible_text,False
data_raw/uc3m/train/00620.jpg,AD-*015*RT,data_raw/uc3m/train/00622.jpg,AD-*015*RT,same,assumed_compatible_text,False
data_raw/uc3m/train/00620.jpg,AD-16*0B*N,data_raw/uc3m/train/00655.jpg,AD-1*60*NN,same,assumed_compatible_text,False
data_raw/uc3m/train/00620.jpg,AD-2*05*RP,data_raw/uc3m/train/00621.jpg,AD-2*05*RP,same,assumed_compatible_text,False
data_raw/uc3m/train/00620.jpg,AD-6*43*VS,data_raw/uc3m/train/00621.jpg,AD-6*43*VS,same,assumed_compatible_text,False
data_raw/uc3m/train/00620.jpg,AD-6*43*VS,data_raw/uc3m/train/00878.jpg,AD-654*LV*,same,assumed_compatible_text,False
data_raw/uc3m/train/00620.jpg,AD-6*43*VS,data_raw/uc3m/train/00880.jpg,AD-654*LV*,same,assumed_compatible_text,False
data_raw/uc3m/train/00620.jpg,AD-6*43*VS,data_raw/uc3m/train/01310.jpg,AD-60*3KV*,same,assumed_compatible_text,False
data_raw/uc3m/train/00621.jpg,AD-*015*RT,data_raw/uc3m/train/00622.jpg,AD-*015*RT,same,assumed_compatible_text,False
data_raw/uc3m/train/00621.jpg,AD-6*43*VS,data_raw/uc3m/train/00878.jpg,AD-654*LV*,same,assumed_compatible_text,False
data_raw/uc3m/train/00621.jpg,AD-6*43*VS,data_raw/uc3m/train/00880.jpg,AD-654*LV*,same,assumed_compatible_text,False
data_raw/uc3m/train/00621.jpg,AD-6*43*VS,data_raw/uc3m/train/01310.jpg,AD-60*3KV*,same,assumed_compatible_text,False
data_raw/uc3m/train/00621.jpg,AD-843*DY*,data_raw/uc3m/train/00622.jpg,AD-843*DY*,same,assumed_compatible_text,False
data_raw/uc3m/train/00622.jpg,AD-46*4*ZC,data_raw/uc3m/train/00623.jpg,AD-46*4*ZC,same,assumed_compatible_text,False
data_raw/uc3m/train/00622.jpg,AD-89*0B*S,data_raw/uc3m/train/00623.jpg,AD-89*0B*S,same,assumed_compatible_text,False
data_raw/uc3m/train/00622.jpg,AD-89*0B*S,data_raw/uc3m/train/01516.jpg,AD-896*BT*,same,assumed_compatible_text,False
data_raw/uc3m/train/00622.jpg,AD-89*0B*S,data_raw/uc3m/train/01639.jpg,AD-896*BT*,same,assumed_compatible_text,False
data_raw/uc3m/train/00623.jpg,AD-86*2C*M,data_raw/uc3m/train/01035.jpg,AD-8*02*FM,same,assumed_compatible_text,False
data_raw/uc3m/train/00623.jpg,AD-86*2C*M,data_raw/uc3m/train/01084.jpg,AD-861**FM,same,assumed_compatible_text,False
data_raw/uc3m/train/00623.jpg,AD-86*2C*M,data_raw/uc3m/train/01382.jpg,AD-866**NM,same,assumed_compatible_text,False
data_raw/uc3m/train/00623.jpg,AD-86*2C*M,data_raw/uc3m/train/01891.jpg,AD-864**MM,same,assumed_compatible_text,False
data_raw/uc3m/train/00623.jpg,AD-89*0B*S,data_raw/uc3m/train/01516.jpg,AD-896*BT*,same,assumed_compatible_text,False
data_raw/uc3m/train/00623.jpg,AD-89*0B*S,data_raw/uc3m/train/01639.jpg,AD-896*BT*,same,assumed_compatible_text,False
data_raw/uc3m/train/00625.jpg,AD-93*3B*P,data_raw/uc3m/train/00928.jpg,AD-935**HP,same,assumed_compatible_text,False
data_raw/uc3m/train/00626.jpg,AD-*722*BB,data_raw/uc3m/train/00627.jpg,AD-*722*BB,same,assumed_compatible_text,False
data_raw/uc3m/train/00626.jpg,AD-*722*BB,data_raw/uc3m/train/01550.jpg,AD-6*22J*B,same,assumed_compatible_text,False
data_raw/uc3m/train/00626.jpg,AD-0*07C*S,data_raw/uc3m/train/00641.jpg,AD-07*7*BS,same,assumed_compatible_text,False
data_raw/uc3m/train/00626.jpg,AD-0*07C*S,data_raw/uc3m/train/00642.jpg,AD-07*7*BS,same,assumed_compatible_text,False
data_raw/uc3m/train/00627.jpg,AD-*722*BB,data_raw/uc3m/train/01550.jpg,AD-6*22J*B,same,assumed_compatible_text,False
data_raw/uc3m/train/00627.jpg,AD-*868*TV,data_raw/uc3m/train/00628.jpg,AD-*868*TV,same,assumed_compatible_text,False
data_raw/uc3m/train/00627.jpg,AD-445**WR,data_raw/uc3m/train/00628.jpg,AD-445**WR,same,assumed_compatible_text,False
data_raw/uc3m/train/00628.jpg,AD-57*7*MW,data_raw/uc3m/train/00629.jpg,AD-57*7*MW,same,assumed_compatible_text,False
data_raw/uc3m/train/00630.jpg,AD-5*75*DM,data_raw/uc3m/train/00882.jpg,AD-55*5L*M,same,assumed_compatible_text,False
data_raw/uc3m/train/00630.jpg,AD-5*75*DM,data_raw/uc3m/train/00884.jpg,AD-55*5L*M,same,assumed_compatible_text,False
data_raw/uc3m/train/00631.jpg,AD-91*9*RD,data_raw/uc3m/train/00632.jpg,AD-91*9*RD,same,assumed_compatible_text,False
data_raw/uc3m/train/00634.jpg,AD-111**CX,data_raw/uc3m/train/01415.jpg,AD-11*6L*X,same,assumed_compatible_text,False
data_raw/uc3m/train/00635.jpg,AD-737*HY*,data_raw/uc3m/train/00636.jpg,AD-737*HY*,same,assumed_compatible_text,False
data_raw/uc3m/train/00638.jpg,AD-467**TY,data_raw/uc3m/train/00639.jpg,AD-467**TY,same,assumed_compatible_text,False
data_raw/uc3m/train/00639.jpg,AD-33*6*RZ,data_raw/uc3m/train/00640.jpg,AD-33*6*RZ,same,assumed_compatible_text,False
data_raw/uc3m/train/00639.jpg,AD-84*4F*H,data_raw/uc3m/train/00640.jpg,AD-84*4F*H,same,assumed_compatible_text,False
data_raw/uc3m/train/00639.jpg,AD-86*3*DS,data_raw/uc3m/train/00640.jpg,AD-86*3*DS,same,assumed_compatible_text,False
data_raw/uc3m/train/00640.jpg,AD-*001FC*,data_raw/uc3m/train/00641.jpg,AD-*001FC*,same,assumed_compatible_text,False
data_raw/uc3m/train/00640.jpg,AD-*001FC*,data_raw/uc3m/train/01575.jpg,AD-70*1*CR,same,assumed_compatible_text,False
data_raw/uc3m/train/00641.jpg,AD-*001FC*,data_raw/uc3m/train/01575.jpg,AD-70*1*CR,same,assumed_compatible_text,False
data_raw/uc3m/train/00641.jpg,AD-07*7*BS,data_raw/uc3m/train/00642.jpg,AD-07*7*BS,same,assumed_compatible_text,False
data_raw/uc3m/train/00641.jpg,AD-40*9D*S,data_raw/uc3m/train/00642.jpg,AD-40*9D*S,same,assumed_compatible_text,False
data_raw/uc3m/train/00641.jpg,AD-81*7*MR,data_raw/uc3m/train/00642.jpg,AD-81*7*MR,same,assumed_compatible_text,False
data_raw/uc3m/train/00643.jpg,AD-222**WM,data_raw/uc3m/train/00854.jpg,AD-22*2K*M,same,assumed_compatible_text,False
data_raw/uc3m/train/00643.jpg,AD-78*2BJ*,data_raw/uc3m/train/00645.jpg,AD-78*2BJ*,same,assumed_compatible_text,False
data_raw/uc3m/train/00643.jpg,AD-78*2BJ*,data_raw/uc3m/train/00646.jpg,AD-78*2BJ*,same,assumed_compatible_text,False
data_raw/uc3m/train/00645.jpg,AD-655*BW*,data_raw/uc3m/train/01972.jpg,AD-655**WX,same,assumed_compatible_text,False
data_raw/uc3m/train/00645.jpg,AD-78*2BJ*,data_raw/uc3m/train/00646.jpg,AD-78*2BJ*,same,assumed_compatible_text,False
data_raw/uc3m/train/00645.jpg,AD-8*08K*V,data_raw/uc3m/train/01066.jpg,AD-82*8KS*,same,assumed_compatible_text,False
data_raw/uc3m/train/00651.jpg,AD-89*9H*V,data_raw/uc3m/train/00652.jpg,AD-89*9H*V,same,assumed_compatible_text,False
data_raw/uc3m/train/00652.jpg,AD-1*90F*W,data_raw/uc3m/train/00653.jpg,AD-1*90F*W,same,assumed_compatible_text,False
data_raw/uc3m/train/00652.jpg,AD-1*90F*W,data_raw/uc3m/train/01011.jpg,AD-149**NW,same,assumed_compatible_text,False
data_raw/uc3m/train/00653.jpg,AD-1*90F*W,data_raw/uc3m/train/01011.jpg,AD-149**NW,same,assumed_compatible_text,False
data_raw/uc3m/train/00655.jpg,AD-34*7*XB,data_raw/uc3m/train/01630.jpg,AD-3*77KX*,same,assumed_compatible_text,False
data_raw/uc3m/train/00658.jpg,AD-09*8K*W,data_raw/uc3m/train/00659.jpg,AD-09*8K*W,same,assumed_compatible_text,False
data_raw/uc3m/train/00658.jpg,AD-09*8K*W,data_raw/uc3m/train/01091.jpg,AD-0*88K*W,same,assumed_compatible_text,False
data_raw/uc3m/train/00658.jpg,AD-09*8K*W,data_raw/uc3m/train/01548.jpg,AD-0*38KV*,same,assumed_compatible_text,False
data_raw/uc3m/train/00659.jpg,AD-09*8K*W,data_raw/uc3m/train/01091.jpg,AD-0*88K*W,same,assumed_compatible_text,False
data_raw/uc3m/train/00659.jpg,AD-09*8K*W,data_raw/uc3m/train/01548.jpg,AD-0*38KV*,same,assumed_compatible_text,False
data_raw/uc3m/train/00660.jpg,AD-639**VN,data_raw/uc3m/train/00966.jpg,AN-63*4LV*,same,assumed_compatible_text,False
data_raw/uc3m/train/00665.jpg,AD-8*33*RV,data_raw/uc3m/train/00980.jpg,AD-85*3BR*,same,assumed_compatible_text,False
data_raw/uc3m/train/00665.jpg,AD-8*33*RV,data_raw/uc3m/train/01580.jpg,AD-823*DR*,same,assumed_compatible_text,False
data_raw/uc3m/train/00667.jpg,AD-040*C*P,data_raw/uc3m/train/01024.jpg,AD-04*2*JP,same,assumed_compatible_text,False
data_raw/uc3m/train/00667.jpg,AD-040*C*P,data_raw/uc3m/train/01025.jpg,AD-04*2*JP,same,assumed_compatible_text,False
data_raw/uc3m/train/00672.jpg,AD-01*0*GC,data_raw/uc3m/train/00673.jpg,AD-01*0*GC,same,assumed_compatible_text,False
data_raw/uc3m/train/00672.jpg,AD-01*0*GC,data_raw/uc3m/train/00674.jpg,AD-01*0*GC,same,assumed_compatible_text,False
data_raw/uc3m/train/00673.jpg,AD-*088BY*,data_raw/uc3m/train/00674.jpg,AD-*088BY*,same,assumed_compatible_text,False
data_raw/uc3m/train/00673.jpg,AD-01*0*GC,data_raw/uc3m/train/00674.jpg,AD-01*0*GC,same,assumed_compatible_text,False
data_raw/uc3m/train/00674.jpg,AD-13*8FZ*,data_raw/uc3m/train/00675.jpg,AD-13*8FZ*,same,assumed_compatible_text,False
data_raw/uc3m/train/00674.jpg,AD-13*8FZ*,data_raw/uc3m/train/00676.jpg,AD-13*8FZ*,same,assumed_compatible_text,False
data_raw/uc3m/train/00674.jpg,AD-13*8FZ*,data_raw/uc3m/train/00677.jpg,AD-13*8FZ*,same,assumed_compatible_text,False
data_raw/uc3m/train/00674.jpg,AD-70*4B*M,data_raw/uc3m/train/00675.jpg,AD-70*4B*M,same,assumed_compatible_text,False
data_raw/uc3m/train/00675.jpg,AD-0*40FY*,data_raw/uc3m/train/00676.jpg,AD-0*40FY*,same,assumed_compatible_text,False
data_raw/uc3m/train/00675.jpg,AD-0*40FY*,data_raw/uc3m/train/01501.jpg,AD-04*0*YD,same,assumed_compatible_text,False
data_raw/uc3m/train/00675.jpg,AD-13*8FZ*,data_raw/uc3m/train/00676.jpg,AD-13*8FZ*,same,assumed_compatible_text,False
data_raw/uc3m/train/00675.jpg,AD-13*8FZ*,data_raw/uc3m/train/00677.jpg,AD-13*8FZ*,same,assumed_compatible_text,False
data_raw/uc3m/train/00675.jpg,AD-734*CB*,data_raw/uc3m/train/00676.jpg,AD-734*CB*,same,assumed_compatible_text,False
data_raw/uc3m/train/00676.jpg,AD-*864*GG,data_raw/uc3m/train/00677.jpg,AD-*864*GG,same,assumed_compatible_text,False
data_raw/uc3m/train/00676.jpg,AD-*864*GG,data_raw/uc3m/train/00678.jpg,AD-*864*GG,same,assumed_compatible_text,False
data_raw/uc3m/train/00676.jpg,AD-0*40FY*,data_raw/uc3m/train/01501.jpg,AD-04*0*YD,same,assumed_compatible_text,False
data_raw/uc3m/train/00676.jpg,AD-13*8FZ*,data_raw/uc3m/train/00677.jpg,AD-13*8FZ*,same,assumed_compatible_text,False
data_raw/uc3m/train/00676.jpg,AD-7*00*FR,data_raw/uc3m/train/00677.jpg,AD-7*00*FR,same,assumed_compatible_text,False
data_raw/uc3m/train/00676.jpg,AD-7*00*FR,data_raw/uc3m/train/00678.jpg,AD-7*00*FR,same,assumed_compatible_text,False
data_raw/uc3m/train/00677.jpg,AD-*864*GG,data_raw/uc3m/train/00678.jpg,AD-*864*GG,same,assumed_compatible_text,False
data_raw/uc3m/train/00677.jpg,AD-1*19FM*,data_raw/uc3m/train/00678.jpg,AD-1*19FM*,same,assumed_compatible_text,False
data_raw/uc3m/train/00677.jpg,AD-317*DS*,data_raw/uc3m/train/00678.jpg,AD-317*DS*,same,assumed_compatible_text,False
data_raw/uc3m/train/00677.jpg,AD-7*00*FR,data_raw/uc3m/train/00678.jpg,AD-7*00*FR,same,assumed_compatible_text,False
data_raw/uc3m/train/00677.jpg,AD-73*3JY*,data_raw/uc3m/train/00678.jpg,AD-73*3JY*,same,assumed_compatible_text,False
data_raw/uc3m/train/00679.jpg,AD-55*4*CN,data_raw/uc3m/train/00680.jpg,AD-55*4*CN,same,assumed_compatible_text,False
data_raw/uc3m/train/00679.jpg,AD-55*4*CN,data_raw/uc3m/train/00681.jpg,AD-55*4*CN,same,assumed_compatible_text,False
data_raw/uc3m/train/00679.jpg,AD-7*15*SZ,data_raw/uc3m/train/00680.jpg,AD-7*15*SZ,same,assumed_compatible_text,False
data_raw/uc3m/train/00679.jpg,AD-7*15*SZ,data_raw/uc3m/train/00681.jpg,AD-7*15*SZ,same,assumed_compatible_text,False
data_raw/uc3m/train/00679.jpg,AD-7*15*SZ,data_raw/uc3m/train/00985.jpg,AD-791*HS*,same,assumed_compatible_text,False
data_raw/uc3m/train/00679.jpg,AD-99*1*NW,data_raw/uc3m/train/00680.jpg,AD-99*1*NW,same,assumed_compatible_text,False
data_raw/uc3m/train/00679.jpg,AD-99*1*NW,data_raw/uc3m/train/00681.jpg,AD-99*1*NW,same,assumed_compatible_text,False
data_raw/uc3m/train/00679.jpg,AD-M31*5*Y,data_raw/uc3m/train/01526.jpg,AD-*315*PY,same,assumed_compatible_text,False
data_raw/uc3m/train/00680.jpg,AD-55*4*CN,data_raw/uc3m/train/00681.jpg,AD-55*4*CN,same,assumed_compatible_text,False
data_raw/uc3m/train/00680.jpg,AD-66*1*FW,data_raw/uc3m/train/00681.jpg,AD-66*1*FW,same,assumed_compatible_text,False
data_raw/uc3m/train/00680.jpg,AD-7*15*SZ,data_raw/uc3m/train/00681.jpg,AD-7*15*SZ,same,assumed_compatible_text,False
data_raw/uc3m/train/00680.jpg,AD-7*15*SZ,data_raw/uc3m/train/00985.jpg,AD-791*HS*,same,assumed_compatible_text,False
data_raw/uc3m/train/00680.jpg,AD-99*1*NW,data_raw/uc3m/train/00681.jpg,AD-99*1*NW,same,assumed_compatible_text,False
data_raw/uc3m/train/00681.jpg,AD-7*15*SZ,data_raw/uc3m/train/00985.jpg,AD-791*HS*,same,assumed_compatible_text,False
data_raw/uc3m/train/00685.jpg,AD-05*2K*K,data_raw/uc3m/train/00830.jpg,AD-059**DK,same,assumed_compatible_text,False
data_raw/uc3m/train/00690.jpg,AD-9*99C*F,data_raw/uc3m/train/00764.jpg,AD-*299*GF,same,assumed_compatible_text,False
data_raw/uc3m/train/00695.jpg,AD-35*1G*V,data_raw/uc3m/train/00696.jpg,AD-35*1G*V,same,assumed_compatible_text,False
data_raw/uc3m/train/00695.jpg,AD-35*1G*V,data_raw/uc3m/train/00708.jpg,AD-359*GZ*,same,assumed_compatible_text,False
data_raw/uc3m/train/00696.jpg,AD-35*1G*V,data_raw/uc3m/train/00708.jpg,AD-359*GZ*,same,assumed_compatible_text,False
data_raw/uc3m/train/00705.jpg,AD-*038LR*,data_raw/uc3m/train/01905.jpg,AN-70*8*RC,same,assumed_compatible_text,False
data_raw/uc3m/train/00706.jpg,AD-28*2*PS,data_raw/uc3m/train/01839.jpg,AD-280*J*S,same,assumed_compatible_text,False
data_raw/uc3m/train/00709.jpg,AD-437*LR*,data_raw/uc3m/train/00710.jpg,AD-437*LR*,same,assumed_compatible_text,False
data_raw/uc3m/train/00712.jpg,AD-*638*SN,data_raw/uc3m/train/00713.jpg,AD-*638*SN,same,assumed_compatible_text,False
data_raw/uc3m/train/00712.jpg,AD-*638*SN,data_raw/uc3m/train/00714.jpg,AD-*638*SN,same,assumed_compatible_text,False
data_raw/uc3m/train/00712.jpg,AD-*638*SN,data_raw/uc3m/train/00715.jpg,AD-*638*SN,same,assumed_compatible_text,False
data_raw/uc3m/train/00712.jpg,AD-*638*SN,data_raw/uc3m/train/00718.jpg,AD-*638*SN,same,assumed_compatible_text,False
data_raw/uc3m/train/00712.jpg,AD-*638*SN,data_raw/uc3m/train/00719.jpg,AD-*638*SN,same,assumed_compatible_text,False
data_raw/uc3m/train/00712.jpg,AD-*638*SN,data_raw/uc3m/train/00720.jpg,AD-*638*SN,same,assumed_compatible_text,False
data_raw/uc3m/train/00712.jpg,AD-799*KZ*,data_raw/uc3m/train/00843.jpg,AD-*995*ZD,same,assumed_compatible_text,False
data_raw/uc3m/train/00713.jpg,AD-*638*SN,data_raw/uc3m/train/00714.jpg,AD-*638*SN,same,assumed_compatible_text,False
data_raw/uc3m/train/00713.jpg,AD-*638*SN,data_raw/uc3m/train/00715.jpg,AD-*638*SN,same,assumed_compatible_text,False
data_raw/uc3m/train/00713.jpg,AD-*638*SN,data_raw/uc3m/train/00718.jpg,AD-*638*SN,same,assumed_compatible_text,False
data_raw/uc3m/train/00713.jpg,AD-*638*SN,data_raw/uc3m/train/00719.jpg,AD-*638*SN,same,assumed_compatible_text,False
data_raw/uc3m/train/00713.jpg,AD-*638*SN,data_raw/uc3m/train/00720.jpg,AD-*638*SN,same,assumed_compatible_text,False
data_raw/uc3m/train/00714.jpg,AD-*638*SN,data_raw/uc3m/train/00715.jpg,AD-*638*SN,same,assumed_compatible_text,False
data_raw/uc3m/train/00714.jpg,AD-*638*SN,data_raw/uc3m/train/00718.jpg,AD-*638*SN,same,assumed_compatible_text,False
data_raw/uc3m/train/00714.jpg,AD-*638*SN,data_raw/uc3m/train/00719.jpg,AD-*638*SN,same,assumed_compatible_text,False
data_raw/uc3m/train/00714.jpg,AD-*638*SN,data_raw/uc3m/train/00720.jpg,AD-*638*SN,same,assumed_compatible_text,False
data_raw/uc3m/train/00715.jpg,AD-*638*SN,data_raw/uc3m/train/00718.jpg,AD-*638*SN,same,assumed_compatible_text,False
data_raw/uc3m/train/00715.jpg,AD-*638*SN,data_raw/uc3m/train/00719.jpg,AD-*638*SN,same,assumed_compatible_text,False
data_raw/uc3m/train/00715.jpg,AD-*638*SN,data_raw/uc3m/train/00720.jpg,AD-*638*SN,same,assumed_compatible_text,False
data_raw/uc3m/train/00715.jpg,AD-0*13DZ*,data_raw/uc3m/train/01018.jpg,AD-*113DZ*,same,assumed_compatible_text,False
data_raw/uc3m/train/00715.jpg,AD-0*13DZ*,data_raw/uc3m/train/01411.jpg,AD-05*3*ZT,same,assumed_compatible_text,False
data_raw/uc3m/train/00718.jpg,AD-*638*SN,data_raw/uc3m/train/00719.jpg,AD-*638*SN,same,assumed_compatible_text,False
data_raw/uc3m/train/00718.jpg,AD-*638*SN,data_raw/uc3m/train/00720.jpg,AD-*638*SN,same,assumed_compatible_text,False
data_raw/uc3m/train/00718.jpg,AD-M49*9*V,data_raw/uc3m/train/01674.jpg,AD-M499*Y*,same,assumed_compatible_text,False
data_raw/uc3m/train/00719.jpg,AD-*638*SN,data_raw/uc3m/train/00720.jpg,AD-*638*SN,same,assumed_compatible_text,False
data_raw/uc3m/train/00719.jpg,AD-2*35*FS,data_raw/uc3m/train/01246.jpg,AD-22*5L*S,same,assumed_compatible_text,False
data_raw/uc3m/train/00723.jpg,AD-TO901*A*,data_raw/uc3m/train/01906.jpg,AD-TO901*A*,same,assumed_compatible_text,False
data_raw/uc3m/train/00734.jpg,AN-24*5J*L,data_raw/uc3m/train/01541.jpg,AD-2*25JB*,same,assumed_compatible_text,False
data_raw/uc3m/train/00736.jpg,AN-5*34*CT,data_raw/uc3m/train/00737.jpg,AN-5*34*CT,same,assumed_compatible_text,False
data_raw/uc3m/train/00736.jpg,AN-5*34*CT,data_raw/uc3m/train/00738.jpg,AN-5*34*CT,same,assumed_compatible_text,False
data_raw/uc3m/train/00737.jpg,AN-459**VV,data_raw/uc3m/train/00738.jpg,AN-459**VV,same,assumed_compatible_text,False
data_raw/uc3m/train/00737.jpg,AN-459**VV,data_raw/uc3m/train/00739.jpg,AN-459**VV,same,assumed_compatible_text,False
data_raw/uc3m/train/00737.jpg,AN-459**VV,data_raw/uc3m/train/00740.jpg,AN-459**VV,same,assumed_compatible_text,False
data_raw/uc3m/train/00737.jpg,AN-459**VV,data_raw/uc3m/train/01675.jpg,AD-45*7H*V,same,assumed_compatible_text,False
data_raw/uc3m/train/00737.jpg,AN-5*34*CT,data_raw/uc3m/train/00738.jpg,AN-5*34*CT,same,assumed_compatible_text,False
data_raw/uc3m/train/00738.jpg,AN-459**VV,data_raw/uc3m/train/00739.jpg,AN-459**VV,same,assumed_compatible_text,False
data_raw/uc3m/train/00738.jpg,AN-459**VV,data_raw/uc3m/train/00740.jpg,AN-459**VV,same,assumed_compatible_text,False
data_raw/uc3m/train/00738.jpg,AN-459**VV,data_raw/uc3m/train/01675.jpg,AD-45*7H*V,same,assumed_compatible_text,False
data_raw/uc3m/train/00739.jpg,AN-459**VV,data_raw/uc3m/train/00740.jpg,AN-459**VV,same,assumed_compatible_text,False
data_raw/uc3m/train/00739.jpg,AN-459**VV,data_raw/uc3m/train/01675.jpg,AD-45*7H*V,same,assumed_compatible_text,False
data_raw/uc3m/train/00740.jpg,AN-459**VV,data_raw/uc3m/train/01675.jpg,AD-45*7H*V,same,assumed_compatible_text,False
data_raw/uc3m/train/00746.jpg,AN-003*K*P,data_raw/uc3m/train/01266.jpg,AD-0*37KW*,same,assumed_compatible_text,False
data_raw/uc3m/train/00746.jpg,AN-003*K*P,data_raw/uc3m/train/01548.jpg,AD-0*38KV*,same,assumed_compatible_text,False
data_raw/uc3m/train/00752.jpg,AD-79*4HG*,data_raw/uc3m/train/01846.jpg,AD-798**GS,same,assumed_compatible_text,False
data_raw/uc3m/train/00754.jpg,AD-1*23J*M,data_raw/uc3m/train/00755.jpg,AD-1*23J*M,same,assumed_compatible_text,False
data_raw/uc3m/train/00754.jpg,AD-1*23J*M,data_raw/uc3m/train/01828.jpg,AD-11*3JH*,same,assumed_compatible_text,False
data_raw/uc3m/train/00755.jpg,AD-1*23J*M,data_raw/uc3m/train/01828.jpg,AD-11*3JH*,same,assumed_compatible_text,False
data_raw/uc3m/train/00758.jpg,AD-029**DP,data_raw/uc3m/train/01021.jpg,AD-02*7L*P,same,assumed_compatible_text,False
data_raw/uc3m/train/00759.jpg,AD-068*LP*,data_raw/uc3m/train/01933.jpg,AD-0*86L*R,same,assumed_compatible_text,False
data_raw/uc3m/train/00761.jpg,AD-44*1*RR,data_raw/uc3m/train/01350.jpg,AD-44*1LR*,same,assumed_compatible_text,False
data_raw/uc3m/train/00768.jpg,AD-220**MZ,data_raw/uc3m/train/00769.jpg,AD-220**MZ,same,assumed_compatible_text,False
data_raw/uc3m/train/00768.jpg,AD-220**MZ,data_raw/uc3m/train/01819.jpg,AD-2*06H*Z,same,assumed_compatible_text,False
data_raw/uc3m/train/00769.jpg,AD-220**MZ,data_raw/uc3m/train/01819.jpg,AD-2*06H*Z,same,assumed_compatible_text,False
data_raw/uc3m/train/00773.jpg,AD-5*25G*C,data_raw/uc3m/train/00774.jpg,AD-5*25G*C,same,assumed_compatible_text,False
data_raw/uc3m/train/00777.jpg,AD-M69*4*H,data_raw/uc3m/train/00778.jpg,AD-M69*4*H,same,assumed_compatible_text,False
data_raw/uc3m/train/00779.jpg,AD-73*3L*R,data_raw/uc3m/train/00784.jpg,AD-73*3L*R,same,assumed_compatible_text,False
data_raw/uc3m/train/00782.jpg,DD-238*L*N,data_raw/uc3m/train/00783.jpg,DD-238*L*N,same,assumed_compatible_text,False
data_raw/uc3m/train/00785.jpg,AD-*877LN*,data_raw/uc3m/train/01085.jpg,AD-18*7*NP,same,assumed_compatible_text,False
data_raw/uc3m/train/00785.jpg,AD-*877LN*,data_raw/uc3m/train/01478.jpg,AD-7*77L*K,same,assumed_compatible_text,False
data_raw/uc3m/train/00790.jpg,AD-785*H*B,data_raw/uc3m/train/00795.jpg,AD-785*H*B,same,assumed_compatible_text,False
data_raw/uc3m/train/00790.jpg,AD-785*H*B,data_raw/uc3m/train/00796.jpg,AD-785*H*B,same,assumed_compatible_text,False
data_raw/uc3m/train/00790.jpg,AD-785*H*B,data_raw/uc3m/train/01285.jpg,AD-78*1HY*,same,assumed_compatible_text,False
data_raw/uc3m/train/00791.jpg,AD-740*C*T,data_raw/uc3m/train/01676.jpg,AD-74*9*DT,same,assumed_compatible_text,False
data_raw/uc3m/train/00795.jpg,AD-*479LK*,data_raw/uc3m/train/01152.jpg,AD-947*L*L,same,assumed_compatible_text,False
data_raw/uc3m/train/00795.jpg,AD-785*H*B,data_raw/uc3m/train/00796.jpg,AD-785*H*B,same,assumed_compatible_text,False
data_raw/uc3m/train/00795.jpg,AD-785*H*B,data_raw/uc3m/train/01285.jpg,AD-78*1HY*,same,assumed_compatible_text,False
data_raw/uc3m/train/00796.jpg,AD-785*H*B,data_raw/uc3m/train/01285.jpg,AD-78*1HY*,same,assumed_compatible_text,False
data_raw/uc3m/train/00797.jpg,BD-28*2H*C,data_raw/uc3m/train/01089.jpg,AD-288*HB*,same,assumed_compatible_text,False
data_raw/uc3m/train/00801.jpg,AD-M34*4Y*,data_raw/uc3m/train/00802.jpg,AD-M34*4Y*,same,assumed_compatible_text,False
data_raw/uc3m/train/00801.jpg,AD-M34*4Y*,data_raw/uc3m/train/00803.jpg,AD-M34*4Y*,same,assumed_compatible_text,False
data_raw/uc3m/train/00802.jpg,AD-M34*4Y*,data_raw/uc3m/train/00803.jpg,AD-M34*4Y*,same,assumed_compatible_text,False
data_raw/uc3m/train/00811.jpg,BD-34*3F*D,data_raw/uc3m/train/01403.jpg,AD-344**JD,same,assumed_compatible_text,False
data_raw/uc3m/train/00821.jpg,DD-*111LS*,data_raw/uc3m/train/01452.jpg,AD-61*1L*L,same,assumed_compatible_text,False
data_raw/uc3m/train/00824.jpg,AD-*717*PZ,data_raw/uc3m/train/01045.jpg,AD-27*7C*Z,same,assumed_compatible_text,False
data_raw/uc3m/train/00824.jpg,AD-214*LS*,data_raw/uc3m/train/00827.jpg,AD-214*LS*,same,assumed_compatible_text,False
data_raw/uc3m/train/00824.jpg,AD-909**FY,data_raw/uc3m/train/00843.jpg,AD-909**FY,same,assumed_compatible_text,False
data_raw/uc3m/train/00825.jpg,AD-9*38H*F,data_raw/uc3m/train/00828.jpg,AD-9*38H*F,same,assumed_compatible_text,False
data_raw/uc3m/train/00825.jpg,AD-9*38H*F,data_raw/uc3m/train/00830.jpg,AD-9*38H*F,same,assumed_compatible_text,False
data_raw/uc3m/train/00825.jpg,AD-9*38H*F,data_raw/uc3m/train/01797.jpg,AD-993*HT*,same,assumed_compatible_text,False
data_raw/uc3m/train/00826.jpg,AD-362*JW*,data_raw/uc3m/train/00830.jpg,AD-362*JW*,same,assumed_compatible_text,False
data_raw/uc3m/train/00826.jpg,AD-362*JW*,data_raw/uc3m/train/01203.jpg,AD-36*7*WF,same,assumed_compatible_text,False
data_raw/uc3m/train/00828.jpg,AD-9*38H*F,data_raw/uc3m/train/00830.jpg,AD-9*38H*F,same,assumed_compatible_text,False
data_raw/uc3m/train/00828.jpg,AD-9*38H*F,data_raw/uc3m/train/01797.jpg,AD-993*HT*,same,assumed_compatible_text,False
data_raw/uc3m/train/00829.jpg,AD-43*6K*K,data_raw/uc3m/train/00830.jpg,AD-43*6K*K,same,assumed_compatible_text,False
data_raw/uc3m/train/00829.jpg,AD-43*6K*K,data_raw/uc3m/train/01583.jpg,AD-439*KW*,same,assumed_compatible_text,False
data_raw/uc3m/train/00830.jpg,AD-362*JW*,data_raw/uc3m/train/01203.jpg,AD-36*7*WF,same,assumed_compatible_text,False
data_raw/uc3m/train/00830.jpg,AD-43*6K*K,data_raw/uc3m/train/01583.jpg,AD-439*KW*,same,assumed_compatible_text,False
data_raw/uc3m/train/00830.jpg,AD-9*38H*F,data_raw/uc3m/train/01797.jpg,AD-993*HT*,same,assumed_compatible_text,False
data_raw/uc3m/train/00838.jpg,AD-0*12K*P,data_raw/uc3m/train/01024.jpg,AD-04*2*JP,same,assumed_compatible_text,False
data_raw/uc3m/train/00838.jpg,AD-0*12K*P,data_raw/uc3m/train/01025.jpg,AD-04*2*JP,same,assumed_compatible_text,False
data_raw/uc3m/train/00840.jpg,AD-16*5KS*,data_raw/uc3m/train/01274.jpg,AD-*655KS*,same,assumed_compatible_text,False
data_raw/uc3m/train/00846.jpg,AD-*774FV*,data_raw/uc3m/train/00973.jpg,AD-777*F*B,same,assumed_compatible_text,False
data_raw/uc3m/train/00846.jpg,AD-*774FV*,data_raw/uc3m/train/00974.jpg,AD-777*F*B,same,assumed_compatible_text,False
data_raw/uc3m/train/00851.jpg,AD-078*LM*,data_raw/uc3m/train/01933.jpg,AD-0*86L*R,same,assumed_compatible_text,False
data_raw/uc3m/train/00851.jpg,AD-12*2J*J,data_raw/uc3m/train/00852.jpg,AD-12*2J*J,same,assumed_compatible_text,False
data_raw/uc3m/train/00851.jpg,AD-12*2J*J,data_raw/uc3m/train/00853.jpg,AD-12*2J*J,same,assumed_compatible_text,False
data_raw/uc3m/train/00851.jpg,AD-12*2J*J,data_raw/uc3m/train/01699.jpg,AD-*202JB*,same,assumed_compatible_text,False
data_raw/uc3m/train/00852.jpg,AD-12*2J*J,data_raw/uc3m/train/00853.jpg,AD-12*2J*J,same,assumed_compatible_text,False
data_raw/uc3m/train/00852.jpg,AD-12*2J*J,data_raw/uc3m/train/01699.jpg,AD-*202JB*,same,assumed_compatible_text,False
data_raw/uc3m/train/00853.jpg,AD-1*36*KZ,data_raw/uc3m/train/00854.jpg,AD-1*36*KZ,same,assumed_compatible_text,False
data_raw/uc3m/train/00853.jpg,AD-1*36*KZ,data_raw/uc3m/train/00856.jpg,AD-1*36*KZ,same,assumed_compatible_text,False
data_raw/uc3m/train/00853.jpg,AD-12*2J*J,data_raw/uc3m/train/01699.jpg,AD-*202JB*,same,assumed_compatible_text,False
data_raw/uc3m/train/00854.jpg,AD-1*36*KZ,data_raw/uc3m/train/00856.jpg,AD-1*36*KZ,same,assumed_compatible_text,False
data_raw/uc3m/train/00854.jpg,AD-22*2K*M,data_raw/uc3m/train/00900.jpg,AD-*272KW*,same,assumed_compatible_text,False
data_raw/uc3m/train/00860.jpg,AD-115*LP*,data_raw/uc3m/train/01415.jpg,AD-11*6L*X,same,assumed_compatible_text,False
data_raw/uc3m/train/00864.jpg,AD-5*29B*T,data_raw/uc3m/train/00874.jpg,AD-5*29B*T,same,assumed_compatible_text,False
data_raw/uc3m/train/00865.jpg,AD-*732*DB,data_raw/uc3m/train/00866.jpg,AD-*732*DB,same,assumed_compatible_text,False
data_raw/uc3m/train/00870.jpg,AD-77*6G*F,data_raw/uc3m/train/01818.jpg,AD-77*6*DF,same,assumed_compatible_text,False
data_raw/uc3m/train/00878.jpg,AD-654*LV*,data_raw/uc3m/train/00880.jpg,AD-654*LV*,same,assumed_compatible_text,False
data_raw/uc3m/train/00882.jpg,AD-55*5L*M,data_raw/uc3m/train/00884.jpg,AD-55*5L*M,same,assumed_compatible_text,False
data_raw/uc3m/train/00882.jpg,AD-55*5L*M,data_raw/uc3m/train/01111.jpg,AD-*575LP*,same,assumed_compatible_text,False
data_raw/uc3m/train/00882.jpg,AD-55*5L*M,data_raw/uc3m/train/01590.jpg,AD-*585LS*,same,assumed_compatible_text,False
data_raw/uc3m/train/00884.jpg,AD-*798*WV,data_raw/uc3m/train/00885.jpg,AD-*798*WV,same,assumed_compatible_text,False
data_raw/uc3m/train/00884.jpg,AD-55*5L*M,data_raw/uc3m/train/01111.jpg,AD-*575LP*,same,assumed_compatible_text,False
data_raw/uc3m/train/00884.jpg,AD-55*5L*M,data_raw/uc3m/train/01590.jpg,AD-*585LS*,same,assumed_compatible_text,False
data_raw/uc3m/train/00885.jpg,AD-194**SS,data_raw/uc3m/train/01833.jpg,AD-19*8D*S,same,assumed_compatible_text,False
data_raw/uc3m/train/00888.jpg,AD-83*9H*D,data_raw/uc3m/train/01877.jpg,AD-832*HG*,same,assumed_compatible_text,False
data_raw/uc3m/train/00890.jpg,AD-84*4LV*,data_raw/uc3m/train/01168.jpg,AD-841**VT,same,assumed_compatible_text,False
data_raw/uc3m/train/00891.jpg,AD-10*1*DG,data_raw/uc3m/train/00893.jpg,AD-10*1*DG,same,assumed_compatible_text,False
data_raw/uc3m/train/00893.jpg,AD-75*1*WD,data_raw/uc3m/train/01618.jpg,AD-759*DW*,same,assumed_compatible_text,False
data_raw/uc3m/train/00904.jpg,AD-494*LT*,data_raw/uc3m/train/01623.jpg,AD-4*43L*S,same,assumed_compatible_text,False
data_raw/uc3m/train/00904.jpg,AD-494*LT*,data_raw/uc3m/train/01624.jpg,AD-4*43L*S,same,assumed_compatible_text,False
data_raw/uc3m/train/00905.jpg,AD-2*34KY*,data_raw/uc3m/train/01656.jpg,AD-293*KY*,same,assumed_compatible_text,False
data_raw/uc3m/train/00918.jpg,AD-6*26C*C,data_raw/uc3m/train/01426.jpg,AD-6*26*FC,same,assumed_compatible_text,False
data_raw/uc3m/train/00918.jpg,AD-6*26C*C,data_raw/uc3m/train/01661.jpg,AD-682**FC,same,assumed_compatible_text,False
data_raw/uc3m/train/00919.jpg,AD-*187J*Y,data_raw/uc3m/train/00931.jpg,AD-*187J*Y,same,assumed_compatible_text,False
data_raw/uc3m/train/00925.jpg,AD-42*4L*J,data_raw/uc3m/train/01196.jpg,AD-420**XJ,same,assumed_compatible_text,False
data_raw/uc3m/train/00930.jpg,AD-*775F*S,data_raw/uc3m/train/01914.jpg,AD-77*5*VS,same,assumed_compatible_text,False
data_raw/uc3m/train/00944.jpg,AN-89*7*MC,data_raw/uc3m/train/00946.jpg,AN-89*7*MC,same,assumed_compatible_text,False
data_raw/uc3m/train/00951.jpg,AN-989**CV,data_raw/uc3m/train/00971.jpg,AN-9*96K*V,same,assumed_compatible_text,False
data_raw/uc3m/train/00954.jpg,AN-75*3K*D,data_raw/uc3m/train/01118.jpg,AD-751**TD,same,assumed_compatible_text,False
data_raw/uc3m/train/00954.jpg,AN-75*3K*D,data_raw/uc3m/train/01221.jpg,AD-7*73KS*,same,assumed_compatible_text,False
data_raw/uc3m/train/00954.jpg,AN-75*3K*D,data_raw/uc3m/train/01592.jpg,AD-753*KX*,same,assumed_compatible_text,False
data_raw/uc3m/train/00973.jpg,AD-*781*ZT,data_raw/uc3m/train/00974.jpg,AD-*781*ZT,same,assumed_compatible_text,False
data_raw/uc3m/train/00973.jpg,AD-777*F*B,data_raw/uc3m/train/00974.jpg,AD-777*F*B,same,assumed_compatible_text,False
data_raw/uc3m/train/00973.jpg,AD-857**MX,data_raw/uc3m/train/00974.jpg,AD-857**MX,same,assumed_compatible_text,False
data_raw/uc3m/train/00974.jpg,AD-21*0*CX,data_raw/uc3m/train/00975.jpg,AD-21*0*CX,same,assumed_compatible_text,False
data_raw/uc3m/train/00975.jpg,AN-75*1*XR,data_raw/uc3m/train/01592.jpg,AD-753*KX*,same,assumed_compatible_text,False
data_raw/uc3m/train/00977.jpg,AD-04*3J*T,data_raw/uc3m/train/01080.jpg,AD-0*33JY*,same,assumed_compatible_text,False
data_raw/uc3m/train/00977.jpg,AD-19*7*WP,data_raw/uc3m/train/01175.jpg,AD-195*L*P,same,assumed_compatible_text,False
data_raw/uc3m/train/00982.jpg,AD-685**DP,data_raw/uc3m/train/01099.jpg,AD-68*6J*P,same,assumed_compatible_text,False
data_raw/uc3m/train/00985.jpg,AD-791*HS*,data_raw/uc3m/train/01770.jpg,AD-79*5*SW,same,assumed_compatible_text,False
data_raw/uc3m/train/00987.jpg,AD-04*6*MT,data_raw/uc3m/train/01935.jpg,AD-*466CM*,same,assumed_compatible_text,False
data_raw/uc3m/train/00993.jpg,AD-77*3*VP,data_raw/uc3m/train/01102.jpg,AD-778*DV*,same,assumed_compatible_text,False
data_raw/uc3m/train/00998.jpg,AD-841**FK,data_raw/uc3m/train/01368.jpg,AD-*418D*K,same,assumed_compatible_text,False
data_raw/uc3m/train/01001.jpg,AD-62*0HD*,data_raw/uc3m/train/01402.jpg,AD-62*0H*D,same,assumed_compatible_text,False
data_raw/uc3m/train/01007.jpg,AD-342*KN*,data_raw/uc3m/train/01012.jpg,AD-342*KN*,same,assumed_compatible_text,False
data_raw/uc3m/train/01007.jpg,AD-929**DG,data_raw/uc3m/train/01012.jpg,AD-929**DG,same,assumed_compatible_text,False
data_raw/uc3m/train/01008.jpg,AD-965**NR,data_raw/uc3m/train/01012.jpg,AD-965**NR,same,assumed_compatible_text,False
data_raw/uc3m/train/01010.jpg,AD-702**SH,data_raw/uc3m/train/01011.jpg,AD-702**SH,same,assumed_compatible_text,False
data_raw/uc3m/train/01012.jpg,AD-225*HZ*,data_raw/uc3m/train/01715.jpg,AD-*252*ZR,same,assumed_compatible_text,False
data_raw/uc3m/train/01018.jpg,AD-*113DZ*,data_raw/uc3m/train/01019.jpg,AD-911*DZ*,same,assumed_compatible_text,False
data_raw/uc3m/train/01021.jpg,AD-20*9*KZ,data_raw/uc3m/train/01022.jpg,AD-20*9*KZ,same,assumed_compatible_text,False
data_raw/uc3m/train/01021.jpg,AD-20*9*KZ,data_raw/uc3m/train/01023.jpg,AD-20*9*KZ,same,assumed_compatible_text,False
data_raw/uc3m/train/01022.jpg,AD-20*9*KZ,data_raw/uc3m/train/01023.jpg,AD-20*9*KZ,same,assumed_compatible_text,False
data_raw/uc3m/train/01023.jpg,AD-707*K*X,data_raw/uc3m/train/01025.jpg,AD-707*K*X,same,assumed_compatible_text,False
data_raw/uc3m/train/01023.jpg,AD-707*K*X,data_raw/uc3m/train/01028.jpg,AD-707*K*X,same,assumed_compatible_text,False
data_raw/uc3m/train/01023.jpg,AD-707*K*X,data_raw/uc3m/train/01221.jpg,AD-7*73KS*,same,assumed_compatible_text,False
data_raw/uc3m/train/01023.jpg,AD-707*K*X,data_raw/uc3m/train/01703.jpg,AD-707*KT*,same,assumed_compatible_text,False
data_raw/uc3m/train/01024.jpg,AD-04*2*JP,data_raw/uc3m/train/01025.jpg,AD-04*2*JP,same,assumed_compatible_text,False
data_raw/uc3m/train/01025.jpg,AD-707*K*X,data_raw/uc3m/train/01028.jpg,AD-707*K*X,same,assumed_compatible_text,False
data_raw/uc3m/train/01025.jpg,AD-707*K*X,data_raw/uc3m/train/01221.jpg,AD-7*73KS*,same,assumed_compatible_text,False
data_raw/uc3m/train/01025.jpg,AD-707*K*X,data_raw/uc3m/train/01703.jpg,AD-707*KT*,same,assumed_compatible_text,False
data_raw/uc3m/train/01027.jpg,AD-721*H*M,data_raw/uc3m/train/01028.jpg,AD-721*H*M,same,assumed_compatible_text,False
data_raw/uc3m/train/01028.jpg,AD-707*K*X,data_raw/uc3m/train/01221.jpg,AD-7*73KS*,same,assumed_compatible_text,False
data_raw/uc3m/train/01028.jpg,AD-707*K*X,data_raw/uc3m/train/01703.jpg,AD-707*KT*,same,assumed_compatible_text,False
data_raw/uc3m/train/01030.jpg,AD-056**WZ,data_raw/uc3m/train/01067.jpg,AD-056*BW*,same,assumed_compatible_text,False
data_raw/uc3m/train/01031.jpg,AD-62*8LT*,data_raw/uc3m/train/01161.jpg,AD-626*L*L,same,assumed_compatible_text,False
data_raw/uc3m/train/01032.jpg,AD-95*0LN*,data_raw/uc3m/train/01250.jpg,AD-95*0*NX,same,assumed_compatible_text,False
data_raw/uc3m/train/01032.jpg,AD-95*0LN*,data_raw/uc3m/train/01743.jpg,AD-955**NT,same,assumed_compatible_text,False
data_raw/uc3m/train/01035.jpg,AD-8*02*FM,data_raw/uc3m/train/01178.jpg,AD-82*2*FM,same,assumed_compatible_text,False
data_raw/uc3m/train/01041.jpg,AD-81*0C*Y,data_raw/uc3m/train/01777.jpg,AD-819**KY,same,assumed_compatible_text,False
data_raw/uc3m/train/01045.jpg,AD-0*23*WM,data_raw/uc3m/train/01046.jpg,AD-0*23*WM,same,assumed_compatible_text,False
data_raw/uc3m/train/01045.jpg,AD-0*23*WM,data_raw/uc3m/train/01613.jpg,AD-07*3JW*,same,assumed_compatible_text,False
data_raw/uc3m/train/01046.jpg,AD-0*23*WM,data_raw/uc3m/train/01613.jpg,AD-07*3JW*,same,assumed_compatible_text,False
data_raw/uc3m/train/01047.jpg,AD-82*8LM*,data_raw/uc3m/train/01162.jpg,AD-82*8LM*,same,assumed_compatible_text,False
data_raw/uc3m/train/01047.jpg,AD-82*8LM*,data_raw/uc3m/train/01373.jpg,AD-821**MG,same,assumed_compatible_text,False
data_raw/uc3m/train/01055.jpg,AD-442*JG*,data_raw/uc3m/train/01698.jpg,AD-44*4*GG,same,assumed_compatible_text,False
data_raw/uc3m/train/01056.jpg,AD-*999JW*,data_raw/uc3m/train/01929.jpg,AD-399*J*H,same,assumed_compatible_text,False
data_raw/uc3m/train/01058.jpg,AD-*762J*G,data_raw/uc3m/train/01327.jpg,AD-97*2JT*,same,assumed_compatible_text,False
data_raw/uc3m/train/01058.jpg,AD-4*32*VS,data_raw/uc3m/train/01059.jpg,AD-4*32*VS,same,assumed_compatible_text,False
data_raw/uc3m/train/01075.jpg,AD-19*8GB*,data_raw/uc3m/train/01076.jpg,AD-19*8GB*,same,assumed_compatible_text,False
data_raw/uc3m/train/01075.jpg,AD-99*8*NN,data_raw/uc3m/train/01076.jpg,AD-99*8*NN,same,assumed_compatible_text,False
data_raw/uc3m/train/01085.jpg,AD-751**VB,data_raw/uc3m/train/01453.jpg,AD-751*HV*,same,assumed_compatible_text,False
data_raw/uc3m/train/01087.jpg,AD-7*37KT*,data_raw/uc3m/train/01347.jpg,AD-743*K*J,same,assumed_compatible_text,False
data_raw/uc3m/train/01089.jpg,AD-921*FV*,data_raw/uc3m/train/01390.jpg,AD-92*9*VX,same,assumed_compatible_text,False
data_raw/uc3m/train/01092.jpg,AD-374**FX,data_raw/uc3m/train/01273.jpg,AD-37*2L*X,same,assumed_compatible_text,False
data_raw/uc3m/train/01097.jpg,AD-75*1H*M,data_raw/uc3m/train/01453.jpg,AD-751*HV*,same,assumed_compatible_text,False
data_raw/uc3m/train/01100.jpg,ED-R22*2B*V,data_raw/uc3m/train/01101.jpg,ED-R22*2B*V,same,assumed_compatible_text,False
data_raw/uc3m/train/01102.jpg,AD-778*DV*,data_raw/uc3m/train/01914.jpg,AD-77*5*VS,same,assumed_compatible_text,False
data_raw/uc3m/train/01102.jpg,AD-778*DV*,data_raw/uc3m/train/01971.jpg,AD-77*1D*M,same,assumed_compatible_text,False
data_raw/uc3m/train/01108.jpg,AD-379**TR,data_raw/uc3m/train/01125.jpg,AD-37*3LT*,same,assumed_compatible_text,False
data_raw/uc3m/train/01111.jpg,AD-*575LP*,data_raw/uc3m/train/01721.jpg,AD-0*75*PG,same,assumed_compatible_text,False
data_raw/uc3m/train/01111.jpg,AD-*575LP*,data_raw/uc3m/train/01808.jpg,AD-257*L*M,same,assumed_compatible_text,False
data_raw/uc3m/train/01123.jpg,AD-343*LV*,data_raw/uc3m/train/01130.jpg,AD-343*LV*,same,assumed_compatible_text,False
data_raw/uc3m/train/01126.jpg,DD-191*LR*,data_raw/uc3m/train/01751.jpg,AD-19*3L*M,same,assumed_compatible_text,False
data_raw/uc3m/train/01137.jpg,AD-477*HZ*,data_raw/uc3m/train/01385.jpg,AD-47*4H*J,same,assumed_compatible_text,False
data_raw/uc3m/train/01140.jpg,AD-5*95*KY,data_raw/uc3m/train/01768.jpg,AD-569*K*Y,same,assumed_compatible_text,False
data_raw/uc3m/train/01158.jpg,AD-475**MS,data_raw/uc3m/train/01159.jpg,AD-475**MS,same,assumed_compatible_text,False
data_raw/uc3m/train/01162.jpg,AD-82*8LM*,data_raw/uc3m/train/01373.jpg,AD-821**MG,same,assumed_compatible_text,False
data_raw/uc3m/train/01166.jpg,AD-M278**T,data_raw/uc3m/train/01273.jpg,AD-M278**T,same,assumed_compatible_text,False
data_raw/uc3m/train/01169.jpg,AD-44*9KY*,data_raw/uc3m/train/01171.jpg,AD-44*9KY*,same,assumed_compatible_text,False
data_raw/uc3m/train/01188.jpg,AD-00*4*XR,data_raw/uc3m/train/01884.jpg,AD-008*GX*,same,assumed_compatible_text,False
data_raw/uc3m/train/01189.jpg,AD-4*01*DT,data_raw/uc3m/train/01190.jpg,AD-4*01*DT,same,assumed_compatible_text,False
data_raw/uc3m/train/01189.jpg,AD-9*68*BF,data_raw/uc3m/train/01190.jpg,AD-9*68*BF,same,assumed_compatible_text,False
data_raw/uc3m/train/01190.jpg,AD-*322K*Y,data_raw/uc3m/train/01723.jpg,AD-3*22KS*,same,assumed_compatible_text,False
data_raw/uc3m/train/01190.jpg,AD-16*5J*B,data_raw/uc3m/train/01733.jpg,AD-1*25JY*,same,assumed_compatible_text,False
data_raw/uc3m/train/01190.jpg,AD-3*18*LK,data_raw/uc3m/train/01368.jpg,AD-*418D*K,same,assumed_compatible_text,False
data_raw/uc3m/train/01205.jpg,AD-*261KR*,data_raw/uc3m/train/01618.jpg,AD-82*1*RP,same,assumed_compatible_text,False
data_raw/uc3m/train/01210.jpg,AD-221*G*L,data_raw/uc3m/train/01269.jpg,AD-22*2GP*,same,assumed_compatible_text,False
data_raw/uc3m/train/01217.jpg,AD-42*3LV*,data_raw/uc3m/train/01623.jpg,AD-4*43L*S,same,assumed_compatible_text,False
data_raw/uc3m/train/01217.jpg,AD-42*3LV*,data_raw/uc3m/train/01624.jpg,AD-4*43L*S,same,assumed_compatible_text,False
data_raw/uc3m/train/01225.jpg,AD-52*5K*K,data_raw/uc3m/train/01418.jpg,AD-5*05KX*,same,assumed_compatible_text,False
data_raw/uc3m/train/01226.jpg,AD-*018C*C,data_raw/uc3m/train/01905.jpg,AN-70*8*RC,same,assumed_compatible_text,False
data_raw/uc3m/train/01231.jpg,AD-583*L*X,data_raw/uc3m/train/01860.jpg,AD-58*4*ZX,same,assumed_compatible_text,False
data_raw/uc3m/train/01249.jpg,AD-*797*HP,data_raw/uc3m/train/01272.jpg,AD-*797*HP,same,assumed_compatible_text,False
data_raw/uc3m/train/01249.jpg,AD-*797*HP,data_raw/uc3m/train/01313.jpg,AD-*797*HP,same,assumed_compatible_text,False
data_raw/uc3m/train/01254.jpg,AD-4*95*PV,data_raw/uc3m/train/01302.jpg,AD-46*5LP*,same,assumed_compatible_text,False
data_raw/uc3m/train/01255.jpg,AD-05*6DZ*,data_raw/uc3m/train/01256.jpg,AD-05*6DZ*,same,assumed_compatible_text,False
data_raw/uc3m/train/01258.jpg,AD-*760*NM,data_raw/uc3m/train/01923.jpg,AD-676*L*M,same,assumed_compatible_text,False
data_raw/uc3m/train/01261.jpg,AD-58*4GZ*,data_raw/uc3m/train/01860.jpg,AD-58*4*ZX,same,assumed_compatible_text,False
data_raw/uc3m/train/01272.jpg,AD-*797*HP,data_raw/uc3m/train/01313.jpg,AD-*797*HP,same,assumed_compatible_text,False
data_raw/uc3m/train/01272.jpg,AD-959**BB,data_raw/uc3m/train/01313.jpg,AD-959**BB,same,assumed_compatible_text,False
data_raw/uc3m/train/01273.jpg,AD-37*2L*X,data_raw/uc3m/train/01463.jpg,AD-377*LP*,same,assumed_compatible_text,False
data_raw/uc3m/train/01273.jpg,AD-37*2L*X,data_raw/uc3m/train/01464.jpg,AD-377*LP*,same,assumed_compatible_text,False
data_raw/uc3m/train/01274.jpg,AD-0*66*VW,data_raw/uc3m/train/01554.jpg,AD-02*6LV*,same,assumed_compatible_text,False
data_raw/uc3m/train/01274.jpg,AD-0*66*VW,data_raw/uc3m/train/01677.jpg,AD-066*GV*,same,assumed_compatible_text,False
data_raw/uc3m/train/01278.jpg,AD-09*4JY*,data_raw/uc3m/train/01874.jpg,AD-0*04*YN,same,assumed_compatible_text,False
data_raw/uc3m/train/01281.jpg,AD-22*6*NW,data_raw/uc3m/train/01588.jpg,AD-221**NW,same,assumed_compatible_text,False
data_raw/uc3m/train/01281.jpg,AD-22*6*NW,data_raw/uc3m/train/01589.jpg,AD-221**NW,same,assumed_compatible_text,False
data_raw/uc3m/train/01282.jpg,AD-96*8*MJ,data_raw/uc3m/train/01521.jpg,AD-966*GM*,same,assumed_compatible_text,False
data_raw/uc3m/train/01290.jpg,AD-028*GZ*,data_raw/uc3m/train/01292.jpg,AD-028*GZ*,same,assumed_compatible_text,False
data_raw/uc3m/train/01290.jpg,AD-028*GZ*,data_raw/uc3m/train/01293.jpg,AD-028*GZ*,same,assumed_compatible_text,False
data_raw/uc3m/train/01292.jpg,AD-*296*XR,data_raw/uc3m/train/01293.jpg,AD-*296*XR,same,assumed_compatible_text,False
data_raw/uc3m/train/01292.jpg,AD-028*GZ*,data_raw/uc3m/train/01293.jpg,AD-028*GZ*,same,assumed_compatible_text,False
data_raw/uc3m/train/01295.jpg,AD-65*0LN*,data_raw/uc3m/train/01964.jpg,BD-655**NF,same,assumed_compatible_text,False
data_raw/uc3m/train/01298.jpg,AD-205*H*R,data_raw/uc3m/train/01392.jpg,AD-2*53HW*,same,assumed_compatible_text,False
data_raw/uc3m/train/01299.jpg,AD-01*6*JW,data_raw/uc3m/train/01383.jpg,AD-015**JW,same,assumed_compatible_text,False
data_raw/uc3m/train/01314.jpg,AD-66*4LV*,data_raw/uc3m/train/01315.jpg,AD-66*4LV*,same,assumed_compatible_text,False
data_raw/uc3m/train/01329.jpg,AD-05*8D*Y,data_raw/uc3m/train/01889.jpg,AD-0*38*YY,same,assumed_compatible_text,False
data_raw/uc3m/train/01349.jpg,AD-564**JR,data_raw/uc3m/train/01350.jpg,AD-564**JR,same,assumed_compatible_text,False
data_raw/uc3m/train/01355.jpg,AD-456**HV,data_raw/uc3m/train/01675.jpg,AD-45*7H*V,same,assumed_compatible_text,False
data_raw/uc3m/train/01372.jpg,AD-6*11*JG,data_raw/uc3m/train/01827.jpg,AD-641*K*G,same,assumed_compatible_text,False
data_raw/uc3m/train/01378.jpg,AD-264**DT,data_raw/uc3m/train/01380.jpg,AD-264**DT,same,assumed_compatible_text,False
data_raw/uc3m/train/01378.jpg,AD-264**DT,data_raw/uc3m/train/01381.jpg,AD-264**DT,same,assumed_compatible_text,False
data_raw/uc3m/train/01380.jpg,AD-264**DT,data_raw/uc3m/train/01381.jpg,AD-264**DT,same,assumed_compatible_text,False
data_raw/uc3m/train/01382.jpg,AD-866**NM,data_raw/uc3m/train/01578.jpg,AD-86*9LN*,same,assumed_compatible_text,False
data_raw/uc3m/train/01386.jpg,AD-625**LM,data_raw/uc3m/train/01511.jpg,AD-625**LM,same,assumed_compatible_text,False
data_raw/uc3m/train/01388.jpg,AD-6*05KW*,data_raw/uc3m/train/01904.jpg,AD-*705K*Z,same,assumed_compatible_text,False
data_raw/uc3m/train/01397.jpg,AD-687**VZ,data_raw/uc3m/train/01398.jpg,AD-687**VZ,same,assumed_compatible_text,False
data_raw/uc3m/train/01412.jpg,AD-979**RT,data_raw/uc3m/train/01413.jpg,AD-979**RT,same,assumed_compatible_text,False
data_raw/uc3m/train/01415.jpg,AD-11*6L*X,data_raw/uc3m/train/01416.jpg,AD-115**XX,same,assumed_compatible_text,False
data_raw/uc3m/train/01415.jpg,AD-11*6L*X,data_raw/uc3m/train/01497.jpg,AD-118*LN*,same,assumed_compatible_text,False
data_raw/uc3m/train/01415.jpg,AD-11*6L*X,data_raw/uc3m/train/01498.jpg,AD-118*LN*,same,assumed_compatible_text,False
data_raw/uc3m/train/01415.jpg,AD-11*6L*X,data_raw/uc3m/train/01499.jpg,AD-118*LN*,same,assumed_compatible_text,False
data_raw/uc3m/train/01415.jpg,AD-11*6L*X,data_raw/uc3m/train/01501.jpg,AD-118*LN*,same,assumed_compatible_text,False
data_raw/uc3m/train/01415.jpg,AD-11*6L*X,data_raw/uc3m/train/01811.jpg,AD-1*76*MX,same,assumed_compatible_text,False
data_raw/uc3m/train/01416.jpg,AD-70*1D*S,data_raw/uc3m/train/01954.jpg,AD-700*DZ*,same,assumed_compatible_text,False
data_raw/uc3m/train/01418.jpg,AD-5*05KX*,data_raw/uc3m/train/01904.jpg,AD-*705K*Z,same,assumed_compatible_text,False
data_raw/uc3m/train/01426.jpg,AD-6*26*FC,data_raw/uc3m/train/01661.jpg,AD-682**FC,same,assumed_compatible_text,False
data_raw/uc3m/train/01442.jpg,AD-*099K*M,data_raw/uc3m/train/01918.jpg,AD-M099*Z*,same,assumed_compatible_text,False
data_raw/uc3m/train/01444.jpg,AD-71*7LR*,data_raw/uc3m/train/01478.jpg,AD-7*77L*K,same,assumed_compatible_text,False
data_raw/uc3m/train/01449.jpg,AD-352**VP,data_raw/uc3m/train/01852.jpg,AD-35*0L*P,same,assumed_compatible_text,False
data_raw/uc3m/train/01452.jpg,AD-61*1L*L,data_raw/uc3m/train/01645.jpg,AD-*191LM*,same,assumed_compatible_text,False
data_raw/uc3m/train/01455.jpg,AD-45*3HP*,data_raw/uc3m/train/01503.jpg,AD-45*3HP*,same,assumed_compatible_text,False
data_raw/uc3m/train/01462.jpg,AD-*881L*Y,data_raw/uc3m/train/01463.jpg,AD-*881L*Y,same,assumed_compatible_text,False
data_raw/uc3m/train/01462.jpg,AD-*881L*Y,data_raw/uc3m/train/01464.jpg,AD-*881L*Y,same,assumed_compatible_text,False
data_raw/uc3m/train/01463.jpg,AD-*881L*Y,data_raw/uc3m/train/01464.jpg,AD-*881L*Y,same,assumed_compatible_text,False
data_raw/uc3m/train/01463.jpg,AD-290*J*B,data_raw/uc3m/train/01502.jpg,AD-290*J*B,same,assumed_compatible_text,False
data_raw/uc3m/train/01463.jpg,AD-377*LP*,data_raw/uc3m/train/01464.jpg,AD-377*LP*,same,assumed_compatible_text,False
data_raw/uc3m/train/01480.jpg,AD-*356*VB,data_raw/uc3m/train/01481.jpg,AD-*356GV*,same,assumed_compatible_text,False
data_raw/uc3m/train/01492.jpg,AD-33*5F*S,data_raw/uc3m/train/01878.jpg,AD-333*FZ*,same,assumed_compatible_text,False
data_raw/uc3m/train/01496.jpg,AD-*586*JW,data_raw/uc3m/train/01497.jpg,AD-*586*JW,same,assumed_compatible_text,False
data_raw/uc3m/train/01497.jpg,AD-118*LN*,data_raw/uc3m/train/01498.jpg,AD-118*LN*,same,assumed_compatible_text,False
data_raw/uc3m/train/01497.jpg,AD-118*LN*,data_raw/uc3m/train/01499.jpg,AD-118*LN*,same,assumed_compatible_text,False
data_raw/uc3m/train/01497.jpg,AD-118*LN*,data_raw/uc3m/train/01501.jpg,AD-118*LN*,same,assumed_compatible_text,False
data_raw/uc3m/train/01498.jpg,AD-118*LN*,data_raw/uc3m/train/01499.jpg,AD-118*LN*,same,assumed_compatible_text,False
data_raw/uc3m/train/01498.jpg,AD-118*LN*,data_raw/uc3m/train/01501.jpg,AD-118*LN*,same,assumed_compatible_text,False
data_raw/uc3m/train/01499.jpg,AD-118*LN*,data_raw/uc3m/train/01501.jpg,AD-118*LN*,same,assumed_compatible_text,False
data_raw/uc3m/train/01504.jpg,AD-2*12*NW,data_raw/uc3m/train/01588.jpg,AD-221**NW,same,assumed_compatible_text,False
data_raw/uc3m/train/01504.jpg,AD-2*12*NW,data_raw/uc3m/train/01589.jpg,AD-221**NW,same,assumed_compatible_text,False
data_raw/uc3m/train/01516.jpg,AD-896*BT*,data_raw/uc3m/train/01639.jpg,AD-896*BT*,same,assumed_compatible_text,False
data_raw/uc3m/train/01522.jpg,AD-*531*HR,data_raw/uc3m/train/01564.jpg,AD-*531*HR,same,assumed_compatible_text,False
data_raw/uc3m/train/01535.jpg,AD-3*66*MS,data_raw/uc3m/train/01935.jpg,AD-*466CM*,same,assumed_compatible_text,False
data_raw/uc3m/train/01537.jpg,AD-79*2KX*,data_raw/uc3m/train/01645.jpg,AD-79*2*XP,same,assumed_compatible_text,False
data_raw/uc3m/train/01542.jpg,AD-M*795X*,data_raw/uc3m/train/01543.jpg,AD-M*795X*,same,assumed_compatible_text,False
data_raw/uc3m/train/01554.jpg,AD-02*6LV*,data_raw/uc3m/train/01933.jpg,AD-0*86L*R,same,assumed_compatible_text,False
data_raw/uc3m/train/01556.jpg,AD-65*1*YY,data_raw/uc3m/train/01773.jpg,AD-*511KY*,same,assumed_compatible_text,False
data_raw/uc3m/train/01562.jpg,AD-5*35*TN,data_raw/uc3m/train/01833.jpg,AD-513*LT*,same,assumed_compatible_text,False
data_raw/uc3m/train/01580.jpg,AD-823*DR*,data_raw/uc3m/train/01618.jpg,AD-82*1*RP,same,assumed_compatible_text,False
data_raw/uc3m/train/01584.jpg,AD-10*0*HB,data_raw/uc3m/train/01617.jpg,AD-1*60*HB,same,assumed_compatible_text,False
data_raw/uc3m/train/01588.jpg,AD-221**NW,data_raw/uc3m/train/01589.jpg,AD-221**NW,same,assumed_compatible_text,False
data_raw/uc3m/train/01590.jpg,AD-*585LS*,data_raw/uc3m/train/01693.jpg,AD-658**SN,same,assumed_compatible_text,False
data_raw/uc3m/train/01591.jpg,AD-36*3JX*,data_raw/uc3m/train/01820.jpg,AD-367**XP,same,assumed_compatible_text,False
data_raw/uc3m/train/01613.jpg,AD-04*4GP*,data_raw/uc3m/train/01614.jpg,AD-04*4GP*,same,assumed_compatible_text,False
data_raw/uc3m/train/01623.jpg,AD-4*43L*S,data_raw/uc3m/train/01624.jpg,AD-4*43L*S,same,assumed_compatible_text,False
data_raw/uc3m/train/01630.jpg,AD-3*77KX*,data_raw/uc3m/train/01820.jpg,AD-367**XP,same,assumed_compatible_text,False
data_raw/uc3m/train/01631.jpg,AD-1*18HV*,data_raw/uc3m/train/01632.jpg,AD-1*18HV*,same,assumed_compatible_text,False
data_raw/uc3m/train/01631.jpg,AD-1*18HV*,data_raw/uc3m/train/01778.jpg,AD-16*8*VW,same,assumed_compatible_text,False
data_raw/uc3m/train/01632.jpg,AD-1*18HV*,data_raw/uc3m/train/01778.jpg,AD-16*8*VW,same,assumed_compatible_text,False
data_raw/uc3m/train/01640.jpg,AD-09*6LR*,data_raw/uc3m/train/01933.jpg,AD-0*86L*R,same,assumed_compatible_text,False
data_raw/uc3m/train/01645.jpg,AD-*191LM*,data_raw/uc3m/train/01741.jpg,AD-21*1*MH,same,assumed_compatible_text,False
data_raw/uc3m/train/01649.jpg,AD-60*0*TB,data_raw/uc3m/train/01650.jpg,AD-60*0*TB,same,assumed_compatible_text,False
data_raw/uc3m/train/01654.jpg,AD-*799*RR,data_raw/uc3m/train/01655.jpg,AD-*799*RR,same,assumed_compatible_text,False
data_raw/uc3m/train/01654.jpg,AD-*799*RR,data_raw/uc3m/train/01759.jpg,AD-0*99*RR,same,assumed_compatible_text,False
data_raw/uc3m/train/01655.jpg,AD-*799*RR,data_raw/uc3m/train/01759.jpg,AD-0*99*RR,same,assumed_compatible_text,False
data_raw/uc3m/train/01664.jpg,AD-9*18*WV,data_raw/uc3m/train/01712.jpg,AD-9*18*WV,same,assumed_compatible_text,False
data_raw/uc3m/train/01686.jpg,AD-55*3GF*,data_raw/uc3m/train/01791.jpg,AD-55*3*FF,same,assumed_compatible_text,False
data_raw/uc3m/train/01766.jpg,AD-0*10*FG,data_raw/uc3m/train/01853.jpg,AD-*110GF*,same,assumed_compatible_text,False
data_raw/uc3m/train/01824.jpg,AD-2*24KT*,data_raw/uc3m/train/01927.jpg,AD-27*4*TM,same,assumed_compatible_text,False
data_raw/uc3m/train/01828.jpg,AD-2*20*HH,data_raw/uc3m/train/01830.jpg,AD-2*20*HH,same,assumed_compatible_text,False
data_raw/uc3m/train/01833.jpg,AD-19*8D*S,data_raw/uc3m/train/01854.jpg,AD-196**ZS,same,assumed_compatible_text,False
data_raw/uc3m/train/01838.jpg,AD-988**JN,data_raw/uc3m/train/01839.jpg,AD-988**JN,same,assumed_compatible_text,False
data_raw/uc3m/train/01839.jpg,AD-280*J*S,data_raw/uc3m/train/01842.jpg,AD-2*04*SS,same,assumed_compatible_text,False
data_raw/uc3m/train/01890.jpg,AD-603*JP*,data_raw/uc3m/train/01893.jpg,AD-603*JP*,same,assumed_compatible_text,False
data_raw/uc3m/train/01899.jpg,AD-39*7J*H,data_raw/uc3m/train/01929.jpg,AD-399*J*H,same,assumed_compatible_text,False
