image_path,source,original_split,group_id
data_raw/cv/Frontal/0216KZP.jpg,cv,,g_ee453090d6f2244e
data_raw/cv/Frontal/1062FNT_.jpg,cv,,g_7f4c685a8be77161
data_raw/cv/Frontal/1565HTS.jpg,cv,,g_e22f99cc1c7287d4
data_raw/cv/Frontal/2153GYX.jpg,cv,,g_f0fefaef54ef2a55
data_raw/cv/Frontal/2929KXJ.jpg,cv,,g_d30a3049e79bfee9
data_raw/cv/Frontal/3340JMF.jpg,cv,,g_cf2bc8f1648a356b
data_raw/cv/Frontal/3587DCX.jpg,cv,,g_0394434f293ce29c
data_raw/cv/Frontal/3838JZH.jpg,cv,,g_0fab81e637b60619
data_raw/cv/Frontal/4674FHC.jpg,cv,,g_7368f398c2f5d71c
data_raw/cv/Frontal/5275HGY.jpg,cv,,g_277f1159ce8383e3
data_raw/cv/Frontal/5488LKV.jpg,cv,,g_39869c643527b7ce
data_raw/cv/Frontal/5796DKP_.jpg,cv,,g_7e1ee563113ab16f
data_raw/cv/Frontal/6499KYF.jpg,cv,,g_859245a1badfad7a
data_raw/cv/Frontal/7067KSH.jpg,cv,,g_b5218fc4f7782fd5
data_raw/cv/Frontal/7153JWD.jpg,cv,,g_680a407d4782c4f4
data_raw/cv/Frontal/8727JTC.jpg,cv,,g_acdf9d1e63afd582
data_raw/cv/Frontal/9247CZG.jpg,cv,,g_fdf3e89298f98898
data_raw/cv/Frontal/9296FJB.jpg,cv,,g_0cf5bfc272e8447c
data_raw/cv/Frontal/PXL_20210921_150228605.jpg,cv,,g_b94ce70a53679c10
data_raw/cv/Frontal/PXL_20210921_150235551.jpg,cv,,g_0394434f293ce29c
data_raw/cv/Frontal/PXL_20210921_150242081.jpg,cv,,g_7e1ee563113ab16f
data_raw/cv/Frontal/PXL_20210921_152343867.jpg,cv,,g_b5218fc4f7782fd5
data_raw/cv/Frontal/PXL_20210921_152349075.jpg,cv,,g_680a407d4782c4f4
data_raw/cv/Frontal/PXL_20210921_152354098.jpg,cv,,g_39869c643527b7ce
data_raw/cv/Frontal/PXL_20210921_152400613.jpg,cv,,g_88fd762d677abeee
data_raw/cv/Frontal/PXL_20210921_152408576.jpg,cv,,g_d30a3049e79bfee9
data_raw/cv/Frontal/PXL_20210922_092615069.jpg,cv,,g_cf2bc8f1648a356b
data_raw/cv/Frontal/PXL_20210922_092633606.jpg,cv,,g_7f4c685a8be77161
data_raw/cv/Frontal/PXL_20210922_092638472.jpg,cv,,g_fdf3e89298f98898
data_raw/cv/Frontal/PXL_20210923_071331923.jpg,cv,,g_acdf9d1e63afd582
data_raw/cv/Frontal/PXL_20210923_071340804.jpg,cv,,g_277f1159ce8383e3
data_raw/cv/Frontal/PXL_20210923_071352288.jpg,cv,,g_7368f398c2f5d71c
data_raw/cv/Lateral/0182GLK.jpg,cv,,g_e8c6cf8d1611c9a2
data_raw/cv/Lateral/0292LKY.jpg,cv,,g_467ac0737e2d09d9
data_raw/cv/Lateral/0664JGR.jpg,cv,,g_0df659fb96bfe944
data_raw/cv/Lateral/0729HHG.jpg,cv,,g_0e31088916e11dde
data_raw/cv/Lateral/0804FTB.jpg,cv,,g_a2bbc0b300bd8731
data_raw/cv/Lateral/0907JRF.jpg,cv,,g_88e4fcb5d16c31e8
data_raw/cv/Lateral/1062FNT.jpg,cv,,g_7f4c685a8be77161
data_raw/cv/Lateral/1178HJS.jpg,cv,,g_e9a5b438ebc13e0e
data_raw/cv/Lateral/1391KYW.jpg,cv,,g_387bebfef2be21ef
data_raw/cv/Lateral/1498JBZ.jpg,cv,,g_32ebcb5e1d938ce6
data_raw/cv/Lateral/1663FLN.jpg,cv,,g_c94a9b84bdf135b0
data_raw/cv/Lateral/2272HST.jpg,cv,,g_bce0a72ef8b305c2
data_raw/cv/Lateral/2335KGY.jpg,cv,,g_2008d11621ae64a1
data_raw/cv/Lateral/2344KJP.jpg,cv,,g_475c9dc50d695581
data_raw/cv/Lateral/2377HSH.jpg,cv,,g_0398aaddde83ce68
data_raw/cv/Lateral/2643LDS.jpg,cv,,g_a11b9a93bc2edbaf
data_raw/cv/Lateral/2732LRG.jpg,cv,,g_e10d4ee664b8137b
data_raw/cv/Lateral/2817LFP.jpg,cv,,g_1cb44c27226db6aa
data_raw/cv/Lateral/3017FRG.jpg,cv,,g_62b0255fd51c96be
data_raw/cv/Lateral/3040JMB.jpg,cv,,g_6796c5471d69a624
data_raw/cv/Lateral/3326HGW - copia.jpg,cv,,g_e1451270a938261d
data_raw/cv/Lateral/3340JMF_.jpg,cv,,g_cf2bc8f1648a356b
data_raw/cv/Lateral/3374KBF.jpg,cv,,g_b38b3d8de49681c5
data_raw/cv/Lateral/3567DCX_.jpg,cv,,g_0394434f293ce29c
data_raw/cv/Lateral/3587DCX_.jpg,cv,,g_0394434f293ce29c
data_raw/cv/Lateral/3616LLF.jpg,cv,,g_b8f0a9b3d6d33fc4
data_raw/cv/Lateral/3660CRT.jpg,cv,,g_75948f0bdf3418ed
data_raw/cv/Lateral/3991KHB.jpg,cv,,g_0df3c4a6c8beeee0
data_raw/cv/Lateral/4142HCF.jpg,cv,,g_0c26ad1689f1db48
data_raw/cv/Lateral/4658JDG.jpg,cv,,g_39a765a17e755f8d
data_raw/cv/Lateral/4674FHC_.jpg,cv,,g_7368f398c2f5d71c
data_raw/cv/Lateral/5275HGY_.jpg,cv,,g_277f1159ce8383e3
data_raw/cv/Lateral/5416HML.jpg,cv,,g_b7defb10d0bae489
data_raw/cv/Lateral/5789JHB.jpg,cv,,g_29ae430de58c80df
data_raw/cv/Lateral/5796DKP.jpg,cv,,g_7e1ee563113ab16f
data_raw/cv/Lateral/5817FLW.jpg,cv,,g_c06caa983d45e81a
data_raw/cv/Lateral/5868GJV.jpg,cv,,g_a70a03919f656b4d
data_raw/cv/Lateral/5960CCW.jpg,cv,,g_47134c4eb3db8f64
data_raw/cv/Lateral/6000GVT.jpg,cv,,g_70df62612d6a0dd5
data_raw/cv/Lateral/6401JBX.jpg,cv,,g_cd9c24cfd91d5dd4
data_raw/cv/Lateral/6554BNX.jpg,cv,,g_5700621a9fb114f9
data_raw/cv/Lateral/6929LKK.jpg,cv,,g_bb93fe1a42225c2c
data_raw/cv/Lateral/7093HWB.jpg,cv,,g_acbf91591ff7b949
data_raw/cv/Lateral/7674LLX.jpg,cv,,g_7dcc0105cbd2e60f
data_raw/cv/Lateral/7982LCD.jpg,cv,,g_8babb2c7b102540d
data_raw/cv/Lateral/8157HVG.jpg,cv,,g_1a5d1d33d2194279
data_raw/cv/Lateral/8611LGM.jpg,cv,,g_3e94fb94d39c0ccd
data_raw/cv/Lateral/8727JTC_.jpg,cv,,g_acdf9d1e63afd582
data_raw/cv/Lateral/8796CKY.jpg,cv,,g_50aa07028d455ac5
data_raw/cv/Lateral/PXL_20210921_094926329.jpg,cv,,g_7e1ee563113ab16f
data_raw/cv/Lateral/PXL_20210921_094938026.jpg,cv,,g_640e1c3c3b6037bf
data_raw/cv/Lateral/PXL_20210921_094946132.jpg,cv,,g_e8c6cf8d1611c9a2
data_raw/cv/Lateral/PXL_20210921_094951899.jpg,cv,,g_1b08e922e439c182
data_raw/cv/Lateral/PXL_20210921_094959264.jpg,cv,,g_29ae430de58c80df
data_raw/cv/Lateral/PXL_20210921_095022850.jpg,cv,,g_bb93fe1a42225c2c
data_raw/cv/Lateral/PXL_20210921_095032661.jpg,cv,,g_75948f0bdf3418ed
data_raw/cv/Lateral/PXL_20210921_095042811.jpg,cv,,g_70df62612d6a0dd5
data_raw/cv/Lateral/PXL_20210921_095052884.jpg,cv,,g_0394434f293ce29c
data_raw/cv/Lateral/PXL_20210921_095103559.jpg,cv,,g_32ebcb5e1d938ce6
data_raw/cv/Lateral/PXL_20210921_095112482.jpg,cv,,g_475c9dc50d695581
data_raw/cv/Lateral/PXL_20210921_095129495.jpg,cv,,g_88e4fcb5d16c31e8
data_raw/cv/Lateral/PXL_20210921_095142454.jpg,cv,,g_5700621a9fb114f9
data_raw/cv/Lateral/PXL_20210921_095212294.jpg,cv,,g_cd9c24cfd91d5dd4
data_raw/cv/Lateral/PXL_20210923_071335579.jpg,cv,,g_acdf9d1e63afd582
data_raw/cv/Lateral/PXL_20210923_071344764.jpg,cv,,g_277f1159ce8383e3
data_raw/cv/Lateral/PXL_20210923_071356001.jpg,cv,,g_7368f398c2f5d71c
data_raw/uc3m/test/00000.jpg,uc3m,test,g_ced531a657d3928c
data_raw/uc3m/test/00014.jpg,uc3m,test,g_f4cfdc3c3900d3c2
data_raw/uc3m/test/00015.jpg,uc3m,test,g_ef5d111facb0cb8d
data_raw/uc3m/test/00016.jpg,uc3m,test,g_d01fddde69eaebb4
data_raw/uc3m/test/00022.jpg,uc3m,test,g_c1228c235d633d4d
data_raw/uc3m/test/00024.jpg,uc3m,test,g_f1ae4948e6463b6b
data_raw/uc3m/test/00035.jpg,uc3m,test,g_214203642eceef1d
data_raw/uc3m/test/00037.jpg,uc3m,test,g_aeaafd584da3adc0
data_raw/uc3m/test/00038.jpg,uc3m,test,g_502fcbdb4a6e309e
data_raw/uc3m/test/00039.jpg,uc3m,test,g_2bbbf150cc8e8f75
data_raw/uc3m/test/00075.jpg,uc3m,test,g_40f106286f2e9765
data_raw/uc3m/test/00076.jpg,uc3m,test,g_f4cfdc3c3900d3c2
data_raw/uc3m/test/00077.jpg,uc3m,test,g_8bdd3db6525857fd
data_raw/uc3m/test/00091.jpg,uc3m,test,g_1474fe863ffce91f
data_raw/uc3m/test/00093.jpg,uc3m,test,g_f4cfdc3c3900d3c2
data_raw/uc3m/test/00103.jpg,uc3m,test,g_837f94e86580000f
data_raw/uc3m/test/00104.jpg,uc3m,test,g_f4cfdc3c3900d3c2
data_raw/uc3m/test/00120.jpg,uc3m,test,g_6d463f49079c77dd
data_raw/uc3m/test/00122.jpg,uc3m,test,g_2dceb6a1e3e65c89
data_raw/uc3m/test/00123.jpg,uc3m,test,g_f8086cf86b742658
data_raw/uc3m/test/00129.jpg,uc3m,test,g_fa37d6399b69003b
data_raw/uc3m/test/00132.jpg,uc3m,test,g_f4cfdc3c3900d3c2
data_raw/uc3m/test/00133.jpg,uc3m,test,g_179a0f804644bb4c
data_raw/uc3m/test/00139.jpg,uc3m,test,g_d048c756e10de6e7
data_raw/uc3m/test/00149.jpg,uc3m,test,g_a8edc773fa122aaf
data_raw/uc3m/test/00151.jpg,uc3m,test,g_1f0d87e61ba9cbc0
data_raw/uc3m/test/00153.jpg,uc3m,test,g_1f0d87e61ba9cbc0
data_raw/uc3m/test/00155.jpg,uc3m,test,g_f4cfdc3c3900d3c2
data_raw/uc3m/test/00159.jpg,uc3m,test,g_2665aaec4dccdaa5
data_raw/uc3m/test/00166.jpg,uc3m,test,g_8bdd3db6525857fd
data_raw/uc3m/test/00169.jpg,uc3m,test,g_f4cfdc3c3900d3c2
data_raw/uc3m/test/00173.jpg,uc3m,test,g_f4cfdc3c3900d3c2
data_raw/uc3m/test/00180.jpg,uc3m,test,g_885fe71334e7ba6e
data_raw/uc3m/test/00181.jpg,uc3m,test,g_f4cfdc3c3900d3c2
data_raw/uc3m/test/00186.jpg,uc3m,test,g_24133d453dddc14a
data_raw/uc3m/test/00187.jpg,uc3m,test,g_f63e6c473156bdf4
data_raw/uc3m/test/00188.jpg,uc3m,test,g_f4cfdc3c3900d3c2
data_raw/uc3m/test/00201.jpg,uc3m,test,g_5ff5751b7e4b77af
data_raw/uc3m/test/00204.jpg,uc3m,test,g_905b39a521306576
data_raw/uc3m/test/00207.jpg,uc3m,test,g_424befa805e556a8
data_raw/uc3m/test/00211.jpg,uc3m,test,g_ef5d111facb0cb8d
data_raw/uc3m/test/00215.jpg,uc3m,test,g_2d2ad90e5c5e63aa
data_raw/uc3m/test/00217.jpg,uc3m,test,g_557da73051864ee4
data_raw/uc3m/test/00218.jpg,uc3m,test,g_2d2ad90e5c5e63aa
data_raw/uc3m/test/00220.jpg,uc3m,test,g_80fd94073aa5a52d
data_raw/uc3m/test/00223.jpg,uc3m,test,g_e5f8c767762520bc
data_raw/uc3m/test/00227.jpg,uc3m,test,g_15862eeafc5f1b97
data_raw/uc3m/test/00229.jpg,uc3m,test,g_f4cfdc3c3900d3c2
data_raw/uc3m/test/00236.jpg,uc3m,test,g_d1128cee0b990c74
data_raw/uc3m/test/00247.jpg,uc3m,test,g_1743d1eb00f6f58a
data_raw/uc3m/test/00251.jpg,uc3m,test,g_f4cfdc3c3900d3c2
data_raw/uc3m/test/00256.jpg,uc3m,test,g_0afeebbb3301f978
data_raw/uc3m/test/00263.jpg,uc3m,test,g_602ed40bee5828dc
data_raw/uc3m/test/00266.jpg,uc3m,test,g_12507700c4e27ef4
data_raw/uc3m/test/00268.jpg,uc3m,test,g_c4ee0d22d46aa082
data_raw/uc3m/test/00270.jpg,uc3m,test,g_a2fc7d8588e8d4f5
data_raw/uc3m/test/00290.jpg,uc3m,test,g_768db4c93a689323
data_raw/uc3m/test/00293.jpg,uc3m,test,g_cdf37e04b1798eaf
data_raw/uc3m/test/00296.jpg,uc3m,test,g_97fd508400630963
data_raw/uc3m/test/00298.jpg,uc3m,test,g_678483645275dc54
data_raw/uc3m/test/00300.jpg,uc3m,test,g_9a6951baeca92fd9
data_raw/uc3m/test/00302.jpg,uc3m,test,g_f4cfdc3c3900d3c2
data_raw/uc3m/test/00308.jpg,uc3m,test,g_616bbeb3c98b5365
data_raw/uc3m/test/00310.jpg,uc3m,test,g_f4cfdc3c3900d3c2
data_raw/uc3m/test/00311.jpg,uc3m,test,g_b5731532f5efdb3a
data_raw/uc3m/test/00312.jpg,uc3m,test,g_b415090ec636baf4
data_raw/uc3m/test/00320.jpg,uc3m,test,g_f3067fc2f8e437e6
data_raw/uc3m/test/00326.jpg,uc3m,test,g_2ea7e13e08166034
data_raw/uc3m/test/00327.jpg,uc3m,test,g_378fa1fa38965b10
data_raw/uc3m/test/00337.jpg,uc3m,test,g_5e31a6d0012409a8
data_raw/uc3m/test/00340.jpg,uc3m,test,g_e1ff61595883dda9
data_raw/uc3m/test/00348.jpg,uc3m,test,g_f4cfdc3c3900d3c2
data_raw/uc3m/test/00353.jpg,uc3m,test,g_5ff5751b7e4b77af
data_raw/uc3m/test/00358.jpg,uc3m,test,g_4e713bf95af7f88f
data_raw/uc3m/test/00362.jpg,uc3m,test,g_2e4639fc381588b4
data_raw/uc3m/test/00374.jpg,uc3m,test,g_40f6206a4b435738
data_raw/uc3m/test/00376.jpg,uc3m,test,g_f4cfdc3c3900d3c2
data_raw/uc3m/test/00382.jpg,uc3m,test,g_42d05f6b4e3bf2e5
data_raw/uc3m/test/00384.jpg,uc3m,test,g_f8086cf86b742658
data_raw/uc3m/test/00386.jpg,uc3m,test,g_c36db8cfe2bcd897
data_raw/uc3m/test/00390.jpg,uc3m,test,g_8fcfb95a807f0a47
data_raw/uc3m/test/00393.jpg,uc3m,test,g_9be0334413adc3eb
data_raw/uc3m/test/00405.jpg,uc3m,test,g_8880587b8de5909c
data_raw/uc3m/test/00407.jpg,uc3m,test,g_cbd38b63f01dd157
data_raw/uc3m/test/00414.jpg,uc3m,test,g_1828e214e8da119b
data_raw/uc3m/test/00420.jpg,uc3m,test,g_3707c7e2869203bf
data_raw/uc3m/test/00421.jpg,uc3m,test,g_9ac94bd3810a499f
data_raw/uc3m/test/00440.jpg,uc3m,test,g_87041999c1879847
data_raw/uc3m/test/00441.jpg,uc3m,test,g_87041999c1879847
data_raw/uc3m/test/00445.jpg,uc3m,test,g_f4cfdc3c3900d3c2
data_raw/uc3m/test/00447.jpg,uc3m,test,g_e1f8be72e4b53e46
data_raw/uc3m/test/00478.jpg,uc3m,test,g_f4cfdc3c3900d3c2
data_raw/uc3m/test/00479.jpg,uc3m,test,g_f4cfdc3c3900d3c2
data_raw/uc3m/test/00495.jpg,uc3m,test,g_3b1a1bf86102b810
data_raw/uc3m/test/00505.jpg,uc3m,test,g_f4cfdc3c3900d3c2
data_raw/uc3m/test/00509.jpg,uc3m,test,g_f4cfdc3c3900d3c2
data_raw/uc3m/test/00510.jpg,uc3m,test,g_f4cfdc3c3900d3c2
data_raw/uc3m/test/00511.jpg,uc3m,test,g_c48ec9c6be58abc0
data_raw/uc3m/test/00513.jpg,uc3m,test,g_185c91c962627742
data_raw/uc3m/test/00523.jpg,uc3m,test,g_97103231ba7b9e12
data_raw/uc3m/test/00531.jpg,uc3m,test,g_a05c089dca73b683
data_raw/uc3m/test/00533.jpg,uc3m,test,g_53854d92435b6190
data_raw/uc3m/test/00553.jpg,uc3m,test,g_f4cfdc3c3900d3c2
data_raw/uc3m/test/00555.jpg,uc3m,test,g_f4cfdc3c3900d3c2
data_raw/uc3m/test/00560.jpg,uc3m,test,g_f4cfdc3c3900d3c2
data_raw/uc3m/test/00573.jpg,uc3m,test,g_3a8729692c21afec
data_raw/uc3m/test/00577.jpg,uc3m,test,g_e953d1bcbfcfa9ea
data_raw/uc3m/test/00578.jpg,uc3m,test,g_e1f2bc9c8c86b99b
data_raw/uc3m/test/00588.jpg,uc3m,test,g_f4cfdc3c3900d3c2
data_raw/uc3m/test/00589.jpg,uc3m,test,g_f4cfdc3c3900d3c2
data_raw/uc3m/test/00591.jpg,uc3m,test,g_f4cfdc3c3900d3c2
data_raw/uc3m/test/00606.jpg,uc3m,test,g_8bdd3db6525857fd
data_raw/uc3m/test/00611.jpg,uc3m,test,g_1f0d87e61ba9cbc0
data_raw/uc3m/test/00615.jpg,uc3m,test,g_f4cfdc3c3900d3c2
data_raw/uc3m/test/00617.jpg,uc3m,test,g_f4cfdc3c3900d3c2
data_raw/uc3m/test/00624.jpg,uc3m,test,g_e9da815b88d5cf62
data_raw/uc3m/test/00644.jpg,uc3m,test,g_f4cfdc3c3900d3c2
data_raw/uc3m/test/00650.jpg,uc3m,test,g_f4cfdc3c3900d3c2
data_raw/uc3m/test/00654.jpg,uc3m,test,g_01fc93b056a64b58
data_raw/uc3m/test/00656.jpg,uc3m,test,g_f4cfdc3c3900d3c2
data_raw/uc3m/test/00662.jpg,uc3m,test,g_e697f073b7b1bee1
data_raw/uc3m/test/00668.jpg,uc3m,test,g_f2e2ba4d588a21a4
data_raw/uc3m/test/00669.jpg,uc3m,test,g_f81eca25ef94684e
data_raw/uc3m/test/00688.jpg,uc3m,test,g_1743d1eb00f6f58a
data_raw/uc3m/test/00694.jpg,uc3m,test,g_741f4c3ff975b8b1
data_raw/uc3m/test/00698.jpg,uc3m,test,g_f4cfdc3c3900d3c2
data_raw/uc3m/test/00716.jpg,uc3m,test,g_f4cfdc3c3900d3c2
data_raw/uc3m/test/00717.jpg,uc3m,test,g_f4cfdc3c3900d3c2
data_raw/uc3m/test/00722.jpg,uc3m,test,g_db48305c52b81e13
data_raw/uc3m/test/00726.jpg,uc3m,test,g_8522665144560981
data_raw/uc3m/test/00741.jpg,uc3m,test,g_e954481018e268bd
data_raw/uc3m/test/00742.jpg,uc3m,test,g_e954481018e268bd
data_raw/uc3m/test/00751.jpg,uc3m,test,g_f4cfdc3c3900d3c2
data_raw/uc3m/test/00756.jpg,uc3m,test,g_f4cfdc3c3900d3c2
data_raw/uc3m/test/00762.jpg,uc3m,test,g_f4cfdc3c3900d3c2
data_raw/uc3m/test/00763.jpg,uc3m,test,g_f4cfdc3c3900d3c2
data_raw/uc3m/test/00765.jpg,uc3m,test,g_f4cfdc3c3900d3c2
data_raw/uc3m/test/00771.jpg,uc3m,test,g_915adfd012742270
data_raw/uc3m/test/00776.jpg,uc3m,test,g_f4cfdc3c3900d3c2
data_raw/uc3m/test/00786.jpg,uc3m,test,g_f4cfdc3c3900d3c2
data_raw/uc3m/test/00798.jpg,uc3m,test,g_671954035b2403ec
data_raw/uc3m/test/00799.jpg,uc3m,test,g_79e34babce0cf00e
data_raw/uc3m/test/00804.jpg,uc3m,test,g_63193e3dc45c9494
data_raw/uc3m/test/00806.jpg,uc3m,test,g_f4cfdc3c3900d3c2
data_raw/uc3m/test/00808.jpg,uc3m,test,g_e4969af7e6230d58
data_raw/uc3m/test/00813.jpg,uc3m,test,g_60b4b5904c2af709
data_raw/uc3m/test/00814.jpg,uc3m,test,g_273028a430aea586
data_raw/uc3m/test/00816.jpg,uc3m,test,g_7c12c86762650da1
data_raw/uc3m/test/00817.jpg,uc3m,test,g_f4cfdc3c3900d3c2
data_raw/uc3m/test/00818.jpg,uc3m,test,g_06e0ff101714715e
data_raw/uc3m/test/00831.jpg,uc3m,test,g_f4cfdc3c3900d3c2
data_raw/uc3m/test/00834.jpg,uc3m,test,g_f4cfdc3c3900d3c2
data_raw/uc3m/test/00836.jpg,uc3m,test,g_71dabbb44af59b41
data_raw/uc3m/test/00839.jpg,uc3m,test,g_f4cfdc3c3900d3c2
data_raw/uc3m/test/00841.jpg,uc3m,test,g_53f4d46587bcf6b9
data_raw/uc3m/test/00842.jpg,uc3m,test,g_f4cfdc3c3900d3c2
data_raw/uc3m/test/00844.jpg,uc3m,test,g_9f58713cbb6ad0d3
data_raw/uc3m/test/00848.jpg,uc3m,test,g_87e1e80f4c67cc2f
data_raw/uc3m/test/00855.jpg,uc3m,test,g_f4cfdc3c3900d3c2
data_raw/uc3m/test/00857.jpg,uc3m,test,g_f4cfdc3c3900d3c2
data_raw/uc3m/test/00863.jpg,uc3m,test,g_e697f073b7b1bee1
data_raw/uc3m/test/00867.jpg,uc3m,test,g_2dff9055934e406b
data_raw/uc3m/test/00871.jpg,uc3m,test,g_a2fc7d8588e8d4f5
data_raw/uc3m/test/00873.jpg,uc3m,test,g_c317d7429409bf61
data_raw/uc3m/test/00875.jpg,uc3m,test,g_922505914ea12402
data_raw/uc3m/test/00879.jpg,uc3m,test,g_f4cfdc3c3900d3c2
data_raw/uc3m/test/00883.jpg,uc3m,test,g_f4cfdc3c3900d3c2
data_raw/uc3m/test/00886.jpg,uc3m,test,g_83ae8f5ba117fee3
data_raw/uc3m/test/00897.jpg,uc3m,test,g_3967c6dbcfef2916
data_raw/uc3m/test/00898.jpg,uc3m,test,g_b0ff2f82fe4b1912
data_raw/uc3m/test/00899.jpg,uc3m,test,g_8eec753b5159da48
data_raw/uc3m/test/00901.jpg,uc3m,test,g_f4cfdc3c3900d3c2
data_raw/uc3m/test/00903.jpg,uc3m,test,g_4355e24715753d84
data_raw/uc3m/test/00908.jpg,uc3m,test,g_58f9ba9d6f693f59
data_raw/uc3m/test/00910.jpg,uc3m,test,g_f4cfdc3c3900d3c2
data_raw/uc3m/test/00915.jpg,uc3m,test,g_2255e51bf848a05d
data_raw/uc3m/test/00929.jpg,uc3m,test,g_6e569c46e0c02034
data_raw/uc3m/test/00936.jpg,uc3m,test,g_78a8e8caac460a73
data_raw/uc3m/test/00948.jpg,uc3m,test,g_70ecb7765eb3f2bf
data_raw/uc3m/test/00958.jpg,uc3m,test,g_f81eca25ef94684e
data_raw/uc3m/test/00961.jpg,uc3m,test,g_ae83e88f7f2abdc0
data_raw/uc3m/test/00963.jpg,uc3m,test,g_276eb52d3d14888a
data_raw/uc3m/test/00967.jpg,uc3m,test,g_7d76c8e8b1c9614f
data_raw/uc3m/test/00968.jpg,uc3m,test,g_833a6ad539c28799
data_raw/uc3m/test/00976.jpg,uc3m,test,g_2d2ad90e5c5e63aa
data_raw/uc3m/test/00978.jpg,uc3m,test,g_f4cfdc3c3900d3c2
data_raw/uc3m/test/00979.jpg,uc3m,test,g_1580c0403da19b96
data_raw/uc3m/test/00988.jpg,uc3m,test,g_ae84da237b06f063
data_raw/uc3m/test/00991.jpg,uc3m,test,g_464bf6623ec08c84
data_raw/uc3m/test/00994.jpg,uc3m,test,g_a36330f1784654ef
data_raw/uc3m/test/01000.jpg,uc3m,test,g_83271f571e22f57d
data_raw/uc3m/test/01003.jpg,uc3m,test,g_ad4a088ff40160cf
data_raw/uc3m/test/01004.jpg,uc3m,test,g_ad4a088ff40160cf
data_raw/uc3m/test/01009.jpg,uc3m,test,g_7f4ed6de8ae25ec9
data_raw/uc3m/test/01013.jpg,uc3m,test,g_bcf84c29e1bac45f
data_raw/uc3m/test/01016.jpg,uc3m,test,g_3f4428c2998c91e4
data_raw/uc3m/test/01026.jpg,uc3m,test,g_9d4908ef77be88d2
data_raw/uc3m/test/01039.jpg,uc3m,test,g_1cc6185d6c0722e7
data_raw/uc3m/test/01043.jpg,uc3m,test,g_f4cfdc3c3900d3c2
data_raw/uc3m/test/01050.jpg,uc3m,test,g_88b4f99ea1d38505
data_raw/uc3m/test/01053.jpg,uc3m,test,g_8b580b3738aaf66b
data_raw/uc3m/test/01063.jpg,uc3m,test,g_28c270f07a2ecfdb
data_raw/uc3m/test/01065.jpg,uc3m,test,g_cab25b4e111ee229
data_raw/uc3m/test/01070.jpg,uc3m,test,g_2d2ad90e5c5e63aa
data_raw/uc3m/test/01073.jpg,uc3m,test,g_1580c0403da19b96
data_raw/uc3m/test/01077.jpg,uc3m,test,g_1580c0403da19b96
data_raw/uc3m/test/01082.jpg,uc3m,test,g_6113803fb1117fb5
data_raw/uc3m/test/01083.jpg,uc3m,test,g_f4cfdc3c3900d3c2
data_raw/uc3m/test/01090.jpg,uc3m,test,g_ff88b29a970aa699
data_raw/uc3m/test/01093.jpg,uc3m,test,g_f4cfdc3c3900d3c2
data_raw/uc3m/test/01094.jpg,uc3m,test,g_f4cfdc3c3900d3c2
data_raw/uc3m/test/01117.jpg,uc3m,test,g_ce2f7f6e30333adf
data_raw/uc3m/test/01121.jpg,uc3m,test,g_bb2cc4ae2de16143
data_raw/uc3m/test/01122.jpg,uc3m,test,g_ccb0ce0776c0e956
data_raw/uc3m/test/01127.jpg,uc3m,test,g_c4ee0d22d46aa082
data_raw/uc3m/test/01128.jpg,uc3m,test,g_f4cfdc3c3900d3c2
data_raw/uc3m/test/01134.jpg,uc3m,test,g_e4969af7e6230d58
data_raw/uc3m/test/01138.jpg,uc3m,test,g_f4cfdc3c3900d3c2
data_raw/uc3m/test/01142.jpg,uc3m,test,g_2dceb6a1e3e65c89
data_raw/uc3m/test/01146.jpg,uc3m,test,g_9c7b02e054d69938
data_raw/uc3m/test/01150.jpg,uc3m,test,g_9d4908ef77be88d2
data_raw/uc3m/test/01151.jpg,uc3m,test,g_5642614f5c4775bf
data_raw/uc3m/test/01153.jpg,uc3m,test,g_1580c0403da19b96
data_raw/uc3m/test/01154.jpg,uc3m,test,g_6a6ab2aac5f67a0f
data_raw/uc3m/test/01155.jpg,uc3m,test,g_276eb52d3d14888a
data_raw/uc3m/test/01163.jpg,uc3m,test,g_e2df8679531c6fc9
data_raw/uc3m/test/01170.jpg,uc3m,test,g_90b99bbfc22c95b0
data_raw/uc3m/test/01172.jpg,uc3m,test,g_f4cfdc3c3900d3c2
data_raw/uc3m/test/01182.jpg,uc3m,test,g_7374ea2d763bca3c
data_raw/uc3m/test/01191.jpg,uc3m,test,g_230e2a4e8128540f
data_raw/uc3m/test/01201.jpg,uc3m,test,g_2a6c45a58ae36fdc
data_raw/uc3m/test/01206.jpg,uc3m,test,g_31b406b23de0f030
data_raw/uc3m/test/01209.jpg,uc3m,test,g_ab0c8b29908a771e
data_raw/uc3m/test/01214.jpg,uc3m,test,g_f4cfdc3c3900d3c2
data_raw/uc3m/test/01215.jpg,uc3m,test,g_2df3f494505c4cd6
data_raw/uc3m/test/01220.jpg,uc3m,test,g_fa651bdc065553e3
data_raw/uc3m/test/01227.jpg,uc3m,test,g_11da0328ac916bc3
data_raw/uc3m/test/01234.jpg,uc3m,test,g_cf6e9d133f12f10b
data_raw/uc3m/test/01236.jpg,uc3m,test,g_042bfe5aec5ad0a4
data_raw/uc3m/test/01237.jpg,uc3m,test,g_f4cfdc3c3900d3c2
data_raw/uc3m/test/01242.jpg,uc3m,test,g_1e0c51ba43322867
data_raw/uc3m/test/01248.jpg,uc3m,test,g_a08d4c4017b81fdb
data_raw/uc3m/test/01251.jpg,uc3m,test,g_5bad1377dc6691d1
data_raw/uc3m/test/01260.jpg,uc3m,test,g_003967677d8c9593
data_raw/uc3m/test/01267.jpg,uc3m,test,g_9d4908ef77be88d2
data_raw/uc3m/test/01271.jpg,uc3m,test,g_6aaa97083ce4fed4
data_raw/uc3m/test/01275.jpg,uc3m,test,g_3fa0afaf081864b7
data_raw/uc3m/test/01276.jpg,uc3m,test,g_66ae57a29dc4b138
data_raw/uc3m/test/01288.jpg,uc3m,test,g_3508f7ebed9213e2
data_raw/uc3m/test/01306.jpg,uc3m,test,g_161766f54efecc1f
data_raw/uc3m/test/01307.jpg,uc3m,test,g_e1ff61595883dda9
data_raw/uc3m/test/01319.jpg,uc3m,test,g_017aa27d6ddedc6f
data_raw/uc3m/test/01322.jpg,uc3m,test,g_95d2d33453f7d073
data_raw/uc3m/test/01339.jpg,uc3m,test,g_bb2cc4ae2de16143
data_raw/uc3m/test/01341.jpg,uc3m,test,g_5642614f5c4775bf
data_raw/uc3m/test/01345.jpg,uc3m,test,g_c1659452264a75b4
data_raw/uc3m/test/01348.jpg,uc3m,test,g_87041999c1879847
data_raw/uc3m/test/01363.jpg,uc3m,test,g_296df5178a1851ff
data_raw/uc3m/test/01379.jpg,uc3m,test,g_cfdd58acfc72e423
data_raw/uc3m/test/01384.jpg,uc3m,test,g_e978f63be0d87944
data_raw/uc3m/test/01395.jpg,uc3m,test,g_7638e82f847a68f9
data_raw/uc3m/test/01401.jpg,uc3m,test,g_c00a06a546162077
data_raw/uc3m/test/01404.jpg,uc3m,test,g_f4cfdc3c3900d3c2
data_raw/uc3m/test/01414.jpg,uc3m,test,g_f4cfdc3c3900d3c2
data_raw/uc3m/test/01417.jpg,uc3m,test,g_f4cfdc3c3900d3c2
data_raw/uc3m/test/01423.jpg,uc3m,test,g_68833fd3e5020f37
data_raw/uc3m/test/01424.jpg,uc3m,test,g_5e156129044c86f6
data_raw/uc3m/test/01425.jpg,uc3m,test,g_7acbe4a88f9f98c0
data_raw/uc3m/test/01433.jpg,uc3m,test,g_c3faeedb66e31b56
data_raw/uc3m/test/01437.jpg,uc3m,test,g_80f9dbe67dcbbb0a
data_raw/uc3m/test/01438.jpg,uc3m,test,g_cab777446396b91c
data_raw/uc3m/test/01439.jpg,uc3m,test,g_b0b6c960b63e5fed
data_raw/uc3m/test/01445.jpg,uc3m,test,g_66d02c7ed29539b0
data_raw/uc3m/test/01447.jpg,uc3m,test,g_13210fd980886052
data_raw/uc3m/test/01454.jpg,uc3m,test,g_dcdba113c9e23385
data_raw/uc3m/test/01457.jpg,uc3m,test,g_7d1adb4d8037d4f7
data_raw/uc3m/test/01458.jpg,uc3m,test,g_e6453d30ec69a8aa
data_raw/uc3m/test/01459.jpg,uc3m,test,g_f32f3392f207a4cb
data_raw/uc3m/test/01460.jpg,uc3m,test,g_f4cfdc3c3900d3c2
data_raw/uc3m/test/01461.jpg,uc3m,test,g_f4cfdc3c3900d3c2
data_raw/uc3m/test/01465.jpg,uc3m,test,g_4ec2f2e0a15ba086
data_raw/uc3m/test/01466.jpg,uc3m,test,g_74a231c37af88982
data_raw/uc3m/test/01477.jpg,uc3m,test,g_32881211d72a7ebc
data_raw/uc3m/test/01487.jpg,uc3m,test,g_975a16bc12ffd1f2
data_raw/uc3m/test/01489.jpg,uc3m,test,g_d6881f77d009cf84
data_raw/uc3m/test/01494.jpg,uc3m,test,g_32017e2589cd5f7f
data_raw/uc3m/test/01495.jpg,uc3m,test,g_f4cfdc3c3900d3c2
data_raw/uc3m/test/01500.jpg,uc3m,test,g_f4cfdc3c3900d3c2
data_raw/uc3m/test/01508.jpg,uc3m,test,g_7d1adb4d8037d4f7
data_raw/uc3m/test/01512.jpg,uc3m,test,g_cab25b4e111ee229
data_raw/uc3m/test/01513.jpg,uc3m,test,g_f4cfdc3c3900d3c2
data_raw/uc3m/test/01515.jpg,uc3m,test,g_cb5cb2a043c266fc
data_raw/uc3m/test/01517.jpg,uc3m,test,g_f4cfdc3c3900d3c2
data_raw/uc3m/test/01518.jpg,uc3m,test,g_cc408f4ec184e05f
data_raw/uc3m/test/01519.jpg,uc3m,test,g_f4cfdc3c3900d3c2
data_raw/uc3m/test/01520.jpg,uc3m,test,g_ce099ba3552fdedd
data_raw/uc3m/test/01523.jpg,uc3m,test,g_07013c75bd4b0cab
data_raw/uc3m/test/01525.jpg,uc3m,test,g_dd36d2a1a38ff1b4
data_raw/uc3m/test/01528.jpg,uc3m,test,g_a57cf5b82b377ad7
data_raw/uc3m/test/01529.jpg,uc3m,test,g_2bcb19c0a4ddcfce
data_raw/uc3m/test/01531.jpg,uc3m,test,g_f63e6c473156bdf4
data_raw/uc3m/test/01533.jpg,uc3m,test,g_eeceaea1c9702635
data_raw/uc3m/test/01544.jpg,uc3m,test,g_dbedc707a2e3b85e
data_raw/uc3m/test/01546.jpg,uc3m,test,g_0d8b69c521cb3b8a
data_raw/uc3m/test/01547.jpg,uc3m,test,g_0d8b69c521cb3b8a
data_raw/uc3m/test/01560.jpg,uc3m,test,g_4559da49cf121efd
data_raw/uc3m/test/01563.jpg,uc3m,test,g_506d0aeb1b325363
data_raw/uc3m/test/01565.jpg,uc3m,test,g_f4cfdc3c3900d3c2
data_raw/uc3m/test/01566.jpg,uc3m,test,g_2634685611d05954
data_raw/uc3m/test/01567.jpg,uc3m,test,g_500866df4215b104
data_raw/uc3m/test/01569.jpg,uc3m,test,g_f4cfdc3c3900d3c2
data_raw/uc3m/test/01574.jpg,uc3m,test,g_b7fe7d65df7eb34f
data_raw/uc3m/test/01576.jpg,uc3m,test,g_1756d76d4ebcce0a
data_raw/uc3m/test/01582.jpg,uc3m,test,g_32017e2589cd5f7f
data_raw/uc3m/test/01585.jpg,uc3m,test,g_0b6c514e23ea167a
data_raw/uc3m/test/01595.jpg,uc3m,test,g_f8086cf86b742658
data_raw/uc3m/test/01596.jpg,uc3m,test,g_f8086cf86b742658
data_raw/uc3m/test/01597.jpg,uc3m,test,g_f4cfdc3c3900d3c2
data_raw/uc3m/test/01598.jpg,uc3m,test,g_8bfb39db8ad9b040
data_raw/uc3m/test/01607.jpg,uc3m,test,g_e3ab37fbb1270762
data_raw/uc3m/test/01621.jpg,uc3m,test,g_870040c2bef5fb6f
data_raw/uc3m/test/01626.jpg,uc3m,test,g_e8a4da810cc9899a
data_raw/uc3m/test/01629.jpg,uc3m,test,g_9ca82643dd52eb4b
data_raw/uc3m/test/01638.jpg,uc3m,test,g_7bef83b0b269d2ec
data_raw/uc3m/test/01641.jpg,uc3m,test,g_6216c2585bc8a19d
data_raw/uc3m/test/01646.jpg,uc3m,test,g_bd9ecd877d27579d
data_raw/uc3m/test/01648.jpg,uc3m,test,g_f4cfdc3c3900d3c2
data_raw/uc3m/test/01651.jpg,uc3m,test,g_2bdfda99c452d370
data_raw/uc3m/test/01653.jpg,uc3m,test,g_f4cfdc3c3900d3c2
data_raw/uc3m/test/01658.jpg,uc3m,test,g_b5731532f5efdb3a
data_raw/uc3m/test/01662.jpg,uc3m,test,g_56800da2eb45d829
data_raw/uc3m/test/01665.jpg,uc3m,test,g_f4cfdc3c3900d3c2
data_raw/uc3m/test/01667.jpg,uc3m,test,g_fb4d197f47154192
data_raw/uc3m/test/01669.jpg,uc3m,test,g_92c99f387835d2f6
data_raw/uc3m/test/01678.jpg,uc3m,test,g_735c1e1fbf2b9879
data_raw/uc3m/test/01680.jpg,uc3m,test,g_f4cfdc3c3900d3c2
data_raw/uc3m/test/01684.jpg,uc3m,test,g_a0bfaa86e36ec071
data_raw/uc3m/test/01685.jpg,uc3m,test,g_f4cfdc3c3900d3c2
data_raw/uc3m/test/01687.jpg,uc3m,test,g_159310b99c126c3d
data_raw/uc3m/test/01688.jpg,uc3m,test,g_85077b68e980b7d7
data_raw/uc3m/test/01692.jpg,uc3m,test,g_e1dabee11fbe29a9
data_raw/uc3m/test/01707.jpg,uc3m,test,g_e53f05e5632e74e0
data_raw/uc3m/test/01709.jpg,uc3m,test,g_eadd5effbce92b17
data_raw/uc3m/test/01710.jpg,uc3m,test,g_cb75c3b2c8006823
data_raw/uc3m/test/01718.jpg,uc3m,test,g_1580c0403da19b96
data_raw/uc3m/test/01719.jpg,uc3m,test,g_e3988ff80f746a5c
data_raw/uc3m/test/01720.jpg,uc3m,test,g_8b2ab0899c9deb0c
data_raw/uc3m/test/01736.jpg,uc3m,test,g_2bdfda99c452d370
data_raw/uc3m/test/01740.jpg,uc3m,test,g_ab0c8b29908a771e
data_raw/uc3m/test/01744.jpg,uc3m,test,g_7351fdc7bcb09aaa
data_raw/uc3m/test/01748.jpg,uc3m,test,g_2d2ad90e5c5e63aa
data_raw/uc3m/test/01761.jpg,uc3m,test,g_f8086cf86b742658
data_raw/uc3m/test/01769.jpg,uc3m,test,g_d36461c39e8d645e
data_raw/uc3m/test/01772.jpg,uc3m,test,g_f18c4493950f2c3c
data_raw/uc3m/test/01782.jpg,uc3m,test,g_2b214e141e54dd43
data_raw/uc3m/test/01783.jpg,uc3m,test,g_107ab420bd194b53
data_raw/uc3m/test/01787.jpg,uc3m,test,g_49cd9b369c562a62
data_raw/uc3m/test/01792.jpg,uc3m,test,g_1c9a15a948802e1e
data_raw/uc3m/test/01796.jpg,uc3m,test,g_8084bc772912575f
data_raw/uc3m/test/01803.jpg,uc3m,test,g_7439df94808ac191
data_raw/uc3m/test/01809.jpg,uc3m,test,g_6794dbde95084d24
data_raw/uc3m/test/01817.jpg,uc3m,test,g_d2bb0a55c5a6fddc
data_raw/uc3m/test/01821.jpg,uc3m,test,g_f4cfdc3c3900d3c2
data_raw/uc3m/test/01829.jpg,uc3m,test,g_f4cfdc3c3900d3c2
data_raw/uc3m/test/01831.jpg,uc3m,test,g_f4cfdc3c3900d3c2
data_raw/uc3m/test/01832.jpg,uc3m,test,g_f4cfdc3c3900d3c2
data_raw/uc3m/test/01841.jpg,uc3m,test,g_f4cfdc3c3900d3c2
data_raw/uc3m/test/01843.jpg,uc3m,test,g_230e2a4e8128540f
data_raw/uc3m/test/01844.jpg,uc3m,test,g_f4cfdc3c3900d3c2
data_raw/uc3m/test/01849.jpg,uc3m,test,g_f0e963fe06316b84
data_raw/uc3m/test/01856.jpg,uc3m,test,g_5afe46c1e616f0a8
data_raw/uc3m/test/01858.jpg,uc3m,test,g_f4cfdc3c3900d3c2
data_raw/uc3m/test/01862.jpg,uc3m,test,g_f4cfdc3c3900d3c2
data_raw/uc3m/test/01864.jpg,uc3m,test,g_9b5e8d74b66143de
data_raw/uc3m/test/01865.jpg,uc3m,test,g_824e8d1da73f8c7b
data_raw/uc3m/test/01867.jpg,uc3m,test,g_f2e2ba4d588a21a4
data_raw/uc3m/test/01871.jpg,uc3m,test,g_c6eb68f2e3a4795d
data_raw/uc3m/test/01876.jpg,uc3m,test,g_764ed668d36a5e6f
data_raw/uc3m/test/01883.jpg,uc3m,test,g_96d5511f252c27bb
data_raw/uc3m/test/01892.jpg,uc3m,test,g_fe6bdfec9690d193
data_raw/uc3m/test/01896.jpg,uc3m,test,g_ae84da237b06f063
data_raw/uc3m/test/01898.jpg,uc3m,test,g_fa3970479cb91da7
data_raw/uc3m/test/01902.jpg,uc3m,test,g_3f4428c2998c91e4
data_raw/uc3m/test/01903.jpg,uc3m,test,g_9a386ad4d93814b6
data_raw/uc3m/test/01910.jpg,uc3m,test,g_7f4ed6de8ae25ec9
data_raw/uc3m/test/01921.jpg,uc3m,test,g_f4cfdc3c3900d3c2
data_raw/uc3m/test/01924.jpg,uc3m,test,g_9d3a89f9d3dd0619
data_raw/uc3m/test/01932.jpg,uc3m,test,g_580a191b79148bd2
data_raw/uc3m/test/01941.jpg,uc3m,test,g_339ae7b778813502
data_raw/uc3m/test/01942.jpg,uc3m,test,g_2bca3ae7aa74ce8f
data_raw/uc3m/test/01945.jpg,uc3m,test,g_5a3283d470391190
data_raw/uc3m/test/01950.jpg,uc3m,test,g_f73a8097b970d8d9
data_raw/uc3m/test/01963.jpg,uc3m,test,g_273028a430aea586
data_raw/uc3m/test/01969.jpg,uc3m,test,g_f408f51e22fd265d
data_raw/uc3m/test/01974.jpg,uc3m,test,g_4f600c0d29da140f
data_raw/uc3m/train/00001.jpg,uc3m,train,g_b27b7689229a8574
data_raw/uc3m/train/00002.jpg,uc3m,train,g_837c240d2e0bdf13
data_raw/uc3m/train/00003.jpg,uc3m,train,g_e0dc0898b6a91858
data_raw/uc3m/train/00004.jpg,uc3m,train,g_e0dc0898b6a91858
data_raw/uc3m/train/00005.jpg,uc3m,train,g_e0dc0898b6a91858
data_raw/uc3m/train/00006.jpg,uc3m,train,g_bd4d825953b82caa
data_raw/uc3m/train/00007.jpg,uc3m,train,g_bd4d825953b82caa
data_raw/uc3m/train/00008.jpg,uc3m,train,g_bd4d825953b82caa
data_raw/uc3m/train/00009.jpg,uc3m,train,g_f4cfdc3c3900d3c2
data_raw/uc3m/train/00010.jpg,uc3m,train,g_d6d42f59eb4715c0
data_raw/uc3m/train/00011.jpg,uc3m,train,g_bc1b11b3b287b8eb
data_raw/uc3m/train/00012.jpg,uc3m,train,g_cea4014b16fbb0c3
data_raw/uc3m/train/00013.jpg,uc3m,train,g_f4cfdc3c3900d3c2
data_raw/uc3m/train/00017.jpg,uc3m,train,g_020d17ea7cf8f48d
data_raw/uc3m/train/00018.jpg,uc3m,train,g_c410fcadb127ec09
data_raw/uc3m/train/00019.jpg,uc3m,train,g_a8edc773fa122aaf
data_raw/uc3m/train/00020.jpg,uc3m,train,g_68a67c8573f3bcba
data_raw/uc3m/train/00021.jpg,uc3m,train,g_ea2f4fcb5ac7a317
data_raw/uc3m/train/00023.jpg,uc3m,train,g_f4cfdc3c3900d3c2
data_raw/uc3m/train/00025.jpg,uc3m,train,g_f63e6c473156bdf4
data_raw/uc3m/train/00026.jpg,uc3m,train,g_f63e6c473156bdf4
data_raw/uc3m/train/00027.jpg,uc3m,train,g_8bdd3db6525857fd
data_raw/uc3m/train/00028.jpg,uc3m,train,g_77fc11c1fd94a751
data_raw/uc3m/train/00029.jpg,uc3m,train,g_fa3970479cb91da7
data_raw/uc3m/train/00030.jpg,uc3m,train,g_fa3970479cb91da7
data_raw/uc3m/train/00031.jpg,uc3m,train,g_580a191b79148bd2
data_raw/uc3m/train/00032.jpg,uc3m,train,g_580a191b79148bd2
data_raw/uc3m/train/00033.jpg,uc3m,train,g_d3be2697ddbb48e0
data_raw/uc3m/train/00034.jpg,uc3m,train,g_83271f571e22f57d
data_raw/uc3m/train/00036.jpg,uc3m,train,g_63a2ac7730359ef0
data_raw/uc3m/train/00040.jpg,uc3m,train,g_38fd978aecd06c74
data_raw/uc3m/train/00041.jpg,uc3m,train,g_239f6d7028377f8d
data_raw/uc3m/train/00042.jpg,uc3m,train,g_9ac94bd3810a499f
data_raw/uc3m/train/00043.jpg,uc3m,train,g_b9aa2582ead1fb65
data_raw/uc3m/train/00044.jpg,uc3m,train,g_f4cfdc3c3900d3c2
data_raw/uc3m/train/00045.jpg,uc3m,train,g_f4cfdc3c3900d3c2
data_raw/uc3m/train/00046.jpg,uc3m,train,g_a01728336a6c913f
data_raw/uc3m/train/00047.jpg,uc3m,train,g_aa8e09e16c910d14
data_raw/uc3m/train/00048.jpg,uc3m,train,g_eede96e0e9ee6416
data_raw/uc3m/train/00049.jpg,uc3m,train,g_83ae8f5ba117fee3
data_raw/uc3m/train/00050.jpg,uc3m,train,g_0f438c3ccd3331a9
data_raw/uc3m/train/00051.jpg,uc3m,train,g_980a3a82732d38f0
data_raw/uc3m/train/00052.jpg,uc3m,train,g_bd4d825953b82caa
data_raw/uc3m/train/00053.jpg,uc3m,train,g_b9aa2582ead1fb65
data_raw/uc3m/train/00054.jpg,uc3m,train,g_2e386f7f61387ebb
data_raw/uc3m/train/00055.jpg,uc3m,train,g_2d2ad90e5c5e63aa
data_raw/uc3m/train/00056.jpg,uc3m,train,g_0fef6a991fc155a0
data_raw/uc3m/train/00057.jpg,uc3m,train,g_e15a37e33d24ea49
data_raw/uc3m/train/00058.jpg,uc3m,train,g_abdb3f0d916a5dc8
data_raw/uc3m/train/00059.jpg,uc3m,train,g_bcdd2b882f1bef65
data_raw/uc3m/train/00060.jpg,uc3m,train,g_abdb3f0d916a5dc8
data_raw/uc3m/train/00061.jpg,uc3m,train,g_53a934b4148ac664
data_raw/uc3m/train/00062.jpg,uc3m,train,g_2f4e2c350c05f648
data_raw/uc3m/train/00063.jpg,uc3m,train,g_8eda002594ad8855
data_raw/uc3m/train/00064.jpg,uc3m,train,g_228cfa24af9d2d24
data_raw/uc3m/train/00065.jpg,uc3m,train,g_f4cfdc3c3900d3c2
data_raw/uc3m/train/00066.jpg,uc3m,train,g_c511be1428990da6
data_raw/uc3m/train/00067.jpg,uc3m,train,g_6f8296084ba708f1
data_raw/uc3m/train/00068.jpg,uc3m,train,g_f0a1b24152ea8cd7
data_raw/uc3m/train/00069.jpg,uc3m,train,g_6390ec33ba7bae1f
data_raw/uc3m/train/00070.jpg,uc3m,train,g_a1dda0bc28e15ced
data_raw/uc3m/train/00071.jpg,uc3m,train,g_9fdc2d74cf1349ae
data_raw/uc3m/train/00072.jpg,uc3m,train,g_9b8f250fc5a51ad4
data_raw/uc3m/train/00073.jpg,uc3m,train,g_f4cfdc3c3900d3c2
data_raw/uc3m/train/00074.jpg,uc3m,train,g_6bd82f2a36d69109
data_raw/uc3m/train/00078.jpg,uc3m,train,g_039542272b8eb35d
data_raw/uc3m/train/00079.jpg,uc3m,train,g_66ae57a29dc4b138
data_raw/uc3m/train/00080.jpg,uc3m,train,g_96f2cd0bc6e8925a
data_raw/uc3m/train/00081.jpg,uc3m,train,g_09a89a78e67328ba
data_raw/uc3m/train/00082.jpg,uc3m,train,g_a36330f1784654ef
data_raw/uc3m/train/00083.jpg,uc3m,train,g_f4cfdc3c3900d3c2
data_raw/uc3m/train/00084.jpg,uc3m,train,g_b9aa2582ead1fb65
data_raw/uc3m/train/00085.jpg,uc3m,train,g_fa37d6399b69003b
data_raw/uc3m/train/00086.jpg,uc3m,train,g_1f68e64850f17025
data_raw/uc3m/train/00087.jpg,uc3m,train,g_1f68e64850f17025
data_raw/uc3m/train/00088.jpg,uc3m,train,g_dd36d2a1a38ff1b4
data_raw/uc3m/train/00089.jpg,uc3m,train,g_b02ef052b856f8f8
data_raw/uc3m/train/00090.jpg,uc3m,train,g_e466d30bf0fe87b0
data_raw/uc3m/train/00092.jpg,uc3m,train,g_f4cfdc3c3900d3c2
data_raw/uc3m/train/00094.jpg,uc3m,train,g_ea312cbbee768403
data_raw/uc3m/train/00095.jpg,uc3m,train,g_19d81d8ab0c6f565
data_raw/uc3m/train/00096.jpg,uc3m,train,g_f4cfdc3c3900d3c2
data_raw/uc3m/train/00097.jpg,uc3m,train,g_a36330f1784654ef
data_raw/uc3m/train/00098.jpg,uc3m,train,g_f4cfdc3c3900d3c2
data_raw/uc3m/train/00099.jpg,uc3m,train,g_2ab40ee676bfda1a
data_raw/uc3m/train/00100.jpg,uc3m,train,g_f4cfdc3c3900d3c2
data_raw/uc3m/train/00101.jpg,uc3m,train,g_f4cfdc3c3900d3c2
data_raw/uc3m/train/00102.jpg,uc3m,train,g_f4cfdc3c3900d3c2
data_raw/uc3m/train/00105.jpg,uc3m,train,g_26f8c0b723fd70c9
data_raw/uc3m/train/00106.jpg,uc3m,train,g_27ad1ef8e658845d
data_raw/uc3m/train/00107.jpg,uc3m,train,g_372eaa5fb5c1f0ea
data_raw/uc3m/train/00108.jpg,uc3m,train,g_aff613700777acde
data_raw/uc3m/train/00109.jpg,uc3m,train,g_f4cfdc3c3900d3c2
data_raw/uc3m/train/00110.jpg,uc3m,train,g_934112e6329f7ede
data_raw/uc3m/train/00111.jpg,uc3m,train,g_a36330f1784654ef
data_raw/uc3m/train/00112.jpg,uc3m,train,g_a36330f1784654ef
data_raw/uc3m/train/00113.jpg,uc3m,train,g_a36330f1784654ef
data_raw/uc3m/train/00114.jpg,uc3m,train,g_a36330f1784654ef
data_raw/uc3m/train/00115.jpg,uc3m,train,g_e348b726ab91470f
data_raw/uc3m/train/00116.jpg,uc3m,train,g_ef5d111facb0cb8d
data_raw/uc3m/train/00117.jpg,uc3m,train,g_f4cfdc3c3900d3c2
data_raw/uc3m/train/00118.jpg,uc3m,train,g_f4cfdc3c3900d3c2
data_raw/uc3m/train/00119.jpg,uc3m,train,g_a4f33145259a0acd
data_raw/uc3m/train/00121.jpg,uc3m,train,g_7103af41311fa289
data_raw/uc3m/train/00124.jpg,uc3m,train,g_580a191b79148bd2
data_raw/uc3m/train/00125.jpg,uc3m,train,g_84f824f3a2c04da2
data_raw/uc3m/train/00126.jpg,uc3m,train,g_b9ed5f5d7f8c7642
data_raw/uc3m/train/00127.jpg,uc3m,train,g_a36330f1784654ef
data_raw/uc3m/train/00128.jpg,uc3m,train,g_2d6bb5a19ee774e9
data_raw/uc3m/train/00130.jpg,uc3m,train,g_1f68e64850f17025
data_raw/uc3m/train/00131.jpg,uc3m,train,g_f4cfdc3c3900d3c2
data_raw/uc3m/train/00134.jpg,uc3m,train,g_d2b5087aa348ee90
data_raw/uc3m/train/00135.jpg,uc3m,train,g_c34c9bd7e19de78a
data_raw/uc3m/train/00136.jpg,uc3m,train,g_fda7c4ac9a53c5ca
data_raw/uc3m/train/00137.jpg,uc3m,train,g_fda7c4ac9a53c5ca
data_raw/uc3m/train/00138.jpg,uc3m,train,g_fda7c4ac9a53c5ca
data_raw/uc3m/train/00140.jpg,uc3m,train,g_65254900363ea2b6
data_raw/uc3m/train/00141.jpg,uc3m,train,g_5ec85e7b9964141c
data_raw/uc3m/train/00142.jpg,uc3m,train,g_8c03d9f0009c006c
data_raw/uc3m/train/00143.jpg,uc3m,train,g_27033397c738a48f
data_raw/uc3m/train/00144.jpg,uc3m,train,g_f4cfdc3c3900d3c2
data_raw/uc3m/train/00145.jpg,uc3m,train,g_3d25c5606232d0fd
data_raw/uc3m/train/00146.jpg,uc3m,train,g_f2fe842f5854269d
data_raw/uc3m/train/00147.jpg,uc3m,train,g_f8086cf86b742658
data_raw/uc3m/train/00148.jpg,uc3m,train,g_f4cfdc3c3900d3c2
data_raw/uc3m/train/00150.jpg,uc3m,train,g_26eb06d13e05074d
data_raw/uc3m/train/00152.jpg,uc3m,train,g_1f0d87e61ba9cbc0
data_raw/uc3m/train/00154.jpg,uc3m,train,g_1f0d87e61ba9cbc0
data_raw/uc3m/train/00156.jpg,uc3m,train,g_cd6c0432ba3fba78
data_raw/uc3m/train/00157.jpg,uc3m,train,g_3524d75100b14cc6
data_raw/uc3m/train/00158.jpg,uc3m,train,g_a1b85973d2c2bd1f
data_raw/uc3m/train/00160.jpg,uc3m,train,g_f4cfdc3c3900d3c2
data_raw/uc3m/train/00161.jpg,uc3m,train,g_670088a6521a8dd5
data_raw/uc3m/train/00162.jpg,uc3m,train,g_f4cfdc3c3900d3c2
data_raw/uc3m/train/00163.jpg,uc3m,train,g_214203642eceef1d
data_raw/uc3m/train/00164.jpg,uc3m,train,g_49bd858aca235d6b
data_raw/uc3m/train/00165.jpg,uc3m,train,g_f4cfdc3c3900d3c2
data_raw/uc3m/train/00167.jpg,uc3m,train,g_f4cfdc3c3900d3c2
data_raw/uc3m/train/00168.jpg,uc3m,train,g_f4cfdc3c3900d3c2
data_raw/uc3m/train/00170.jpg,uc3m,train,g_f4cfdc3c3900d3c2
data_raw/uc3m/train/00171.jpg,uc3m,train,g_f4cfdc3c3900d3c2
data_raw/uc3m/train/00172.jpg,uc3m,train,g_ed83182c92c206b3
data_raw/uc3m/train/00174.jpg,uc3m,train,g_f4cfdc3c3900d3c2
data_raw/uc3m/train/00175.jpg,uc3m,train,g_f4cfdc3c3900d3c2
data_raw/uc3m/train/00176.jpg,uc3m,train,g_f4cfdc3c3900d3c2
data_raw/uc3m/train/00177.jpg,uc3m,train,g_f4cfdc3c3900d3c2
data_raw/uc3m/train/00178.jpg,uc3m,train,g_f4cfdc3c3900d3c2
data_raw/uc3m/train/00179.jpg,uc3m,train,g_d6d42f59eb4715c0
data_raw/uc3m/train/00182.jpg,uc3m,train,g_f4cfdc3c3900d3c2
data_raw/uc3m/train/00183.jpg,uc3m,train,g_2dceb6a1e3e65c89
data_raw/uc3m/train/00184.jpg,uc3m,train,g_0b26d05c94680e1b
data_raw/uc3m/train/00185.jpg,uc3m,train,g_f4cfdc3c3900d3c2
data_raw/uc3m/train/00189.jpg,uc3m,train,g_f4cfdc3c3900d3c2
data_raw/uc3m/train/00190.jpg,uc3m,train,g_f4cfdc3c3900d3c2
data_raw/uc3m/train/00191.jpg,uc3m,train,g_f4cfdc3c3900d3c2
data_raw/uc3m/train/00192.jpg,uc3m,train,g_13acec68d6e63d41
data_raw/uc3m/train/00193.jpg,uc3m,train,g_142bb918a4d7df43
data_raw/uc3m/train/00194.jpg,uc3m,train,g_86fc2fa1becebb71
data_raw/uc3m/train/00195.jpg,uc3m,train,g_e1ff61595883dda9
data_raw/uc3m/train/00196.jpg,uc3m,train,g_d63153a3c888b893
data_raw/uc3m/train/00197.jpg,uc3m,train,g_0aee3a0464839552
data_raw/uc3m/train/00198.jpg,uc3m,train,g_0aee3a0464839552
data_raw/uc3m/train/00199.jpg,uc3m,train,g_3a8729692c21afec
data_raw/uc3m/train/00200.jpg,uc3m,train,g_cecb595b71c934d4
data_raw/uc3m/train/00202.jpg,uc3m,train,g_e697f073b7b1bee1
data_raw/uc3m/train/00203.jpg,uc3m,train,g_f4cfdc3c3900d3c2
data_raw/uc3m/train/00205.jpg,uc3m,train,g_f4cfdc3c3900d3c2
data_raw/uc3m/train/00206.jpg,uc3m,train,g_f4cfdc3c3900d3c2
data_raw/uc3m/train/00208.jpg,uc3m,train,g_1b52b914a0e490b3
data_raw/uc3m/train/00209.jpg,uc3m,train,g_1756d76d4ebcce0a
data_raw/uc3m/train/00210.jpg,uc3m,train,g_2f9ae78dd05b5f16
data_raw/uc3m/train/00212.jpg,uc3m,train,g_19b45ba50f0778fd
data_raw/uc3m/train/00213.jpg,uc3m,train,g_ef5d111facb0cb8d
data_raw/uc3m/train/00214.jpg,uc3m,train,g_f532261e67360029
data_raw/uc3m/train/00216.jpg,uc3m,train,g_557da73051864ee4
data_raw/uc3m/train/00219.jpg,uc3m,train,g_920eedc528fbe3a4
data_raw/uc3m/train/00221.jpg,uc3m,train,g_ef5d111facb0cb8d
data_raw/uc3m/train/00222.jpg,uc3m,train,g_e239d4428afd017a
data_raw/uc3m/train/00224.jpg,uc3m,train,g_f4cfdc3c3900d3c2
data_raw/uc3m/train/00225.jpg,uc3m,train,g_f4cfdc3c3900d3c2
data_raw/uc3m/train/00226.jpg,uc3m,train,g_d3eeded39605c886
data_raw/uc3m/train/00228.jpg,uc3m,train,g_ea064e458adbb827
data_raw/uc3m/train/00230.jpg,uc3m,train,g_e70bd45d60430771
data_raw/uc3m/train/00231.jpg,uc3m,train,g_5eafa30fe6712c52
data_raw/uc3m/train/00232.jpg,uc3m,train,g_136e2f1dfefa8a2d
data_raw/uc3m/train/00233.jpg,uc3m,train,g_e697f073b7b1bee1
data_raw/uc3m/train/00234.jpg,uc3m,train,g_9dcad2e955d837f3
data_raw/uc3m/train/00235.jpg,uc3m,train,g_ce4add30776c36f1
data_raw/uc3m/train/00237.jpg,uc3m,train,g_dab4144ae59255df
data_raw/uc3m/train/00238.jpg,uc3m,train,g_743488ebb320cd9a
data_raw/uc3m/train/00239.jpg,uc3m,train,g_03eed08d7ef15e2e
data_raw/uc3m/train/00240.jpg,uc3m,train,g_5f5ec647ced1577b
data_raw/uc3m/train/00241.jpg,uc3m,train,g_f4cfdc3c3900d3c2
data_raw/uc3m/train/00242.jpg,uc3m,train,g_f4cfdc3c3900d3c2
data_raw/uc3m/train/00243.jpg,uc3m,train,g_5e48d02036965d5f
data_raw/uc3m/train/00244.jpg,uc3m,train,g_def25cd6930b53d9
data_raw/uc3m/train/00245.jpg,uc3m,train,g_8f56fe98d8585d91
data_raw/uc3m/train/00246.jpg,uc3m,train,g_f4cfdc3c3900d3c2
data_raw/uc3m/train/00248.jpg,uc3m,train,g_f4cfdc3c3900d3c2
data_raw/uc3m/train/00249.jpg,uc3m,train,g_63e6ffebc815ac73
data_raw/uc3m/train/00250.jpg,uc3m,train,g_e15a37e33d24ea49
data_raw/uc3m/train/00252.jpg,uc3m,train,g_f4cfdc3c3900d3c2
data_raw/uc3m/train/00253.jpg,uc3m,train,g_f4cfdc3c3900d3c2
data_raw/uc3m/train/00254.jpg,uc3m,train,g_f4cfdc3c3900d3c2
data_raw/uc3m/train/00255.jpg,uc3m,train,g_f4cfdc3c3900d3c2
data_raw/uc3m/train/00257.jpg,uc3m,train,g_f63e6c473156bdf4
data_raw/uc3m/train/00258.jpg,uc3m,train,g_f63e6c473156bdf4
data_raw/uc3m/train/00259.jpg,uc3m,train,g_a36330f1784654ef
data_raw/uc3m/train/00260.jpg,uc3m,train,g_f8086cf86b742658
data_raw/uc3m/train/00261.jpg,uc3m,train,g_f8086cf86b742658
data_raw/uc3m/train/00262.jpg,uc3m,train,g_b9aa2582ead1fb65
data_raw/uc3m/train/00264.jpg,uc3m,train,g_a3bbc87b15eefb0f
data_raw/uc3m/train/00265.jpg,uc3m,train,g_f4cfdc3c3900d3c2
data_raw/uc3m/train/00267.jpg,uc3m,train,g_f4cfdc3c3900d3c2
data_raw/uc3m/train/00269.jpg,uc3m,train,g_a23726e7b7b2d4bd
data_raw/uc3m/train/00271.jpg,uc3m,train,g_03e3b6d36d6bfb45
data_raw/uc3m/train/00272.jpg,uc3m,train,g_f4cfdc3c3900d3c2
data_raw/uc3m/train/00273.jpg,uc3m,train,g_dbfb1dd186c62510
data_raw/uc3m/train/00274.jpg,uc3m,train,g_f4cfdc3c3900d3c2
data_raw/uc3m/train/00275.jpg,uc3m,train,g_436e33b4309d2966
data_raw/uc3m/train/00276.jpg,uc3m,train,g_2b86b94de2b07d01
data_raw/uc3m/train/00277.jpg,uc3m,train,g_f4cfdc3c3900d3c2
data_raw/uc3m/train/00278.jpg,uc3m,train,g_f4cfdc3c3900d3c2
data_raw/uc3m/train/00279.jpg,uc3m,train,g_2d2ad90e5c5e63aa
data_raw/uc3m/train/00280.jpg,uc3m,train,g_adf0d592e4b30570
data_raw/uc3m/train/00281.jpg,uc3m,train,g_83ae8f5ba117fee3
data_raw/uc3m/train/00282.jpg,uc3m,train,g_6fb45738fe2e0f71
data_raw/uc3m/train/00283.jpg,uc3m,train,g_f4cfdc3c3900d3c2
data_raw/uc3m/train/00284.jpg,uc3m,train,g_607c7cc45dd58047
data_raw/uc3m/train/00285.jpg,uc3m,train,g_75b529c0afab5b13
data_raw/uc3m/train/00286.jpg,uc3m,train,g_c3d64afc54bf3217
data_raw/uc3m/train/00287.jpg,uc3m,train,g_1f0ffa9023182c94
data_raw/uc3m/train/00288.jpg,uc3m,train,g_f4cfdc3c3900d3c2
data_raw/uc3m/train/00289.jpg,uc3m,train,g_2d2ad90e5c5e63aa
data_raw/uc3m/train/00291.jpg,uc3m,train,g_603a109a52692438
data_raw/uc3m/train/00292.jpg,uc3m,train,g_f4cfdc3c3900d3c2
data_raw/uc3m/train/00294.jpg,uc3m,train,g_f4cfdc3c3900d3c2
data_raw/uc3m/train/00295.jpg,uc3m,train,g_eeaee8bdc2513fe5
data_raw/uc3m/train/00297.jpg,uc3m,train,g_f4cfdc3c3900d3c2
data_raw/uc3m/train/00299.jpg,uc3m,train,g_9c81797ebab9019c
data_raw/uc3m/train/00301.jpg,uc3m,train,g_0d3f0f573cd9faa8
data_raw/uc3m/train/00303.jpg,uc3m,train,g_56023bebc42be4fd
data_raw/uc3m/train/00304.jpg,uc3m,train,g_f4cfdc3c3900d3c2
data_raw/uc3m/train/00305.jpg,uc3m,train,g_6f0d067a5017aff8
data_raw/uc3m/train/00306.jpg,uc3m,train,g_2cfeb0262d493d06
data_raw/uc3m/train/00307.jpg,uc3m,train,g_1c738f6e86349f6d
data_raw/uc3m/train/00309.jpg,uc3m,train,g_cdf9526d62277275
data_raw/uc3m/train/00313.jpg,uc3m,train,g_83ae8f5ba117fee3
data_raw/uc3m/train/00314.jpg,uc3m,train,g_e853fc90c1304ba7
data_raw/uc3m/train/00315.jpg,uc3m,train,g_84ee5380afe8aa0a
data_raw/uc3m/train/00316.jpg,uc3m,train,g_ed71f438b0f59440
data_raw/uc3m/train/00317.jpg,uc3m,train,g_476286df853e7a2f
data_raw/uc3m/train/00318.jpg,uc3m,train,g_3dc7d5715b240cfe
data_raw/uc3m/train/00319.jpg,uc3m,train,g_adf0d592e4b30570
data_raw/uc3m/train/00321.jpg,uc3m,train,g_b9311d035a5f1192
data_raw/uc3m/train/00322.jpg,uc3m,train,g_ab3fbae322d6aa27
data_raw/uc3m/train/00323.jpg,uc3m,train,g_11d68bad719deb9d
data_raw/uc3m/train/00324.jpg,uc3m,train,g_c0353cc21bf73605
data_raw/uc3m/train/00325.jpg,uc3m,train,g_f4cfdc3c3900d3c2
data_raw/uc3m/train/00328.jpg,uc3m,train,g_f6e8daced5ec39af
data_raw/uc3m/train/00329.jpg,uc3m,train,g_134d92f1b8870e92
data_raw/uc3m/train/00330.jpg,uc3m,train,g_f4cfdc3c3900d3c2
data_raw/uc3m/train/00331.jpg,uc3m,train,g_9a506e337eafe502
data_raw/uc3m/train/00332.jpg,uc3m,train,g_aa7644a90f4f2033
data_raw/uc3m/train/00333.jpg,uc3m,train,g_4150d5a46c487508
data_raw/uc3m/train/00334.jpg,uc3m,train,g_bb4bf7c771b64bdc
data_raw/uc3m/train/00335.jpg,uc3m,train,g_7c703128733c08c8
data_raw/uc3m/train/00336.jpg,uc3m,train,g_f4cfdc3c3900d3c2
data_raw/uc3m/train/00338.jpg,uc3m,train,g_6cc0909dcbac7b5b
data_raw/uc3m/train/00339.jpg,uc3m,train,g_7fe9edca480632a1
data_raw/uc3m/train/00341.jpg,uc3m,train,g_d63153a3c888b893
data_raw/uc3m/train/00342.jpg,uc3m,train,g_0aee3a0464839552
data_raw/uc3m/train/00343.jpg,uc3m,train,g_0aee3a0464839552
data_raw/uc3m/train/00344.jpg,uc3m,train,g_3a8729692c21afec
data_raw/uc3m/train/00345.jpg,uc3m,train,g_3a8729692c21afec
data_raw/uc3m/train/00346.jpg,uc3m,train,g_cecb595b71c934d4
data_raw/uc3m/train/00347.jpg,uc3m,train,g_1bf238af44023fa1
data_raw/uc3m/train/00349.jpg,uc3m,train,g_f9de3c73178e9f67
data_raw/uc3m/train/00350.jpg,uc3m,train,g_5ff5751b7e4b77af
data_raw/uc3m/train/00351.jpg,uc3m,train,g_5ff5751b7e4b77af
data_raw/uc3m/train/00352.jpg,uc3m,train,g_5ff5751b7e4b77af
data_raw/uc3m/train/00354.jpg,uc3m,train,g_2e386f7f61387ebb
data_raw/uc3m/train/00355.jpg,uc3m,train,g_a0bfaa86e36ec071
data_raw/uc3m/train/00356.jpg,uc3m,train,g_f3ada30144ce4f06
data_raw/uc3m/train/00357.jpg,uc3m,train,g_a41485c97bf637d0
data_raw/uc3m/train/00359.jpg,uc3m,train,g_83ae8f5ba117fee3
data_raw/uc3m/train/00360.jpg,uc3m,train,g_141f1ae954b80131
data_raw/uc3m/train/00361.jpg,uc3m,train,g_a48b21db69ab521d
data_raw/uc3m/train/00363.jpg,uc3m,train,g_a48b21db69ab521d
data_raw/uc3m/train/00364.jpg,uc3m,train,g_fb4d197f47154192
data_raw/uc3m/train/00365.jpg,uc3m,train,g_230e2a4e8128540f
data_raw/uc3m/train/00366.jpg,uc3m,train,g_348e5f6afba5aedf
data_raw/uc3m/train/00367.jpg,uc3m,train,g_3cacf9a85c8f93bb
data_raw/uc3m/train/00368.jpg,uc3m,train,g_2d0c47a8bd5d4258
data_raw/uc3m/train/00369.jpg,uc3m,train,g_f4cfdc3c3900d3c2
data_raw/uc3m/train/00370.jpg,uc3m,train,g_f4cfdc3c3900d3c2
data_raw/uc3m/train/00371.jpg,uc3m,train,g_89037e7c52f7ac34
data_raw/uc3m/train/00372.jpg,uc3m,train,g_5c01f4398afc6385
data_raw/uc3m/train/00373.jpg,uc3m,train,g_1004881cc49bffdc
data_raw/uc3m/train/00375.jpg,uc3m,train,g_0c63be3816d4c22e
data_raw/uc3m/train/00377.jpg,uc3m,train,g_f4cfdc3c3900d3c2
data_raw/uc3m/train/00378.jpg,uc3m,train,g_f4cfdc3c3900d3c2
data_raw/uc3m/train/00379.jpg,uc3m,train,g_033d06c0e216dd5b
data_raw/uc3m/train/00380.jpg,uc3m,train,g_80b17d96856c728e
data_raw/uc3m/train/00381.jpg,uc3m,train,g_f4cfdc3c3900d3c2
data_raw/uc3m/train/00383.jpg,uc3m,train,g_214203642eceef1d
data_raw/uc3m/train/00385.jpg,uc3m,train,g_f4cfdc3c3900d3c2
data_raw/uc3m/train/00387.jpg,uc3m,train,g_1b1832f3503c86bc
data_raw/uc3m/train/00388.jpg,uc3m,train,g_1a78a211fb8ce450
data_raw/uc3m/train/00389.jpg,uc3m,train,g_8fcfb95a807f0a47
data_raw/uc3m/train/00391.jpg,uc3m,train,g_af545d5ef418b45d
data_raw/uc3m/train/00392.jpg,uc3m,train,g_af545d5ef418b45d
data_raw/uc3m/train/00394.jpg,uc3m,train,g_9ee66c1f60cabacf
data_raw/uc3m/train/00395.jpg,uc3m,train,g_090c02fcf3b7cf56
data_raw/uc3m/train/00396.jpg,uc3m,train,g_9ee66c1f60cabacf
data_raw/uc3m/train/00397.jpg,uc3m,train,g_f4cfdc3c3900d3c2
data_raw/uc3m/train/00398.jpg,uc3m,train,g_603a109a52692438
data_raw/uc3m/train/00399.jpg,uc3m,train,g_fe2dd09a0e60c11d
data_raw/uc3m/train/00400.jpg,uc3m,train,g_ae1c8c8a5157f30d
data_raw/uc3m/train/00401.jpg,uc3m,train,g_6d614585c75e0734
data_raw/uc3m/train/00402.jpg,uc3m,train,g_f4cfdc3c3900d3c2
data_raw/uc3m/train/00403.jpg,uc3m,train,g_ae1c8c8a5157f30d
data_raw/uc3m/train/00404.jpg,uc3m,train,g_8c382e31e412a289
data_raw/uc3m/train/00406.jpg,uc3m,train,g_f4cfdc3c3900d3c2
data_raw/uc3m/train/00408.jpg,uc3m,train,g_f4cfdc3c3900d3c2
data_raw/uc3m/train/00409.jpg,uc3m,train,g_f63e6c473156bdf4
data_raw/uc3m/train/00410.jpg,uc3m,train,g_0b4d166cb6f166ad
data_raw/uc3m/train/00411.jpg,uc3m,train,g_811d858dab18bd2a
data_raw/uc3m/train/00412.jpg,uc3m,train,g_c1247cdef6db5d86
data_raw/uc3m/train/00413.jpg,uc3m,train,g_08d8792f01ab60de
data_raw/uc3m/train/00415.jpg,uc3m,train,g_a36330f1784654ef
data_raw/uc3m/train/00416.jpg,uc3m,train,g_a36330f1784654ef
data_raw/uc3m/train/00417.jpg,uc3m,train,g_a36330f1784654ef
data_raw/uc3m/train/00418.jpg,uc3m,train,g_be8603013397937f
data_raw/uc3m/train/00419.jpg,uc3m,train,g_3707c7e2869203bf
data_raw/uc3m/train/00422.jpg,uc3m,train,g_80d7786ec812e6b7
data_raw/uc3m/train/00423.jpg,uc3m,train,g_abd2738f6a7980e6
data_raw/uc3m/train/00424.jpg,uc3m,train,g_564e0b8998844eb7
data_raw/uc3m/train/00425.jpg,uc3m,train,g_564e0b8998844eb7
data_raw/uc3m/train/00426.jpg,uc3m,train,g_b366b24ef5e2b172
data_raw/uc3m/train/00427.jpg,uc3m,train,g_e6e25630dbf0c4b7
data_raw/uc3m/train/00428.jpg,uc3m,train,g_e6e25630dbf0c4b7
data_raw/uc3m/train/00429.jpg,uc3m,train,g_66ae57a29dc4b138
data_raw/uc3m/train/00430.jpg,uc3m,train,g_dbfb1dd186c62510
data_raw/uc3m/train/00431.jpg,uc3m,train,g_f4cfdc3c3900d3c2
data_raw/uc3m/train/00432.jpg,uc3m,train,g_a7ebe6df0d5a3a75
data_raw/uc3m/train/00433.jpg,uc3m,train,g_f4cfdc3c3900d3c2
data_raw/uc3m/train/00434.jpg,uc3m,train,g_e9aa3b3a41d4c3e8
data_raw/uc3m/train/00435.jpg,uc3m,train,g_d63153a3c888b893
data_raw/uc3m/train/00436.jpg,uc3m,train,g_d63153a3c888b893
data_raw/uc3m/train/00437.jpg,uc3m,train,g_4a0aac3dad79e4f4
data_raw/uc3m/train/00438.jpg,uc3m,train,g_fb5ebad9c30cf86d
data_raw/uc3m/train/00439.jpg,uc3m,train,g_ffa52268b1d7e168
data_raw/uc3m/train/00442.jpg,uc3m,train,g_5d907b646f3d3fee
data_raw/uc3m/train/00443.jpg,uc3m,train,g_6e1c37d298127f44
data_raw/uc3m/train/00444.jpg,uc3m,train,g_5229cac41aa9e183
data_raw/uc3m/train/00446.jpg,uc3m,train,g_2e386f7f61387ebb
data_raw/uc3m/train/00448.jpg,uc3m,train,g_f4cfdc3c3900d3c2
data_raw/uc3m/train/00449.jpg,uc3m,train,g_f4cfdc3c3900d3c2
data_raw/uc3m/train/00450.jpg,uc3m,train,g_f4cfdc3c3900d3c2
data_raw/uc3m/train/00451.jpg,uc3m,train,g_f4cfdc3c3900d3c2
data_raw/uc3m/train/00452.jpg,uc3m,train,g_2d0c47a8bd5d4258
data_raw/uc3m/train/00453.jpg,uc3m,train,g_aaa340ae4ebf95a6
data_raw/uc3m/train/00454.jpg,uc3m,train,g_c2884aa1518e15aa
data_raw/uc3m/train/00455.jpg,uc3m,train,g_b5567730bc007d4d
data_raw/uc3m/train/00456.jpg,uc3m,train,g_c4ee0d22d46aa082
data_raw/uc3m/train/00457.jpg,uc3m,train,g_75f7d32b54603684
data_raw/uc3m/train/00458.jpg,uc3m,train,g_b0d7b568e3158510
data_raw/uc3m/train/00459.jpg,uc3m,train,g_49abae88f908ca1b
data_raw/uc3m/train/00460.jpg,uc3m,train,g_7cad71e343c04766
data_raw/uc3m/train/00461.jpg,uc3m,train,g_f4cfdc3c3900d3c2
data_raw/uc3m/train/00462.jpg,uc3m,train,g_b4c3a40519829500
data_raw/uc3m/train/00463.jpg,uc3m,train,g_f4cfdc3c3900d3c2
data_raw/uc3m/train/00464.jpg,uc3m,train,g_f4cfdc3c3900d3c2
data_raw/uc3m/train/00465.jpg,uc3m,train,g_d1931177dd8ff62b
data_raw/uc3m/train/00466.jpg,uc3m,train,g_ea064e458adbb827
data_raw/uc3m/train/00467.jpg,uc3m,train,g_56b9869bb95078a4
data_raw/uc3m/train/00468.jpg,uc3m,train,g_db07765492c27fa0
data_raw/uc3m/train/00469.jpg,uc3m,train,g_c037ef8f418a25a4
data_raw/uc3m/train/00470.jpg,uc3m,train,g_4d15b22ae44f04a9
data_raw/uc3m/train/00471.jpg,uc3m,train,g_dcad4d3308c74d24
data_raw/uc3m/train/00472.jpg,uc3m,train,g_ea064e458adbb827
data_raw/uc3m/train/00473.jpg,uc3m,train,g_daa388c3dc00f0ab
data_raw/uc3m/train/00474.jpg,uc3m,train,g_7764206b8823500d
data_raw/uc3m/train/00475.jpg,uc3m,train,g_3758d32e9549af02
data_raw/uc3m/train/00476.jpg,uc3m,train,g_f4cfdc3c3900d3c2
data_raw/uc3m/train/00477.jpg,uc3m,train,g_f4cfdc3c3900d3c2
data_raw/uc3m/train/00480.jpg,uc3m,train,g_f4cfdc3c3900d3c2
data_raw/uc3m/train/00481.jpg,uc3m,train,g_f4cfdc3c3900d3c2
data_raw/uc3m/train/00482.jpg,uc3m,train,g_5907fa5f8c7d3d19
data_raw/uc3m/train/00483.jpg,uc3m,train,g_6aaa97083ce4fed4
data_raw/uc3m/train/00484.jpg,uc3m,train,g_6aaa97083ce4fed4
data_raw/uc3m/train/00485.jpg,uc3m,train,g_e5cb2411cb412cd7
data_raw/uc3m/train/00486.jpg,uc3m,train,g_833a6ad539c28799
data_raw/uc3m/train/00487.jpg,uc3m,train,g_c48ad7ee356c1b63
data_raw/uc3m/train/00488.jpg,uc3m,train,g_08abb331d30cfc83
data_raw/uc3m/train/00489.jpg,uc3m,train,g_5e483590d0488d8d
data_raw/uc3m/train/00490.jpg,uc3m,train,g_cb5d42a95c88789e
data_raw/uc3m/train/00491.jpg,uc3m,train,g_5afe46c1e616f0a8
data_raw/uc3m/train/00492.jpg,uc3m,train,g_f4cfdc3c3900d3c2
data_raw/uc3m/train/00493.jpg,uc3m,train,g_2bf21165b52dd6d5
data_raw/uc3m/train/00494.jpg,uc3m,train,g_d2998729bbef7b03
data_raw/uc3m/train/00496.jpg,uc3m,train,g_32314947ebbbc39f
data_raw/uc3m/train/00497.jpg,uc3m,train,g_32314947ebbbc39f
data_raw/uc3m/train/00498.jpg,uc3m,train,g_18b3b1074e236f2f
data_raw/uc3m/train/00499.jpg,uc3m,train,g_6ee43d09517ad629
data_raw/uc3m/train/00500.jpg,uc3m,train,g_03e3b6d36d6bfb45
data_raw/uc3m/train/00501.jpg,uc3m,train,g_b9aa2582ead1fb65
data_raw/uc3m/train/00502.jpg,uc3m,train,g_48d57a597e2de6aa
data_raw/uc3m/train/00503.jpg,uc3m,train,g_b0a991e4361130c4
data_raw/uc3m/train/00504.jpg,uc3m,train,g_cb5d42a95c88789e
data_raw/uc3m/train/00506.jpg,uc3m,train,g_fc48ef3e9a5d28b2
data_raw/uc3m/train/00507.jpg,uc3m,train,g_aa6fdf780e1162ed
data_raw/uc3m/train/00508.jpg,uc3m,train,g_b3fe059508e9e7d6
data_raw/uc3m/train/00512.jpg,uc3m,train,g_e9573e524e44d850
data_raw/uc3m/train/00514.jpg,uc3m,train,g_6b2c5def79bd6a5c
data_raw/uc3m/train/00515.jpg,uc3m,train,g_9ac94bd3810a499f
data_raw/uc3m/train/00516.jpg,uc3m,train,g_b9683931934f915f
data_raw/uc3m/train/00517.jpg,uc3m,train,g_6afdcaccab78138d
data_raw/uc3m/train/00518.jpg,uc3m,train,g_464bf6623ec08c84
data_raw/uc3m/train/00519.jpg,uc3m,train,g_d41db0335344e971
data_raw/uc3m/train/00520.jpg,uc3m,train,g_d75a6d3b83fb8ff6
data_raw/uc3m/train/00521.jpg,uc3m,train,g_f4cfdc3c3900d3c2
data_raw/uc3m/train/00522.jpg,uc3m,train,g_5afe46c1e616f0a8
data_raw/uc3m/train/00524.jpg,uc3m,train,g_83271f571e22f57d
data_raw/uc3m/train/00525.jpg,uc3m,train,g_9f1babe1cbd56df3
data_raw/uc3m/train/00526.jpg,uc3m,train,g_9f1babe1cbd56df3
data_raw/uc3m/train/00527.jpg,uc3m,train,g_8d1104dfe75b8343
data_raw/uc3m/train/00528.jpg,uc3m,train,g_fe72c4cd487d3ce3
data_raw/uc3m/train/00529.jpg,uc3m,train,g_d214e0e348469bc9
data_raw/uc3m/train/00530.jpg,uc3m,train,g_dd45c9854ab31c97
data_raw/uc3m/train/00532.jpg,uc3m,train,g_c40cd904d5b35c43
data_raw/uc3m/train/00534.jpg,uc3m,train,g_c1228c235d633d4d
data_raw/uc3m/train/00535.jpg,uc3m,train,g_f4cfdc3c3900d3c2
data_raw/uc3m/train/00536.jpg,uc3m,train,g_6f1d3323c5434cc0
data_raw/uc3m/train/00537.jpg,uc3m,train,g_f4cfdc3c3900d3c2
data_raw/uc3m/train/00538.jpg,uc3m,train,g_8e2a66826b599bc2
data_raw/uc3m/train/00539.jpg,uc3m,train,g_cb5cb2a043c266fc
data_raw/uc3m/train/00540.jpg,uc3m,train,g_6c8d775835436569
data_raw/uc3m/train/00541.jpg,uc3m,train,g_f4cfdc3c3900d3c2
data_raw/uc3m/train/00542.jpg,uc3m,train,g_9e40a9e9916fd1c8
data_raw/uc3m/train/00543.jpg,uc3m,train,g_6c30585226f534a6
data_raw/uc3m/train/00544.jpg,uc3m,train,g_e4ebf7e8fdf69437
data_raw/uc3m/train/00545.jpg,uc3m,train,g_f4cfdc3c3900d3c2
data_raw/uc3m/train/00546.jpg,uc3m,train,g_b9aa2582ead1fb65
data_raw/uc3m/train/00547.jpg,uc3m,train,g_e82ade758091fe84
data_raw/uc3m/train/00548.jpg,uc3m,train,g_e82ade758091fe84
data_raw/uc3m/train/00549.jpg,uc3m,train,g_e44d886359bfef04
data_raw/uc3m/train/00550.jpg,uc3m,train,g_d2b5087aa348ee90
data_raw/uc3m/train/00551.jpg,uc3m,train,g_c4ee0d22d46aa082
data_raw/uc3m/train/00552.jpg,uc3m,train,g_c4ee0d22d46aa082
data_raw/uc3m/train/00554.jpg,uc3m,train,g_f4cfdc3c3900d3c2
data_raw/uc3m/train/00556.jpg,uc3m,train,g_b57e26b57f15bc5f
data_raw/uc3m/train/00557.jpg,uc3m,train,g_f4cfdc3c3900d3c2
data_raw/uc3m/train/00558.jpg,uc3m,train,g_f4cfdc3c3900d3c2
data_raw/uc3m/train/00559.jpg,uc3m,train,g_f4cfdc3c3900d3c2
data_raw/uc3m/train/00561.jpg,uc3m,train,g_f4cfdc3c3900d3c2
data_raw/uc3m/train/00562.jpg,uc3m,train,g_65254900363ea2b6
data_raw/uc3m/train/00563.jpg,uc3m,train,g_fdab196a28c56657
data_raw/uc3m/train/00564.jpg,uc3m,train,g_83ae8f5ba117fee3
data_raw/uc3m/train/00565.jpg,uc3m,train,g_83ae8f5ba117fee3
data_raw/uc3m/train/00566.jpg,uc3m,train,g_83ae8f5ba117fee3
data_raw/uc3m/train/00567.jpg,uc3m,train,g_83ae8f5ba117fee3
data_raw/uc3m/train/00568.jpg,uc3m,train,g_c19eac60658328f6
data_raw/uc3m/train/00569.jpg,uc3m,train,g_83e4ed624ea9bd2b
data_raw/uc3m/train/00570.jpg,uc3m,train,g_2d2ad90e5c5e63aa
data_raw/uc3m/train/00571.jpg,uc3m,train,g_c1228c235d633d4d
data_raw/uc3m/train/00572.jpg,uc3m,train,g_381c6879eb9562b0
data_raw/uc3m/train/00574.jpg,uc3m,train,g_6390ec33ba7bae1f
data_raw/uc3m/train/00575.jpg,uc3m,train,g_e953d1bcbfcfa9ea
data_raw/uc3m/train/00576.jpg,uc3m,train,g_d214e0e348469bc9
data_raw/uc3m/train/00579.jpg,uc3m,train,g_63638483b87a9fc4
data_raw/uc3m/train/00580.jpg,uc3m,train,g_9fb39a47c48e40a2
data_raw/uc3m/train/00581.jpg,uc3m,train,g_6e1c37d298127f44
data_raw/uc3m/train/00582.jpg,uc3m,train,g_a8edc773fa122aaf
data_raw/uc3m/train/00583.jpg,uc3m,train,g_9d5f5dd82accc91f
data_raw/uc3m/train/00584.jpg,uc3m,train,g_86e97cfb9f165cdb
data_raw/uc3m/train/00585.jpg,uc3m,train,g_f76f946f4e284770
data_raw/uc3m/train/00586.jpg,uc3m,train,g_b5a02c77c725e85a
data_raw/uc3m/train/00587.jpg,uc3m,train,g_f4cfdc3c3900d3c2
data_raw/uc3m/train/00590.jpg,uc3m,train,g_98e28a3e8edbfeb2
data_raw/uc3m/train/00592.jpg,uc3m,train,g_f4cfdc3c3900d3c2
data_raw/uc3m/train/00593.jpg,uc3m,train,g_0aba58a16a6a1ec9
data_raw/uc3m/train/00594.jpg,uc3m,train,g_1f0d87e61ba9cbc0
data_raw/uc3m/train/00595.jpg,uc3m,train,g_f4cfdc3c3900d3c2
data_raw/uc3m/train/00596.jpg,uc3m,train,g_df63a7752125b465
data_raw/uc3m/train/00597.jpg,uc3m,train,g_09232700f05ecdaa
data_raw/uc3m/train/00598.jpg,uc3m,train,g_8f56fe98d8585d91
data_raw/uc3m/train/00599.jpg,uc3m,train,g_6140090251ea361e
data_raw/uc3m/train/00600.jpg,uc3m,train,g_6140090251ea361e
data_raw/uc3m/train/00601.jpg,uc3m,train,g_7fd5a4d9d2a4007c
data_raw/uc3m/train/00602.jpg,uc3m,train,g_4eb97eb9c269f710
data_raw/uc3m/train/00603.jpg,uc3m,train,g_c1228c235d633d4d
data_raw/uc3m/train/00604.jpg,uc3m,train,g_8bdd3db6525857fd
data_raw/uc3m/train/00605.jpg,uc3m,train,g_8bdd3db6525857fd
data_raw/uc3m/train/00607.jpg,uc3m,train,g_f4cfdc3c3900d3c2
data_raw/uc3m/train/00608.jpg,uc3m,train,g_8b4cc0078ece57af
data_raw/uc3m/train/00609.jpg,uc3m,train,g_457b4ae613d710aa
data_raw/uc3m/train/00610.jpg,uc3m,train,g_457b4ae613d710aa
data_raw/uc3m/train/00612.jpg,uc3m,train,g_d6d42f59eb4715c0
data_raw/uc3m/train/00613.jpg,uc3m,train,g_2736587c1d871eee
data_raw/uc3m/train/00614.jpg,uc3m,train,g_49bd858aca235d6b
data_raw/uc3m/train/00616.jpg,uc3m,train,g_f4cfdc3c3900d3c2
data_raw/uc3m/train/00618.jpg,uc3m,train,g_f4cfdc3c3900d3c2
data_raw/uc3m/train/00619.jpg,uc3m,train,g_f4cfdc3c3900d3c2
data_raw/uc3m/train/00620.jpg,uc3m,train,g_f4cfdc3c3900d3c2
data_raw/uc3m/train/00621.jpg,uc3m,train,g_f4cfdc3c3900d3c2
data_raw/uc3m/train/00622.jpg,uc3m,train,g_f4cfdc3c3900d3c2
data_raw/uc3m/train/00623.jpg,uc3m,train,g_f4cfdc3c3900d3c2
data_raw/uc3m/train/00625.jpg,uc3m,train,g_e9da815b88d5cf62
data_raw/uc3m/train/00626.jpg,uc3m,train,g_f4cfdc3c3900d3c2
data_raw/uc3m/train/00627.jpg,uc3m,train,g_f4cfdc3c3900d3c2
data_raw/uc3m/train/00628.jpg,uc3m,train,g_f4cfdc3c3900d3c2
data_raw/uc3m/train/00629.jpg,uc3m,train,g_f4cfdc3c3900d3c2
data_raw/uc3m/train/00630.jpg,uc3m,train,g_f4cfdc3c3900d3c2
data_raw/uc3m/train/00631.jpg,uc3m,train,g_49bd858aca235d6b
data_raw/uc3m/train/00632.jpg,uc3m,train,g_49bd858aca235d6b
data_raw/uc3m/train/00633.jpg,uc3m,train,g_62d9637abf18bd2f
data_raw/uc3m/train/00634.jpg,uc3m,train,g_f4cfdc3c3900d3c2
data_raw/uc3m/train/00635.jpg,uc3m,train,g_f4cfdc3c3900d3c2
data_raw/uc3m/train/00636.jpg,uc3m,train,g_f4cfdc3c3900d3c2
data_raw/uc3m/train/00637.jpg,uc3m,train,g_c2a732b83d932de6
data_raw/uc3m/train/00638.jpg,uc3m,train,g_f4cfdc3c3900d3c2
data_raw/uc3m/train/00639.jpg,uc3m,train,g_f4cfdc3c3900d3c2
data_raw/uc3m/train/00640.jpg,uc3m,train,g_f4cfdc3c3900d3c2
data_raw/uc3m/train/00641.jpg,uc3m,train,g_f4cfdc3c3900d3c2
data_raw/uc3m/train/00642.jpg,uc3m,train,g_f4cfdc3c3900d3c2
data_raw/uc3m/train/00643.jpg,uc3m,train,g_f4cfdc3c3900d3c2
data_raw/uc3m/train/00645.jpg,uc3m,train,g_f4cfdc3c3900d3c2
data_raw/uc3m/train/00646.jpg,uc3m,train,g_f4cfdc3c3900d3c2
data_raw/uc3m/train/00647.jpg,uc3m,train,g_27b86c954d814bb1
data_raw/uc3m/train/00648.jpg,uc3m,train,g_7d52a32992065e6c
data_raw/uc3m/train/00649.jpg,uc3m,train,g_2d2ad90e5c5e63aa
data_raw/uc3m/train/00651.jpg,uc3m,train,g_3f4428c2998c91e4
data_raw/uc3m/train/00652.jpg,uc3m,train,g_3f4428c2998c91e4
data_raw/uc3m/train/00653.jpg,uc3m,train,g_3f4428c2998c91e4
data_raw/uc3m/train/00655.jpg,uc3m,train,g_f4cfdc3c3900d3c2
data_raw/uc3m/train/00657.jpg,uc3m,train,g_9393eed2727313ab
data_raw/uc3m/train/00658.jpg,uc3m,train,g_ea064e458adbb827
data_raw/uc3m/train/00659.jpg,uc3m,train,g_ea064e458adbb827
data_raw/uc3m/train/00660.jpg,uc3m,train,g_015b937769ea72d8
data_raw/uc3m/train/00661.jpg,uc3m,train,g_e697f073b7b1bee1
data_raw/uc3m/train/00663.jpg,uc3m,train,g_2c0fed6c46311683
data_raw/uc3m/train/00664.jpg,uc3m,train,g_aba5c195c7767a15
data_raw/uc3m/train/00665.jpg,uc3m,train,g_83ae8f5ba117fee3
data_raw/uc3m/train/00666.jpg,uc3m,train,g_6cc0909dcbac7b5b
data_raw/uc3m/train/00667.jpg,uc3m,train,g_2d2ad90e5c5e63aa
data_raw/uc3m/train/00670.jpg,uc3m,train,g_2d0629130285ba4a
data_raw/uc3m/train/00671.jpg,uc3m,train,g_d586e46962d40a2f
data_raw/uc3m/train/00672.jpg,uc3m,train,g_f4cfdc3c3900d3c2
data_raw/uc3m/train/00673.jpg,uc3m,train,g_f4cfdc3c3900d3c2
data_raw/uc3m/train/00674.jpg,uc3m,train,g_f4cfdc3c3900d3c2
data_raw/uc3m/train/00675.jpg,uc3m,train,g_f4cfdc3c3900d3c2
data_raw/uc3m/train/00676.jpg,uc3m,train,g_f4cfdc3c3900d3c2
data_raw/uc3m/train/00677.jpg,uc3m,train,g_f4cfdc3c3900d3c2
data_raw/uc3m/train/00678.jpg,uc3m,train,g_f4cfdc3c3900d3c2
data_raw/uc3m/train/00679.jpg,uc3m,train,g_f4cfdc3c3900d3c2
data_raw/uc3m/train/00680.jpg,uc3m,train,g_f4cfdc3c3900d3c2
data_raw/uc3m/train/00681.jpg,uc3m,train,g_f4cfdc3c3900d3c2
data_raw/uc3m/train/00682.jpg,uc3m,train,g_f4cfdc3c3900d3c2
data_raw/uc3m/train/00683.jpg,uc3m,train,g_f4cfdc3c3900d3c2
data_raw/uc3m/train/00684.jpg,uc3m,train,g_166585cbe4bb5790
data_raw/uc3m/train/00685.jpg,uc3m,train,g_f4cfdc3c3900d3c2
data_raw/uc3m/train/00686.jpg,uc3m,train,g_bf441a61916f1565
data_raw/uc3m/train/00687.jpg,uc3m,train,g_a05377bf55e3f51c
data_raw/uc3m/train/00689.jpg,uc3m,train,g_4cf9a0beaa01788c
data_raw/uc3m/train/00690.jpg,uc3m,train,g_ae84da237b06f063
data_raw/uc3m/train/00691.jpg,uc3m,train,g_cae628be6c86df73
data_raw/uc3m/train/00692.jpg,uc3m,train,g_eb5b13aad76e67bf
data_raw/uc3m/train/00693.jpg,uc3m,train,g_28c270f07a2ecfdb
data_raw/uc3m/train/00695.jpg,uc3m,train,g_dcad4d3308c74d24
data_raw/uc3m/train/00696.jpg,uc3m,train,g_dcad4d3308c74d24
data_raw/uc3m/train/00697.jpg,uc3m,train,g_f4cfdc3c3900d3c2
data_raw/uc3m/train/00699.jpg,uc3m,train,g_dfb5764cf39291e2
data_raw/uc3m/train/00700.jpg,uc3m,train,g_f4cfdc3c3900d3c2
data_raw/uc3m/train/00701.jpg,uc3m,train,g_f05d419ad910bf3b
data_raw/uc3m/train/00702.jpg,uc3m,train,g_35f3ba3f8fa8f8da
data_raw/uc3m/train/00703.jpg,uc3m,train,g_f1bad3c20202eb1c
data_raw/uc3m/train/00704.jpg,uc3m,train,g_2d0c47a8bd5d4258
data_raw/uc3m/train/00705.jpg,uc3m,train,g_db48305c52b81e13
data_raw/uc3m/train/00706.jpg,uc3m,train,g_9777e29bfd593269
data_raw/uc3m/train/00707.jpg,uc3m,train,g_ab3fbae322d6aa27
data_raw/uc3m/train/00708.jpg,uc3m,train,g_dcad4d3308c74d24
data_raw/uc3m/train/00709.jpg,uc3m,train,g_cb5d42a95c88789e
data_raw/uc3m/train/00710.jpg,uc3m,train,g_cb5d42a95c88789e
data_raw/uc3m/train/00711.jpg,uc3m,train,g_550bf245163a75c6
data_raw/uc3m/train/00712.jpg,uc3m,train,g_f4cfdc3c3900d3c2
data_raw/uc3m/train/00713.jpg,uc3m,train,g_f4cfdc3c3900d3c2
data_raw/uc3m/train/00714.jpg,uc3m,train,g_f4cfdc3c3900d3c2
data_raw/uc3m/train/00715.jpg,uc3m,train,g_f4cfdc3c3900d3c2
data_raw/uc3m/train/00718.jpg,uc3m,train,g_f4cfdc3c3900d3c2
data_raw/uc3m/train/00719.jpg,uc3m,train,g_f4cfdc3c3900d3c2
data_raw/uc3m/train/00720.jpg,uc3m,train,g_f4cfdc3c3900d3c2
data_raw/uc3m/train/00721.jpg,uc3m,train,g_147948eedfc99879
data_raw/uc3m/train/00723.jpg,uc3m,train,g_fd8fa20e35a361ef
data_raw/uc3m/train/00724.jpg,uc3m,train,g_840270cc3f0c231d
data_raw/uc3m/train/00725.jpg,uc3m,train,g_580a191b79148bd2
data_raw/uc3m/train/00727.jpg,uc3m,train,g_4c219df06131dcb7
data_raw/uc3m/train/00728.jpg,uc3m,train,g_bb59e2adc26afd80
data_raw/uc3m/train/00729.jpg,uc3m,train,g_f9b4bbef56aa3612
data_raw/uc3m/train/00730.jpg,uc3m,train,g_870eca2c09c7755c
data_raw/uc3m/train/00731.jpg,uc3m,train,g_a27a69afa14a056d
data_raw/uc3m/train/00732.jpg,uc3m,train,g_1a238ab5e4af9042
data_raw/uc3m/train/00733.jpg,uc3m,train,g_2753637276473e50
data_raw/uc3m/train/00734.jpg,uc3m,train,g_f63e6c473156bdf4
data_raw/uc3m/train/00735.jpg,uc3m,train,g_c2ea9f30bccd8eec
data_raw/uc3m/train/00736.jpg,uc3m,train,g_e954481018e268bd
data_raw/uc3m/train/00737.jpg,uc3m,train,g_e954481018e268bd
data_raw/uc3m/train/00738.jpg,uc3m,train,g_e954481018e268bd
data_raw/uc3m/train/00739.jpg,uc3m,train,g_e954481018e268bd
data_raw/uc3m/train/00740.jpg,uc3m,train,g_e954481018e268bd
data_raw/uc3m/train/00743.jpg,uc3m,train,g_40a46c0362e8367e
data_raw/uc3m/train/00744.jpg,uc3m,train,g_87d6e662cb0d34e9
data_raw/uc3m/train/00745.jpg,uc3m,train,g_caedb49fe174a4f9
data_raw/uc3m/train/00746.jpg,uc3m,train,g_ea064e458adbb827
data_raw/uc3m/train/00747.jpg,uc3m,train,g_f4cfdc3c3900d3c2
data_raw/uc3m/train/00748.jpg,uc3m,train,g_a0460c6a8b74b99f
data_raw/uc3m/train/00749.jpg,uc3m,train,g_7d53df90d3a06517
data_raw/uc3m/train/00750.jpg,uc3m,train,g_b30479fa1c624af9
data_raw/uc3m/train/00752.jpg,uc3m,train,g_f4cfdc3c3900d3c2
data_raw/uc3m/train/00753.jpg,uc3m,train,g_f4cfdc3c3900d3c2
data_raw/uc3m/train/00754.jpg,uc3m,train,g_f4cfdc3c3900d3c2
data_raw/uc3m/train/00755.jpg,uc3m,train,g_f4cfdc3c3900d3c2
data_raw/uc3m/train/00757.jpg,uc3m,train,g_ea6990d778b489dd
data_raw/uc3m/train/00758.jpg,uc3m,train,g_2d2ad90e5c5e63aa
data_raw/uc3m/train/00759.jpg,uc3m,train,g_f4cfdc3c3900d3c2
data_raw/uc3m/train/00760.jpg,uc3m,train,g_214203642eceef1d
data_raw/uc3m/train/00761.jpg,uc3m,train,g_c0353cc21bf73605
data_raw/uc3m/train/00764.jpg,uc3m,train,g_ae84da237b06f063
data_raw/uc3m/train/00766.jpg,uc3m,train,g_c14fc059ab69c853
data_raw/uc3m/train/00767.jpg,uc3m,train,g_f63e6c473156bdf4
data_raw/uc3m/train/00768.jpg,uc3m,train,g_7439df94808ac191
data_raw/uc3m/train/00769.jpg,uc3m,train,g_7439df94808ac191
data_raw/uc3m/train/00770.jpg,uc3m,train,g_7acbe4a88f9f98c0
data_raw/uc3m/train/00772.jpg,uc3m,train,g_70279b9964aeb3df
data_raw/uc3m/train/00773.jpg,uc3m,train,g_6a160d8996eab0e7
data_raw/uc3m/train/00774.jpg,uc3m,train,g_6a160d8996eab0e7
data_raw/uc3m/train/00775.jpg,uc3m,train,g_8ee857703cdf2eda
data_raw/uc3m/train/00777.jpg,uc3m,train,g_9b1f16c8f800422b
data_raw/uc3m/train/00778.jpg,uc3m,train,g_9b1f16c8f800422b
data_raw/uc3m/train/00779.jpg,uc3m,train,g_2cb167b102dd921e
data_raw/uc3m/train/00780.jpg,uc3m,train,g_9f1babe1cbd56df3
data_raw/uc3m/train/00781.jpg,uc3m,train,g_71dabbb44af59b41
data_raw/uc3m/train/00782.jpg,uc3m,train,g_c4e5bca7aff8b8de
data_raw/uc3m/train/00783.jpg,uc3m,train,g_c4e5bca7aff8b8de
data_raw/uc3m/train/00784.jpg,uc3m,train,g_2cb167b102dd921e
data_raw/uc3m/train/00785.jpg,uc3m,train,g_f4cfdc3c3900d3c2
data_raw/uc3m/train/00787.jpg,uc3m,train,g_3227bcf94775de19
data_raw/uc3m/train/00788.jpg,uc3m,train,g_13be725a1e0c16de
data_raw/uc3m/train/00789.jpg,uc3m,train,g_9bac9671e977b2c9
data_raw/uc3m/train/00790.jpg,uc3m,train,g_a1ff654a7fa655af
data_raw/uc3m/train/00791.jpg,uc3m,train,g_017aa27d6ddedc6f
data_raw/uc3m/train/00792.jpg,uc3m,train,g_7a802aedf8437276
data_raw/uc3m/train/00793.jpg,uc3m,train,g_ae83e88f7f2abdc0
data_raw/uc3m/train/00794.jpg,uc3m,train,g_6740f21236284a7e
data_raw/uc3m/train/00795.jpg,uc3m,train,g_a1ff654a7fa655af
data_raw/uc3m/train/00796.jpg,uc3m,train,g_a1ff654a7fa655af
data_raw/uc3m/train/00797.jpg,uc3m,train,g_b9aa2582ead1fb65
data_raw/uc3m/train/00800.jpg,uc3m,train,g_6ed7bfd24e0afe6d
data_raw/uc3m/train/00801.jpg,uc3m,train,g_9eddf3ca72efbbdb
data_raw/uc3m/train/00802.jpg,uc3m,train,g_9eddf3ca72efbbdb
data_raw/uc3m/train/00803.jpg,uc3m,train,g_9eddf3ca72efbbdb
data_raw/uc3m/train/00805.jpg,uc3m,train,g_8517bef7cbdd2a15
data_raw/uc3m/train/00807.jpg,uc3m,train,g_fb13c8467623c015
data_raw/uc3m/train/00809.jpg,uc3m,train,g_b1bf3b1e2bf1d808
data_raw/uc3m/train/00810.jpg,uc3m,train,g_aa837cf8a5e8745d
data_raw/uc3m/train/00811.jpg,uc3m,train,g_adf0d592e4b30570
data_raw/uc3m/train/00812.jpg,uc3m,train,g_af2f44f362be3d25
data_raw/uc3m/train/00815.jpg,uc3m,train,g_273028a430aea586
data_raw/uc3m/train/00819.jpg,uc3m,train,g_24dd4d4e6b61dab1
data_raw/uc3m/train/00820.jpg,uc3m,train,g_f4cfdc3c3900d3c2
data_raw/uc3m/train/00821.jpg,uc3m,train,g_9ac94bd3810a499f
data_raw/uc3m/train/00822.jpg,uc3m,train,g_962c8627dbab0fc2
data_raw/uc3m/train/00823.jpg,uc3m,train,g_a2d02a27f2dee581
data_raw/uc3m/train/00824.jpg,uc3m,train,g_f4cfdc3c3900d3c2
data_raw/uc3m/train/00825.jpg,uc3m,train,g_f4cfdc3c3900d3c2
data_raw/uc3m/train/00826.jpg,uc3m,train,g_f4cfdc3c3900d3c2
data_raw/uc3m/train/00827.jpg,uc3m,train,g_f4cfdc3c3900d3c2
data_raw/uc3m/train/00828.jpg,uc3m,train,g_f4cfdc3c3900d3c2
data_raw/uc3m/train/00829.jpg,uc3m,train,g_f4cfdc3c3900d3c2
data_raw/uc3m/train/00830.jpg,uc3m,train,g_f4cfdc3c3900d3c2
data_raw/uc3m/train/00832.jpg,uc3m,train,g_53fd4ee9263d0dbf
data_raw/uc3m/train/00833.jpg,uc3m,train,g_08d397fbcf243def
data_raw/uc3m/train/00835.jpg,uc3m,train,g_1f68e64850f17025
data_raw/uc3m/train/00837.jpg,uc3m,train,g_f941a63ac003691c
data_raw/uc3m/train/00838.jpg,uc3m,train,g_2d2ad90e5c5e63aa
data_raw/uc3m/train/00840.jpg,uc3m,train,g_f4cfdc3c3900d3c2
data_raw/uc3m/train/00843.jpg,uc3m,train,g_f4cfdc3c3900d3c2
data_raw/uc3m/train/00845.jpg,uc3m,train,g_86e97cfb9f165cdb
data_raw/uc3m/train/00846.jpg,uc3m,train,g_2d2ad90e5c5e63aa
data_raw/uc3m/train/00847.jpg,uc3m,train,g_91ea466b8f7908cb
data_raw/uc3m/train/00849.jpg,uc3m,train,g_ee80e4115215b0ed
data_raw/uc3m/train/00850.jpg,uc3m,train,g_df09e417a53c6f57
data_raw/uc3m/train/00851.jpg,uc3m,train,g_f4cfdc3c3900d3c2
data_raw/uc3m/train/00852.jpg,uc3m,train,g_f4cfdc3c3900d3c2
data_raw/uc3m/train/00853.jpg,uc3m,train,g_f4cfdc3c3900d3c2
data_raw/uc3m/train/00854.jpg,uc3m,train,g_f4cfdc3c3900d3c2
data_raw/uc3m/train/00856.jpg,uc3m,train,g_f4cfdc3c3900d3c2
data_raw/uc3m/train/00858.jpg,uc3m,train,g_a5907803c754de52
data_raw/uc3m/train/00859.jpg,uc3m,train,g_83271f571e22f57d
data_raw/uc3m/train/00860.jpg,uc3m,train,g_f4cfdc3c3900d3c2
data_raw/uc3m/train/00861.jpg,uc3m,train,g_659f0fc0ec5b9c77
data_raw/uc3m/train/00862.jpg,uc3m,train,g_4584e6620cd104e4
data_raw/uc3m/train/00864.jpg,uc3m,train,g_c317d7429409bf61
data_raw/uc3m/train/00865.jpg,uc3m,train,g_ecc99e3615aac864
data_raw/uc3m/train/00866.jpg,uc3m,train,g_ecc99e3615aac864
data_raw/uc3m/train/00868.jpg,uc3m,train,g_c1c3ad463a993867
data_raw/uc3m/train/00869.jpg,uc3m,train,g_f4cfdc3c3900d3c2
data_raw/uc3m/train/00870.jpg,uc3m,train,g_9678fb1424b36e25
data_raw/uc3m/train/00872.jpg,uc3m,train,g_c317d7429409bf61
data_raw/uc3m/train/00874.jpg,uc3m,train,g_c317d7429409bf61
data_raw/uc3m/train/00876.jpg,uc3m,train,g_a1f7acb0ac346cb1
data_raw/uc3m/train/00877.jpg,uc3m,train,g_537bd1f5382f5c7a
data_raw/uc3m/train/00878.jpg,uc3m,train,g_f4cfdc3c3900d3c2
data_raw/uc3m/train/00880.jpg,uc3m,train,g_f4cfdc3c3900d3c2
data_raw/uc3m/train/00881.jpg,uc3m,train,g_5814415e1097178a
data_raw/uc3m/train/00882.jpg,uc3m,train,g_f4cfdc3c3900d3c2
data_raw/uc3m/train/00884.jpg,uc3m,train,g_f4cfdc3c3900d3c2
data_raw/uc3m/train/00885.jpg,uc3m,train,g_f4cfdc3c3900d3c2
data_raw/uc3m/train/00887.jpg,uc3m,train,g_f8708257423107b9
data_raw/uc3m/train/00888.jpg,uc3m,train,g_bb4bf7c771b64bdc
data_raw/uc3m/train/00889.jpg,uc3m,train,g_0eab83ce596db867
data_raw/uc3m/train/00890.jpg,uc3m,train,g_24f9fd1c1659167c
data_raw/uc3m/train/00891.jpg,uc3m,train,g_83ae8f5ba117fee3
data_raw/uc3m/train/00892.jpg,uc3m,train,g_b9e425bba306d0f3
data_raw/uc3m/train/00893.jpg,uc3m,train,g_83ae8f5ba117fee3
data_raw/uc3m/train/00894.jpg,uc3m,train,g_da0973b5b192ac00
data_raw/uc3m/train/00895.jpg,uc3m,train,g_cc192d4b1a6a6374
data_raw/uc3m/train/00896.jpg,uc3m,train,g_33dec4e324057667
data_raw/uc3m/train/00900.jpg,uc3m,train,g_f4cfdc3c3900d3c2
data_raw/uc3m/train/00902.jpg,uc3m,train,g_915e4657e733970b
data_raw/uc3m/train/00904.jpg,uc3m,train,g_6390ec33ba7bae1f
data_raw/uc3m/train/00905.jpg,uc3m,train,g_b38f58b9761d6819
data_raw/uc3m/train/00906.jpg,uc3m,train,g_5c240f4559ef914f
data_raw/uc3m/train/00907.jpg,uc3m,train,g_58f9ba9d6f693f59
data_raw/uc3m/train/00909.jpg,uc3m,train,g_05713e63f1350ed8
data_raw/uc3m/train/00911.jpg,uc3m,train,g_32017e2589cd5f7f
data_raw/uc3m/train/00912.jpg,uc3m,train,g_334bb6075c1d04b8
data_raw/uc3m/train/00913.jpg,uc3m,train,g_f63e6c473156bdf4
data_raw/uc3m/train/00914.jpg,uc3m,train,g_2255e51bf848a05d
data_raw/uc3m/train/00916.jpg,uc3m,train,g_9872ace42ca2ee87
data_raw/uc3m/train/00917.jpg,uc3m,train,g_605049b894cc73c2
data_raw/uc3m/train/00918.jpg,uc3m,train,g_1f7b3cb1fc8a66f0
data_raw/uc3m/train/00919.jpg,uc3m,train,g_6aaa97083ce4fed4
data_raw/uc3m/train/00920.jpg,uc3m,train,g_e03b8e0a8aaed989
data_raw/uc3m/train/00921.jpg,uc3m,train,g_656b5e2b50974a7f
data_raw/uc3m/train/00922.jpg,uc3m,train,g_1d89cef50ce7df18
data_raw/uc3m/train/00923.jpg,uc3m,train,g_7a1240f8bd84145e
data_raw/uc3m/train/00924.jpg,uc3m,train,g_b27060ff0b8be3ab
data_raw/uc3m/train/00925.jpg,uc3m,train,g_0aef3f6293bb5357
data_raw/uc3m/train/00926.jpg,uc3m,train,g_e19ac68925546be2
data_raw/uc3m/train/00927.jpg,uc3m,train,g_cd58dfacbb429da1
data_raw/uc3m/train/00928.jpg,uc3m,train,g_e9da815b88d5cf62
data_raw/uc3m/train/00930.jpg,uc3m,train,g_f4cfdc3c3900d3c2
data_raw/uc3m/train/00931.jpg,uc3m,train,g_6aaa97083ce4fed4
data_raw/uc3m/train/00932.jpg,uc3m,train,g_f6e8daced5ec39af
data_raw/uc3m/train/00933.jpg,uc3m,train,g_d00c6b5157ee92db
data_raw/uc3m/train/00934.jpg,uc3m,train,g_97196b3a99394fac
data_raw/uc3m/train/00935.jpg,uc3m,train,g_dc9bd0554662383d
data_raw/uc3m/train/00937.jpg,uc3m,train,g_8abb51c80d1e9063
data_raw/uc3m/train/00938.jpg,uc3m,train,g_20d184c72120ca53
data_raw/uc3m/train/00939.jpg,uc3m,train,g_d44b8bef1e802531
data_raw/uc3m/train/00940.jpg,uc3m,train,g_a968c08d96c8e771
data_raw/uc3m/train/00941.jpg,uc3m,train,g_2d2ad90e5c5e63aa
data_raw/uc3m/train/00942.jpg,uc3m,train,g_0c0c0ffaeed97bf4
data_raw/uc3m/train/00943.jpg,uc3m,train,g_aa7644a90f4f2033
data_raw/uc3m/train/00944.jpg,uc3m,train,g_6159ba5966db9a9a
data_raw/uc3m/train/00945.jpg,uc3m,train,g_b9ed5f5d7f8c7642
data_raw/uc3m/train/00946.jpg,uc3m,train,g_6159ba5966db9a9a
data_raw/uc3m/train/00947.jpg,uc3m,train,g_c4ee0d22d46aa082
data_raw/uc3m/train/00949.jpg,uc3m,train,g_5b55ae708e98e325
data_raw/uc3m/train/00950.jpg,uc3m,train,g_d956dd57929fd56e
data_raw/uc3m/train/00951.jpg,uc3m,train,g_0841247a9df64cc2
data_raw/uc3m/train/00952.jpg,uc3m,train,g_9a6137f31387051f
data_raw/uc3m/train/00953.jpg,uc3m,train,g_9f684ba3a2bbb468
data_raw/uc3m/train/00954.jpg,uc3m,train,g_2d2ad90e5c5e63aa
data_raw/uc3m/train/00955.jpg,uc3m,train,g_f4cfdc3c3900d3c2
data_raw/uc3m/train/00956.jpg,uc3m,train,g_2d2ad90e5c5e63aa
data_raw/uc3m/train/00957.jpg,uc3m,train,g_431f161890bc3c41
data_raw/uc3m/train/00959.jpg,uc3m,train,g_1d30970fcdd73541
data_raw/uc3m/train/00960.jpg,uc3m,train,g_19a0204a18559ae9
data_raw/uc3m/train/00962.jpg,uc3m,train,g_f4cfdc3c3900d3c2
data_raw/uc3m/train/00964.jpg,uc3m,train,g_0972b6171a72f49e
data_raw/uc3m/train/00965.jpg,uc3m,train,g_b56004f596be3054
data_raw/uc3m/train/00966.jpg,uc3m,train,g_015b937769ea72d8
data_raw/uc3m/train/00969.jpg,uc3m,train,g_6f9e3c0a6f087758
data_raw/uc3m/train/00970.jpg,uc3m,train,g_275023b6d742bd23
data_raw/uc3m/train/00971.jpg,uc3m,train,g_0841247a9df64cc2
data_raw/uc3m/train/00972.jpg,uc3m,train,g_e7cf012d075fd193
data_raw/uc3m/train/00973.jpg,uc3m,train,g_2d2ad90e5c5e63aa
data_raw/uc3m/train/00974.jpg,uc3m,train,g_2d2ad90e5c5e63aa
data_raw/uc3m/train/00975.jpg,uc3m,train,g_2d2ad90e5c5e63aa
data_raw/uc3m/train/00977.jpg,uc3m,train,g_f4cfdc3c3900d3c2
data_raw/uc3m/train/00980.jpg,uc3m,train,g_83ae8f5ba117fee3
data_raw/uc3m/train/00981.jpg,uc3m,train,g_ee5e33e3ff3883f0
data_raw/uc3m/train/00982.jpg,uc3m,train,g_3f66a52f545109be
data_raw/uc3m/train/00983.jpg,uc3m,train,g_6e0744b637ba5dac
data_raw/uc3m/train/00984.jpg,uc3m,train,g_2bdfda99c452d370
data_raw/uc3m/train/00985.jpg,uc3m,train,g_f4cfdc3c3900d3c2
data_raw/uc3m/train/00986.jpg,uc3m,train,g_cbd8928de6084e91
data_raw/uc3m/train/00987.jpg,uc3m,train,g_f0e963fe06316b84
data_raw/uc3m/train/00989.jpg,uc3m,train,g_03cd15efc2345d87
data_raw/uc3m/train/00990.jpg,uc3m,train,g_fac5c584a76d8377
data_raw/uc3m/train/00992.jpg,uc3m,train,g_eae5bfadff149318
data_raw/uc3m/train/00993.jpg,uc3m,train,g_f4cfdc3c3900d3c2
data_raw/uc3m/train/00995.jpg,uc3m,train,g_04f891e3a619a75d
data_raw/uc3m/train/00996.jpg,uc3m,train,g_1487f14eaa20f9a0
data_raw/uc3m/train/00997.jpg,uc3m,train,g_e259a0e17895fd3f
data_raw/uc3m/train/00998.jpg,uc3m,train,g_230e2a4e8128540f
data_raw/uc3m/train/00999.jpg,uc3m,train,g_9ac94bd3810a499f
data_raw/uc3m/train/01001.jpg,uc3m,train,g_312c33aee2a08820
data_raw/uc3m/train/01002.jpg,uc3m,train,g_ad4a088ff40160cf
data_raw/uc3m/train/01005.jpg,uc3m,train,g_af32b1253763ac39
data_raw/uc3m/train/01006.jpg,uc3m,train,g_f4cfdc3c3900d3c2
data_raw/uc3m/train/01007.jpg,uc3m,train,g_f4cfdc3c3900d3c2
data_raw/uc3m/train/01008.jpg,uc3m,train,g_f4cfdc3c3900d3c2
data_raw/uc3m/train/01010.jpg,uc3m,train,g_3f4428c2998c91e4
data_raw/uc3m/train/01011.jpg,uc3m,train,g_3f4428c2998c91e4
data_raw/uc3m/train/01012.jpg,uc3m,train,g_f4cfdc3c3900d3c2
data_raw/uc3m/train/01014.jpg,uc3m,train,g_3b1a1bf86102b810
data_raw/uc3m/train/01015.jpg,uc3m,train,g_66a8d3a764698f3f
data_raw/uc3m/train/01017.jpg,uc3m,train,g_c0dcd6e0fdbdc28d
data_raw/uc3m/train/01018.jpg,uc3m,train,g_f4cfdc3c3900d3c2
data_raw/uc3m/train/01019.jpg,uc3m,train,g_f4cfdc3c3900d3c2
data_raw/uc3m/train/01020.jpg,uc3m,train,g_9d5f5dd82accc91f
data_raw/uc3m/train/01021.jpg,uc3m,train,g_2d2ad90e5c5e63aa
data_raw/uc3m/train/01022.jpg,uc3m,train,g_2d2ad90e5c5e63aa
data_raw/uc3m/train/01023.jpg,uc3m,train,g_2d2ad90e5c5e63aa
data_raw/uc3m/train/01024.jpg,uc3m,train,g_2d2ad90e5c5e63aa
data_raw/uc3m/train/01025.jpg,uc3m,train,g_2d2ad90e5c5e63aa
data_raw/uc3m/train/01027.jpg,uc3m,train,g_2d2ad90e5c5e63aa
data_raw/uc3m/train/01028.jpg,uc3m,train,g_2d2ad90e5c5e63aa
data_raw/uc3m/train/01029.jpg,uc3m,train,g_4518c445105f01b8
data_raw/uc3m/train/01030.jpg,uc3m,train,g_e4969af7e6230d58
data_raw/uc3m/train/01031.jpg,uc3m,train,g_0d8a111338bb81f6
data_raw/uc3m/train/01032.jpg,uc3m,train,g_3565ead3c1729268
data_raw/uc3m/train/01033.jpg,uc3m,train,g_bb54dc6c8a837c4c
data_raw/uc3m/train/01034.jpg,uc3m,train,g_d5175786e43393d2
data_raw/uc3m/train/01035.jpg,uc3m,train,g_f4cfdc3c3900d3c2
data_raw/uc3m/train/01036.jpg,uc3m,train,g_5ff5751b7e4b77af
data_raw/uc3m/train/01037.jpg,uc3m,train,g_9d3a54630bb59c0b
data_raw/uc3m/train/01038.jpg,uc3m,train,g_a7c95b76411bb99d
data_raw/uc3m/train/01040.jpg,uc3m,train,g_990d6dcabce4515b
data_raw/uc3m/train/01041.jpg,uc3m,train,g_ae84da237b06f063
data_raw/uc3m/train/01042.jpg,uc3m,train,g_3b6f8567acd77b95
data_raw/uc3m/train/01044.jpg,uc3m,train,g_325817b0da3ce637
data_raw/uc3m/train/01045.jpg,uc3m,train,g_f4cfdc3c3900d3c2
data_raw/uc3m/train/01046.jpg,uc3m,train,g_f4cfdc3c3900d3c2
data_raw/uc3m/train/01047.jpg,uc3m,train,g_2d2ad90e5c5e63aa
data_raw/uc3m/train/01048.jpg,uc3m,train,g_2438c596b807f186
data_raw/uc3m/train/01049.jpg,uc3m,train,g_88b4f99ea1d38505
data_raw/uc3m/train/01051.jpg,uc3m,train,g_1f0d87e61ba9cbc0
data_raw/uc3m/train/01052.jpg,uc3m,train,g_8ea43400862e1e69
data_raw/uc3m/train/01054.jpg,uc3m,train,g_f4cfdc3c3900d3c2
data_raw/uc3m/train/01055.jpg,uc3m,train,g_6113803fb1117fb5
data_raw/uc3m/train/01056.jpg,uc3m,train,g_7e2e965693363981
data_raw/uc3m/train/01057.jpg,uc3m,train,g_66dbc3b0fe639a94
data_raw/uc3m/train/01058.jpg,uc3m,train,g_f4cfdc3c3900d3c2
data_raw/uc3m/train/01059.jpg,uc3m,train,g_f4cfdc3c3900d3c2
data_raw/uc3m/train/01060.jpg,uc3m,train,g_e709faa335c0d828
data_raw/uc3m/train/01061.jpg,uc3m,train,g_003967677d8c9593
data_raw/uc3m/train/01062.jpg,uc3m,train,g_2412673ee262a31f
data_raw/uc3m/train/01064.jpg,uc3m,train,g_b09dff426cf8b7a0
data_raw/uc3m/train/01066.jpg,uc3m,train,g_f4cfdc3c3900d3c2
data_raw/uc3m/train/01067.jpg,uc3m,train,g_e4969af7e6230d58
data_raw/uc3m/train/01068.jpg,uc3m,train,g_17d8df1c7d99eebb
data_raw/uc3m/train/01069.jpg,uc3m,train,g_4beec00da851d930
data_raw/uc3m/train/01071.jpg,uc3m,train,g_ab8177f715ee8dfd
data_raw/uc3m/train/01072.jpg,uc3m,train,g_9ca82643dd52eb4b
data_raw/uc3m/train/01074.jpg,uc3m,train,g_1580c0403da19b96
data_raw/uc3m/train/01075.jpg,uc3m,train,g_77c8cec6ee7ebc08
data_raw/uc3m/train/01076.jpg,uc3m,train,g_77c8cec6ee7ebc08
data_raw/uc3m/train/01078.jpg,uc3m,train,g_f4cfdc3c3900d3c2
data_raw/uc3m/train/01079.jpg,uc3m,train,g_6794dbde95084d24
data_raw/uc3m/train/01080.jpg,uc3m,train,g_f4cfdc3c3900d3c2
data_raw/uc3m/train/01081.jpg,uc3m,train,g_f55724fe1a78f4bc
data_raw/uc3m/train/01084.jpg,uc3m,train,g_f4cfdc3c3900d3c2
data_raw/uc3m/train/01085.jpg,uc3m,train,g_f4cfdc3c3900d3c2
data_raw/uc3m/train/01086.jpg,uc3m,train,g_d932c5814fd06d38
data_raw/uc3m/train/01087.jpg,uc3m,train,g_1e97201a204de209
data_raw/uc3m/train/01088.jpg,uc3m,train,g_2ad0fb66492c8c94
data_raw/uc3m/train/01089.jpg,uc3m,train,g_b9aa2582ead1fb65
data_raw/uc3m/train/01091.jpg,uc3m,train,g_ea064e458adbb827
data_raw/uc3m/train/01092.jpg,uc3m,train,g_f4cfdc3c3900d3c2
data_raw/uc3m/train/01095.jpg,uc3m,train,g_f4cfdc3c3900d3c2
data_raw/uc3m/train/01096.jpg,uc3m,train,g_a726879b12dcbd79
data_raw/uc3m/train/01097.jpg,uc3m,train,g_f4cfdc3c3900d3c2
data_raw/uc3m/train/01098.jpg,uc3m,train,g_1580c0403da19b96
data_raw/uc3m/train/01099.jpg,uc3m,train,g_3f66a52f545109be
data_raw/uc3m/train/01100.jpg,uc3m,train,g_e44d886359bfef04
data_raw/uc3m/train/01101.jpg,uc3m,train,g_e44d886359bfef04
data_raw/uc3m/train/01102.jpg,uc3m,train,g_f4cfdc3c3900d3c2
data_raw/uc3m/train/01103.jpg,uc3m,train,g_83271f571e22f57d
data_raw/uc3m/train/01104.jpg,uc3m,train,g_a95c60137485f067
data_raw/uc3m/train/01105.jpg,uc3m,train,g_820cb3c5ebadd01b
data_raw/uc3m/train/01106.jpg,uc3m,train,g_6689fb8b32a86d2e
data_raw/uc3m/train/01107.jpg,uc3m,train,g_a3bbc87b15eefb0f
data_raw/uc3m/train/01108.jpg,uc3m,train,g_f4cfdc3c3900d3c2
data_raw/uc3m/train/01109.jpg,uc3m,train,g_86c307d78d37f0eb
data_raw/uc3m/train/01110.jpg,uc3m,train,g_fd0fcfe15e2e303d
data_raw/uc3m/train/01111.jpg,uc3m,train,g_f4cfdc3c3900d3c2
data_raw/uc3m/train/01112.jpg,uc3m,train,g_67713cd2c68bb122
data_raw/uc3m/train/01113.jpg,uc3m,train,g_83ae8f5ba117fee3
data_raw/uc3m/train/01114.jpg,uc3m,train,g_c4ee0d22d46aa082
data_raw/uc3m/train/01115.jpg,uc3m,train,g_d878e045892e9a26
data_raw/uc3m/train/01116.jpg,uc3m,train,g_a33d5b5032bef87b
data_raw/uc3m/train/01118.jpg,uc3m,train,g_2d2ad90e5c5e63aa
data_raw/uc3m/train/01119.jpg,uc3m,train,g_43f53a74304b8c2e
data_raw/uc3m/train/01120.jpg,uc3m,train,g_975a16bc12ffd1f2
data_raw/uc3m/train/01123.jpg,uc3m,train,g_d55e1408d8b1d3c6
data_raw/uc3m/train/01124.jpg,uc3m,train,g_a5f0dfaa8dd5c8e4
data_raw/uc3m/train/01125.jpg,uc3m,train,g_f4cfdc3c3900d3c2
data_raw/uc3m/train/01126.jpg,uc3m,train,g_bd4d825953b82caa
data_raw/uc3m/train/01129.jpg,uc3m,train,g_5642614f5c4775bf
data_raw/uc3m/train/01130.jpg,uc3m,train,g_d55e1408d8b1d3c6
data_raw/uc3m/train/01131.jpg,uc3m,train,g_ce2f7f6e30333adf
data_raw/uc3m/train/01132.jpg,uc3m,train,g_7ac0ba5f26cd4038
data_raw/uc3m/train/01133.jpg,uc3m,train,g_ac99997c0201232b
data_raw/uc3m/train/01135.jpg,uc3m,train,g_6874d81ba46d97c3
data_raw/uc3m/train/01136.jpg,uc3m,train,g_d1c4cb3036b06483
data_raw/uc3m/train/01137.jpg,uc3m,train,g_97f18ba5e5853a57
data_raw/uc3m/train/01139.jpg,uc3m,train,g_4d6b66d52865ea31
data_raw/uc3m/train/01140.jpg,uc3m,train,g_83b02c9a879496a2
data_raw/uc3m/train/01141.jpg,uc3m,train,g_ed59e83af9308b90
data_raw/uc3m/train/01143.jpg,uc3m,train,g_9c7b02e054d69938
data_raw/uc3m/train/01144.jpg,uc3m,train,g_d71c5f6791671630
data_raw/uc3m/train/01145.jpg,uc3m,train,g_2dceb6a1e3e65c89
data_raw/uc3m/train/01147.jpg,uc3m,train,g_c05fcf0232e849bd
data_raw/uc3m/train/01148.jpg,uc3m,train,g_850828e89254b08a
data_raw/uc3m/train/01149.jpg,uc3m,train,g_778464f2b40725d9
data_raw/uc3m/train/01152.jpg,uc3m,train,g_a1ff654a7fa655af
data_raw/uc3m/train/01156.jpg,uc3m,train,g_dc1ab19ce65bb3da
data_raw/uc3m/train/01157.jpg,uc3m,train,g_b9ca456995c2b457
data_raw/uc3m/train/01158.jpg,uc3m,train,g_f63e6c473156bdf4
data_raw/uc3m/train/01159.jpg,uc3m,train,g_f63e6c473156bdf4
data_raw/uc3m/train/01160.jpg,uc3m,train,g_f4cfdc3c3900d3c2
data_raw/uc3m/train/01161.jpg,uc3m,train,g_0d8a111338bb81f6
data_raw/uc3m/train/01162.jpg,uc3m,train,g_2d2ad90e5c5e63aa
data_raw/uc3m/train/01164.jpg,uc3m,train,g_99a4bcac792a8ab2
data_raw/uc3m/train/01165.jpg,uc3m,train,g_ccf39ef10ba83d51
data_raw/uc3m/train/01166.jpg,uc3m,train,g_f4cfdc3c3900d3c2
data_raw/uc3m/train/01167.jpg,uc3m,train,g_282ab8f084933b3d
data_raw/uc3m/train/01168.jpg,uc3m,train,g_24f9fd1c1659167c
data_raw/uc3m/train/01169.jpg,uc3m,train,g_f4cfdc3c3900d3c2
data_raw/uc3m/train/01171.jpg,uc3m,train,g_f4cfdc3c3900d3c2
data_raw/uc3m/train/01173.jpg,uc3m,train,g_8084bc772912575f
data_raw/uc3m/train/01174.jpg,uc3m,train,g_e44581063f252e13
data_raw/uc3m/train/01175.jpg,uc3m,train,g_f4cfdc3c3900d3c2
data_raw/uc3m/train/01176.jpg,uc3m,train,g_ff355785fbf73996
data_raw/uc3m/train/01177.jpg,uc3m,train,g_4d3d6447d8bce859
data_raw/uc3m/train/01178.jpg,uc3m,train,g_f4cfdc3c3900d3c2
data_raw/uc3m/train/01179.jpg,uc3m,train,g_446ff16af3ab0bec
data_raw/uc3m/train/01180.jpg,uc3m,train,g_03e3b6d36d6bfb45
data_raw/uc3m/train/01181.jpg,uc3m,train,g_f4cfdc3c3900d3c2
data_raw/uc3m/train/01183.jpg,uc3m,train,g_869ec917d73029d2
data_raw/uc3m/train/01184.jpg,uc3m,train,g_670f4405cd02ee00
data_raw/uc3m/train/01185.jpg,uc3m,train,g_3f9c78b8c0748d16
data_raw/uc3m/train/01186.jpg,uc3m,train,g_e36ee03aab26e9b2
data_raw/uc3m/train/01187.jpg,uc3m,train,g_8202a6c26701d8d3
data_raw/uc3m/train/01188.jpg,uc3m,train,g_ca8b9e80f1983347
data_raw/uc3m/train/01189.jpg,uc3m,train,g_230e2a4e8128540f
data_raw/uc3m/train/01190.jpg,uc3m,train,g_230e2a4e8128540f
data_raw/uc3m/train/01192.jpg,uc3m,train,g_dc1873be61a96f71
data_raw/uc3m/train/01193.jpg,uc3m,train,g_629677056f403037
data_raw/uc3m/train/01194.jpg,uc3m,train,g_e8471737ac9daf11
data_raw/uc3m/train/01195.jpg,uc3m,train,g_9ca82643dd52eb4b
data_raw/uc3m/train/01196.jpg,uc3m,train,g_0aef3f6293bb5357
data_raw/uc3m/train/01197.jpg,uc3m,train,g_ab3135d22de18e90
data_raw/uc3m/train/01198.jpg,uc3m,train,g_a7e2913563cdd991
data_raw/uc3m/train/01199.jpg,uc3m,train,g_bc934002824c39f0
data_raw/uc3m/train/01200.jpg,uc3m,train,g_2d2ad90e5c5e63aa
data_raw/uc3m/train/01202.jpg,uc3m,train,g_4a2d43d9a3120c49
data_raw/uc3m/train/01203.jpg,uc3m,train,g_f4cfdc3c3900d3c2
data_raw/uc3m/train/01204.jpg,uc3m,train,g_9ed651428bd5ca0e
data_raw/uc3m/train/01205.jpg,uc3m,train,g_83ae8f5ba117fee3
data_raw/uc3m/train/01207.jpg,uc3m,train,g_f4cfdc3c3900d3c2
data_raw/uc3m/train/01208.jpg,uc3m,train,g_bc534e12943546de
data_raw/uc3m/train/01210.jpg,uc3m,train,g_f4cfdc3c3900d3c2
data_raw/uc3m/train/01211.jpg,uc3m,train,g_ea2f4fcb5ac7a317
data_raw/uc3m/train/01212.jpg,uc3m,train,g_3bbc7bf16d85e4fa
data_raw/uc3m/train/01213.jpg,uc3m,train,g_f4cfdc3c3900d3c2
data_raw/uc3m/train/01216.jpg,uc3m,train,g_ec9391d2bd83ef39
data_raw/uc3m/train/01217.jpg,uc3m,train,g_6390ec33ba7bae1f
data_raw/uc3m/train/01218.jpg,uc3m,train,g_529ba3d446107111
data_raw/uc3m/train/01219.jpg,uc3m,train,g_f55e7ac5786c3e64
data_raw/uc3m/train/01221.jpg,uc3m,train,g_2d2ad90e5c5e63aa
data_raw/uc3m/train/01222.jpg,uc3m,train,g_fc15d15056b7cbf9
data_raw/uc3m/train/01223.jpg,uc3m,train,g_e93a62442a65ba0c
data_raw/uc3m/train/01224.jpg,uc3m,train,g_f8e3bbda425d712d
data_raw/uc3m/train/01225.jpg,uc3m,train,g_f4cfdc3c3900d3c2
data_raw/uc3m/train/01226.jpg,uc3m,train,g_db48305c52b81e13
data_raw/uc3m/train/01228.jpg,uc3m,train,g_f4cfdc3c3900d3c2
data_raw/uc3m/train/01229.jpg,uc3m,train,g_445128cc6203552f
data_raw/uc3m/train/01230.jpg,uc3m,train,g_84ee1b542cafa471
data_raw/uc3m/train/01231.jpg,uc3m,train,g_17789b421391d506
data_raw/uc3m/train/01232.jpg,uc3m,train,g_ce44a80419b85218
data_raw/uc3m/train/01233.jpg,uc3m,train,g_28af0a82a13fda2b
data_raw/uc3m/train/01235.jpg,uc3m,train,g_10e056f6e7b15e6f
data_raw/uc3m/train/01238.jpg,uc3m,train,g_f4cfdc3c3900d3c2
data_raw/uc3m/train/01239.jpg,uc3m,train,g_f4cfdc3c3900d3c2
data_raw/uc3m/train/01240.jpg,uc3m,train,g_9f1babe1cbd56df3
data_raw/uc3m/train/01241.jpg,uc3m,train,g_b420c79a077f9ce0
data_raw/uc3m/train/01243.jpg,uc3m,train,g_588c97f5df72c859
data_raw/uc3m/train/01244.jpg,uc3m,train,g_caac93156f33791c
data_raw/uc3m/train/01245.jpg,uc3m,train,g_38f2980c265a9dee
data_raw/uc3m/train/01246.jpg,uc3m,train,g_f4cfdc3c3900d3c2
data_raw/uc3m/train/01247.jpg,uc3m,train,g_650d5774aab9307b
data_raw/uc3m/train/01249.jpg,uc3m,train,g_d1931177dd8ff62b
data_raw/uc3m/train/01250.jpg,uc3m,train,g_3565ead3c1729268
data_raw/uc3m/train/01252.jpg,uc3m,train,g_9ab7b83630be883a
data_raw/uc3m/train/01253.jpg,uc3m,train,g_bdffb9cb635c1754
data_raw/uc3m/train/01254.jpg,uc3m,train,g_580a191b79148bd2
data_raw/uc3m/train/01255.jpg,uc3m,train,g_f4cfdc3c3900d3c2
data_raw/uc3m/train/01256.jpg,uc3m,train,g_f4cfdc3c3900d3c2
data_raw/uc3m/train/01257.jpg,uc3m,train,g_d63153a3c888b893
data_raw/uc3m/train/01258.jpg,uc3m,train,g_1f68e64850f17025
data_raw/uc3m/train/01259.jpg,uc3m,train,g_e654508f7f053767
data_raw/uc3m/train/01261.jpg,uc3m,train,g_17789b421391d506
data_raw/uc3m/train/01262.jpg,uc3m,train,g_79146a8df1448187
data_raw/uc3m/train/01263.jpg,uc3m,train,g_a03d16de0c8afa06
data_raw/uc3m/train/01264.jpg,uc3m,train,g_968660a120ae422a
data_raw/uc3m/train/01265.jpg,uc3m,train,g_e94396e7eaeb1976
data_raw/uc3m/train/01266.jpg,uc3m,train,g_ea064e458adbb827
data_raw/uc3m/train/01268.jpg,uc3m,train,g_45e55e41a8977e80
data_raw/uc3m/train/01269.jpg,uc3m,train,g_f4cfdc3c3900d3c2
data_raw/uc3m/train/01270.jpg,uc3m,train,g_f8086cf86b742658
data_raw/uc3m/train/01272.jpg,uc3m,train,g_d1931177dd8ff62b
data_raw/uc3m/train/01273.jpg,uc3m,train,g_f4cfdc3c3900d3c2
data_raw/uc3m/train/01274.jpg,uc3m,train,g_f4cfdc3c3900d3c2
data_raw/uc3m/train/01277.jpg,uc3m,train,g_f641ae7dc6964943
data_raw/uc3m/train/01278.jpg,uc3m,train,g_0f438c3ccd3331a9
data_raw/uc3m/train/01279.jpg,uc3m,train,g_65ad7ce29cd5e22a
data_raw/uc3m/train/01280.jpg,uc3m,train,g_a5df5fa87a754a71
data_raw/uc3m/train/01281.jpg,uc3m,train,g_b9cca63e547959bf
data_raw/uc3m/train/01282.jpg,uc3m,train,g_0fef6a991fc155a0
data_raw/uc3m/train/01283.jpg,uc3m,train,g_477b389eea5648d6
data_raw/uc3m/train/01284.jpg,uc3m,train,g_f4cfdc3c3900d3c2
data_raw/uc3m/train/01285.jpg,uc3m,train,g_a1ff654a7fa655af
data_raw/uc3m/train/01286.jpg,uc3m,train,g_c896daee7e164a7e
data_raw/uc3m/train/01287.jpg,uc3m,train,g_9ca82643dd52eb4b
data_raw/uc3m/train/01289.jpg,uc3m,train,g_a4fc0ccefca33d37
data_raw/uc3m/train/01290.jpg,uc3m,train,g_e513a7bc141a0916
data_raw/uc3m/train/01291.jpg,uc3m,train,g_ae50a5d42c35c673
data_raw/uc3m/train/01292.jpg,uc3m,train,g_e513a7bc141a0916
data_raw/uc3m/train/01293.jpg,uc3m,train,g_e513a7bc141a0916
data_raw/uc3m/train/01294.jpg,uc3m,train,g_1707405259c103dc
data_raw/uc3m/train/01295.jpg,uc3m,train,g_b7c02cfbbc36da49
data_raw/uc3m/train/01296.jpg,uc3m,train,g_54276ee3672ee45d
data_raw/uc3m/train/01297.jpg,uc3m,train,g_e7213fe189b917b7
data_raw/uc3m/train/01298.jpg,uc3m,train,g_a2fc7d8588e8d4f5
data_raw/uc3m/train/01299.jpg,uc3m,train,g_b744ccc6e052e7c5
data_raw/uc3m/train/01300.jpg,uc3m,train,g_8859594a3e255ab4
data_raw/uc3m/train/01301.jpg,uc3m,train,g_6be787d714f3839b
data_raw/uc3m/train/01302.jpg,uc3m,train,g_580a191b79148bd2
data_raw/uc3m/train/01303.jpg,uc3m,train,g_cf681cc62df1f41e
data_raw/uc3m/train/01304.jpg,uc3m,train,g_678483645275dc54
data_raw/uc3m/train/01305.jpg,uc3m,train,g_ef5cc4f0c6b242aa
data_raw/uc3m/train/01308.jpg,uc3m,train,g_83913653d4751cb6
data_raw/uc3m/train/01309.jpg,uc3m,train,g_f4aaf2d926a85bff
data_raw/uc3m/train/01310.jpg,uc3m,train,g_f4cfdc3c3900d3c2
data_raw/uc3m/train/01311.jpg,uc3m,train,g_f4cfdc3c3900d3c2
data_raw/uc3m/train/01312.jpg,uc3m,train,g_f4cfdc3c3900d3c2
data_raw/uc3m/train/01313.jpg,uc3m,train,g_d1931177dd8ff62b
data_raw/uc3m/train/01314.jpg,uc3m,train,g_c626de63d6c82b24
data_raw/uc3m/train/01315.jpg,uc3m,train,g_c626de63d6c82b24
data_raw/uc3m/train/01316.jpg,uc3m,train,g_28833c9ccbfb9ddf
data_raw/uc3m/train/01317.jpg,uc3m,train,g_f678bdd90c3b796a
data_raw/uc3m/train/01318.jpg,uc3m,train,g_1f0ffa9023182c94
data_raw/uc3m/train/01320.jpg,uc3m,train,g_95d2d33453f7d073
data_raw/uc3m/train/01321.jpg,uc3m,train,g_42130e30b19f2c3d
data_raw/uc3m/train/01323.jpg,uc3m,train,g_2446d817e926f91d
data_raw/uc3m/train/01324.jpg,uc3m,train,g_544c7cfd2fc26d7b
data_raw/uc3m/train/01325.jpg,uc3m,train,g_ff88b29a970aa699
data_raw/uc3m/train/01326.jpg,uc3m,train,g_072e2a674765eacf
data_raw/uc3m/train/01327.jpg,uc3m,train,g_f4cfdc3c3900d3c2
data_raw/uc3m/train/01328.jpg,uc3m,train,g_9f15b76375fdd76b
data_raw/uc3m/train/01329.jpg,uc3m,train,g_f4cfdc3c3900d3c2
data_raw/uc3m/train/01330.jpg,uc3m,train,g_2736587c1d871eee
data_raw/uc3m/train/01331.jpg,uc3m,train,g_ffa52268b1d7e168
data_raw/uc3m/train/01332.jpg,uc3m,train,g_91cef52751a0f0e4
data_raw/uc3m/train/01333.jpg,uc3m,train,g_011e6ef32d0c8209
data_raw/uc3m/train/01334.jpg,uc3m,train,g_8e3cab06f98d2aae
data_raw/uc3m/train/01335.jpg,uc3m,train,g_26a9bb9d8833411a
data_raw/uc3m/train/01336.jpg,uc3m,train,g_9340e8c6a06ca4a0
data_raw/uc3m/train/01337.jpg,uc3m,train,g_11286a3bb5b3f16b
data_raw/uc3m/train/01338.jpg,uc3m,train,g_a9cd86cb719e3efd
data_raw/uc3m/train/01340.jpg,uc3m,train,g_bd4e0c5aa5831a21
data_raw/uc3m/train/01342.jpg,uc3m,train,g_4622896c0fa21b6e
data_raw/uc3m/train/01343.jpg,uc3m,train,g_aa7644a90f4f2033
data_raw/uc3m/train/01344.jpg,uc3m,train,g_475ed4f285b7de0c
data_raw/uc3m/train/01346.jpg,uc3m,train,g_8616f294fa17e4e7
data_raw/uc3m/train/01347.jpg,uc3m,train,g_1e97201a204de209
data_raw/uc3m/train/01349.jpg,uc3m,train,g_c0353cc21bf73605
data_raw/uc3m/train/01350.jpg,uc3m,train,g_c0353cc21bf73605
data_raw/uc3m/train/01351.jpg,uc3m,train,g_1512a85a333a1a3c
data_raw/uc3m/train/01352.jpg,uc3m,train,g_644c36439287ff85
data_raw/uc3m/train/01353.jpg,uc3m,train,g_f4cfdc3c3900d3c2
data_raw/uc3m/train/01354.jpg,uc3m,train,g_ab0c8b29908a771e
data_raw/uc3m/train/01355.jpg,uc3m,train,g_e954481018e268bd
data_raw/uc3m/train/01356.jpg,uc3m,train,g_950df51f5783f7df
data_raw/uc3m/train/01357.jpg,uc3m,train,g_f42f3909e58abeb5
data_raw/uc3m/train/01358.jpg,uc3m,train,g_d6881f77d009cf84
data_raw/uc3m/train/01359.jpg,uc3m,train,g_f482f32f9ed40e09
data_raw/uc3m/train/01360.jpg,uc3m,train,g_2d2ad90e5c5e63aa
data_raw/uc3m/train/01361.jpg,uc3m,train,g_0f1558b5a1b288f2
data_raw/uc3m/train/01362.jpg,uc3m,train,g_201efa178e79c545
data_raw/uc3m/train/01364.jpg,uc3m,train,g_08104aa81a9478e3
data_raw/uc3m/train/01365.jpg,uc3m,train,g_58a58f30ab8f9c03
data_raw/uc3m/train/01366.jpg,uc3m,train,g_fc857f4cb0825e12
data_raw/uc3m/train/01367.jpg,uc3m,train,g_d262654830f2055a
data_raw/uc3m/train/01368.jpg,uc3m,train,g_230e2a4e8128540f
data_raw/uc3m/train/01369.jpg,uc3m,train,g_92790272c3868ba0
data_raw/uc3m/train/01370.jpg,uc3m,train,g_abafc2d80b4ee636
data_raw/uc3m/train/01371.jpg,uc3m,train,g_edff22ad8b15665a
data_raw/uc3m/train/01372.jpg,uc3m,train,g_090c02fcf3b7cf56
data_raw/uc3m/train/01373.jpg,uc3m,train,g_2d2ad90e5c5e63aa
data_raw/uc3m/train/01374.jpg,uc3m,train,g_5f5971a64fb9e270
data_raw/uc3m/train/01375.jpg,uc3m,train,g_80ca420e7a65ac7e
data_raw/uc3m/train/01376.jpg,uc3m,train,g_a6d61a55a757ee07
data_raw/uc3m/train/01377.jpg,uc3m,train,g_652b18cb66797584
data_raw/uc3m/train/01378.jpg,uc3m,train,g_cfdd58acfc72e423
data_raw/uc3m/train/01380.jpg,uc3m,train,g_cfdd58acfc72e423
data_raw/uc3m/train/01381.jpg,uc3m,train,g_cfdd58acfc72e423
data_raw/uc3m/train/01382.jpg,uc3m,train,g_f4cfdc3c3900d3c2
data_raw/uc3m/train/01383.jpg,uc3m,train,g_b744ccc6e052e7c5
data_raw/uc3m/train/01385.jpg,uc3m,train,g_97f18ba5e5853a57
data_raw/uc3m/train/01386.jpg,uc3m,train,g_aa7644a90f4f2033
data_raw/uc3m/train/01387.jpg,uc3m,train,g_39123b7262be4397
data_raw/uc3m/train/01388.jpg,uc3m,train,g_f4cfdc3c3900d3c2
data_raw/uc3m/train/01389.jpg,uc3m,train,g_d2ec870af9ac40d7
data_raw/uc3m/train/01390.jpg,uc3m,train,g_b9aa2582ead1fb65
data_raw/uc3m/train/01391.jpg,uc3m,train,g_aeb2a2a1787eb9bf
data_raw/uc3m/train/01392.jpg,uc3m,train,g_a2fc7d8588e8d4f5
data_raw/uc3m/train/01393.jpg,uc3m,train,g_8e1d59c7a2872798
data_raw/uc3m/train/01394.jpg,uc3m,train,g_c1e3e5f3bde94939
data_raw/uc3m/train/01396.jpg,uc3m,train,g_97acf6341fc767fa
data_raw/uc3m/train/01397.jpg,uc3m,train,g_92c99f387835d2f6
data_raw/uc3m/train/01398.jpg,uc3m,train,g_92c99f387835d2f6
data_raw/uc3m/train/01399.jpg,uc3m,train,g_b9aa2582ead1fb65
data_raw/uc3m/train/01400.jpg,uc3m,train,g_ac7c12f7a42fc18e
data_raw/uc3m/train/01402.jpg,uc3m,train,g_312c33aee2a08820
data_raw/uc3m/train/01403.jpg,uc3m,train,g_adf0d592e4b30570
data_raw/uc3m/train/01405.jpg,uc3m,train,g_8f7d27c8bfe3abc7
data_raw/uc3m/train/01406.jpg,uc3m,train,g_21900950d4eb2306
data_raw/uc3m/train/01407.jpg,uc3m,train,g_1a4f48270f6fff1e
data_raw/uc3m/train/01408.jpg,uc3m,train,g_214203642eceef1d
data_raw/uc3m/train/01409.jpg,uc3m,train,g_ddfe34f6d2a13eb7
data_raw/uc3m/train/01410.jpg,uc3m,train,g_a752cbc1a9fa1bac
data_raw/uc3m/train/01411.jpg,uc3m,train,g_f4cfdc3c3900d3c2
data_raw/uc3m/train/01412.jpg,uc3m,train,g_6d5d1b36fe17dfff
data_raw/uc3m/train/01413.jpg,uc3m,train,g_6d5d1b36fe17dfff
data_raw/uc3m/train/01415.jpg,uc3m,train,g_f4cfdc3c3900d3c2
data_raw/uc3m/train/01416.jpg,uc3m,train,g_f4cfdc3c3900d3c2
data_raw/uc3m/train/01418.jpg,uc3m,train,g_f4cfdc3c3900d3c2
data_raw/uc3m/train/01419.jpg,uc3m,train,g_306ff79f0b00fc32
data_raw/uc3m/train/01420.jpg,uc3m,train,g_c1228c235d633d4d
data_raw/uc3m/train/01421.jpg,uc3m,train,g_47881f0abcc5e836
data_raw/uc3m/train/01422.jpg,uc3m,train,g_99381017e05bdd89
data_raw/uc3m/train/01426.jpg,uc3m,train,g_1f7b3cb1fc8a66f0
data_raw/uc3m/train/01427.jpg,uc3m,train,g_6eab3710851083df
data_raw/uc3m/train/01428.jpg,uc3m,train,g_a4193ad2afd23533
data_raw/uc3m/train/01429.jpg,uc3m,train,g_abbc1c385d7be7ce
data_raw/uc3m/train/01430.jpg,uc3m,train,g_709ca1b0475c810c
data_raw/uc3m/train/01431.jpg,uc3m,train,g_a8edc773fa122aaf
data_raw/uc3m/train/01432.jpg,uc3m,train,g_97b95c413c21ef8f
data_raw/uc3m/train/01434.jpg,uc3m,train,g_d97d64cb8e61f821
data_raw/uc3m/train/01435.jpg,uc3m,train,g_b7fe7d65df7eb34f
data_raw/uc3m/train/01436.jpg,uc3m,train,g_5afe46c1e616f0a8
data_raw/uc3m/train/01440.jpg,uc3m,train,g_b0b6c960b63e5fed
data_raw/uc3m/train/01441.jpg,uc3m,train,g_1580c0403da19b96
data_raw/uc3m/train/01442.jpg,uc3m,train,g_03e3b6d36d6bfb45
data_raw/uc3m/train/01443.jpg,uc3m,train,g_f8086cf86b742658
data_raw/uc3m/train/01444.jpg,uc3m,train,g_f4cfdc3c3900d3c2
data_raw/uc3m/train/01446.jpg,uc3m,train,g_6a6ab2aac5f67a0f
data_raw/uc3m/train/01448.jpg,uc3m,train,g_f81eca25ef94684e
data_raw/uc3m/train/01449.jpg,uc3m,train,g_f4cfdc3c3900d3c2
data_raw/uc3m/train/01450.jpg,uc3m,train,g_a4f0c1d6c87d9aea
data_raw/uc3m/train/01451.jpg,uc3m,train,g_554e51f959a1b90a
data_raw/uc3m/train/01452.jpg,uc3m,train,g_9ac94bd3810a499f
data_raw/uc3m/train/01453.jpg,uc3m,train,g_f4cfdc3c3900d3c2
data_raw/uc3m/train/01455.jpg,uc3m,train,g_580a191b79148bd2
data_raw/uc3m/train/01456.jpg,uc3m,train,g_ba1788e5ed065436
data_raw/uc3m/train/01462.jpg,uc3m,train,g_f4cfdc3c3900d3c2
data_raw/uc3m/train/01463.jpg,uc3m,train,g_f4cfdc3c3900d3c2
data_raw/uc3m/train/01464.jpg,uc3m,train,g_f4cfdc3c3900d3c2
data_raw/uc3m/train/01467.jpg,uc3m,train,g_f4cfdc3c3900d3c2
data_raw/uc3m/train/01468.jpg,uc3m,train,g_2240ba13e56a4dc9
data_raw/uc3m/train/01469.jpg,uc3m,train,g_f4cfdc3c3900d3c2
data_raw/uc3m/train/01470.jpg,uc3m,train,g_5d3c3b694fef379e
data_raw/uc3m/train/01471.jpg,uc3m,train,g_ece2bf98b77df3e2
data_raw/uc3m/train/01472.jpg,uc3m,train,g_b3f522df015e9ad3
data_raw/uc3m/train/01473.jpg,uc3m,train,g_6411b52c81528934
data_raw/uc3m/train/01474.jpg,uc3m,train,g_5d2d421203c7e373
data_raw/uc3m/train/01475.jpg,uc3m,train,g_b903ffa915eb43c6
data_raw/uc3m/train/01476.jpg,uc3m,train,g_c041fd215ad89465
data_raw/uc3m/train/01478.jpg,uc3m,train,g_f4cfdc3c3900d3c2
data_raw/uc3m/train/01479.jpg,uc3m,train,g_2f0d294a48fbb812
data_raw/uc3m/train/01480.jpg,uc3m,train,g_ec9ae9e2b2198d46
data_raw/uc3m/train/01481.jpg,uc3m,train,g_ec9ae9e2b2198d46
data_raw/uc3m/train/01482.jpg,uc3m,train,g_d766b48e9e221c8c
data_raw/uc3m/train/01483.jpg,uc3m,train,g_b2f5267100ee75ae
data_raw/uc3m/train/01484.jpg,uc3m,train,g_3c3d25882f735100
data_raw/uc3m/train/01485.jpg,uc3m,train,g_2fc142705d213198
data_raw/uc3m/train/01486.jpg,uc3m,train,g_9d96c7b9fe6db3a7
data_raw/uc3m/train/01488.jpg,uc3m,train,g_00dafcb5a0922bbb
data_raw/uc3m/train/01490.jpg,uc3m,train,g_b4ff9399394e230c
data_raw/uc3m/train/01491.jpg,uc3m,train,g_a69d07801d9989dc
data_raw/uc3m/train/01492.jpg,uc3m,train,g_a44b008226ef47a9
data_raw/uc3m/train/01493.jpg,uc3m,train,g_9d58f7191dcb8abb
data_raw/uc3m/train/01496.jpg,uc3m,train,g_f4cfdc3c3900d3c2
data_raw/uc3m/train/01497.jpg,uc3m,train,g_f4cfdc3c3900d3c2
data_raw/uc3m/train/01498.jpg,uc3m,train,g_f4cfdc3c3900d3c2
data_raw/uc3m/train/01499.jpg,uc3m,train,g_f4cfdc3c3900d3c2
data_raw/uc3m/train/01501.jpg,uc3m,train,g_f4cfdc3c3900d3c2
data_raw/uc3m/train/01502.jpg,uc3m,train,g_f4cfdc3c3900d3c2
data_raw/uc3m/train/01503.jpg,uc3m,train,g_580a191b79148bd2
data_raw/uc3m/train/01504.jpg,uc3m,train,g_b9cca63e547959bf
data_raw/uc3m/train/01505.jpg,uc3m,train,g_d72fc3d154e3dc31
data_raw/uc3m/train/01506.jpg,uc3m,train,g_56838cb296081d94
data_raw/uc3m/train/01507.jpg,uc3m,train,g_5ab6af9c6f996954
data_raw/uc3m/train/01509.jpg,uc3m,train,g_a84e6959fc19ff62
data_raw/uc3m/train/01510.jpg,uc3m,train,g_7c5710d44d37f757
data_raw/uc3m/train/01511.jpg,uc3m,train,g_aa7644a90f4f2033
data_raw/uc3m/train/01514.jpg,uc3m,train,g_60c8697c2199e820
data_raw/uc3m/train/01516.jpg,uc3m,train,g_f4cfdc3c3900d3c2
data_raw/uc3m/train/01521.jpg,uc3m,train,g_0fef6a991fc155a0
data_raw/uc3m/train/01522.jpg,uc3m,train,g_16824139835dae46
data_raw/uc3m/train/01524.jpg,uc3m,train,g_4323fb379a850c5a
data_raw/uc3m/train/01526.jpg,uc3m,train,g_f4cfdc3c3900d3c2
data_raw/uc3m/train/01527.jpg,uc3m,train,g_f4cfdc3c3900d3c2
data_raw/uc3m/train/01530.jpg,uc3m,train,g_9c5f21b2f4b917e1
data_raw/uc3m/train/01532.jpg,uc3m,train,g_deceab638730fb90
data_raw/uc3m/train/01534.jpg,uc3m,train,g_4eb97eb9c269f710
data_raw/uc3m/train/01535.jpg,uc3m,train,g_f0e963fe06316b84
data_raw/uc3m/train/01536.jpg,uc3m,train,g_66ae57a29dc4b138
data_raw/uc3m/train/01537.jpg,uc3m,train,g_9ac94bd3810a499f
data_raw/uc3m/train/01538.jpg,uc3m,train,g_f069411582ee8c6d
data_raw/uc3m/train/01539.jpg,uc3m,train,g_98a6bb6b9c75bf24
data_raw/uc3m/train/01540.jpg,uc3m,train,g_7bef83b0b269d2ec
data_raw/uc3m/train/01541.jpg,uc3m,train,g_f63e6c473156bdf4
data_raw/uc3m/train/01542.jpg,uc3m,train,g_dbedc707a2e3b85e
data_raw/uc3m/train/01543.jpg,uc3m,train,g_dbedc707a2e3b85e
data_raw/uc3m/train/01545.jpg,uc3m,train,g_dbedc707a2e3b85e
data_raw/uc3m/train/01548.jpg,uc3m,train,g_ea064e458adbb827
data_raw/uc3m/train/01549.jpg,uc3m,train,g_a536bbaba6d09de6
data_raw/uc3m/train/01550.jpg,uc3m,train,g_f4cfdc3c3900d3c2
data_raw/uc3m/train/01551.jpg,uc3m,train,g_e215d3cd89c8602c
data_raw/uc3m/train/01552.jpg,uc3m,train,g_0739e8b3f9437474
data_raw/uc3m/train/01553.jpg,uc3m,train,g_5165fe261840ea45
data_raw/uc3m/train/01554.jpg,uc3m,train,g_f4cfdc3c3900d3c2
data_raw/uc3m/train/01555.jpg,uc3m,train,g_de3ce3b5cbc33f56
data_raw/uc3m/train/01556.jpg,uc3m,train,g_46ea5cdf181a6252
data_raw/uc3m/train/01557.jpg,uc3m,train,g_d8c3663dfd284d24
data_raw/uc3m/train/01558.jpg,uc3m,train,g_f4cfdc3c3900d3c2
data_raw/uc3m/train/01559.jpg,uc3m,train,g_55506dca76f2bc04
data_raw/uc3m/train/01561.jpg,uc3m,train,g_6147730c05ee7152
data_raw/uc3m/train/01562.jpg,uc3m,train,g_f4cfdc3c3900d3c2
data_raw/uc3m/train/01564.jpg,uc3m,train,g_16824139835dae46
data_raw/uc3m/train/01568.jpg,uc3m,train,g_e18bd1f13d766d4d
data_raw/uc3m/train/01570.jpg,uc3m,train,g_c0e2b2900d9948dc
data_raw/uc3m/train/01571.jpg,uc3m,train,g_6c3bfec339536d12
data_raw/uc3m/train/01572.jpg,uc3m,train,g_66ae57a29dc4b138
data_raw/uc3m/train/01573.jpg,uc3m,train,g_502fcbdb4a6e309e
data_raw/uc3m/train/01575.jpg,uc3m,train,g_f4cfdc3c3900d3c2
data_raw/uc3m/train/01577.jpg,uc3m,train,g_1afde229f715156b
data_raw/uc3m/train/01578.jpg,uc3m,train,g_f4cfdc3c3900d3c2
data_raw/uc3m/train/01579.jpg,uc3m,train,g_f4cfdc3c3900d3c2
data_raw/uc3m/train/01580.jpg,uc3m,train,g_83ae8f5ba117fee3
data_raw/uc3m/train/01581.jpg,uc3m,train,g_83271f571e22f57d
data_raw/uc3m/train/01583.jpg,uc3m,train,g_f4cfdc3c3900d3c2
data_raw/uc3m/train/01584.jpg,uc3m,train,g_c2f96a6ace95f689
data_raw/uc3m/train/01586.jpg,uc3m,train,g_0f36223fe4e11814
data_raw/uc3m/train/01587.jpg,uc3m,train,g_1580c0403da19b96
data_raw/uc3m/train/01588.jpg,uc3m,train,g_b9cca63e547959bf
data_raw/uc3m/train/01589.jpg,uc3m,train,g_b9cca63e547959bf
data_raw/uc3m/train/01590.jpg,uc3m,train,g_f4cfdc3c3900d3c2
data_raw/uc3m/train/01591.jpg,uc3m,train,g_f4cfdc3c3900d3c2
data_raw/uc3m/train/01592.jpg,uc3m,train,g_2d2ad90e5c5e63aa
data_raw/uc3m/train/01593.jpg,uc3m,train,g_87041999c1879847
data_raw/uc3m/train/01594.jpg,uc3m,train,g_a7ff2a9e87d0877a
data_raw/uc3m/train/01599.jpg,uc3m,train,g_92c25190ae8b3e7b
data_raw/uc3m/train/01600.jpg,uc3m,train,g_0f4167fcfd4602aa
data_raw/uc3m/train/01601.jpg,uc3m,train,g_223080cce5785456
data_raw/uc3m/train/01602.jpg,uc3m,train,g_117d05648e4096fc
data_raw/uc3m/train/01603.jpg,uc3m,train,g_f4cfdc3c3900d3c2
data_raw/uc3m/train/01604.jpg,uc3m,train,g_c92e734fea629133
data_raw/uc3m/train/01605.jpg,uc3m,train,g_1cfb383e008fa09d
data_raw/uc3m/train/01606.jpg,uc3m,train,g_57d315eb04533907
data_raw/uc3m/train/01608.jpg,uc3m,train,g_d83cfb352727c576
data_raw/uc3m/train/01609.jpg,uc3m,train,g_f4cfdc3c3900d3c2
data_raw/uc3m/train/01610.jpg,uc3m,train,g_f71d8249393ec206
data_raw/uc3m/train/01611.jpg,uc3m,train,g_bb41765f52cabd88
data_raw/uc3m/train/01612.jpg,uc3m,train,g_8fcfb95a807f0a47
data_raw/uc3m/train/01613.jpg,uc3m,train,g_f4cfdc3c3900d3c2
data_raw/uc3m/train/01614.jpg,uc3m,train,g_f4cfdc3c3900d3c2
data_raw/uc3m/train/01615.jpg,uc3m,train,g_b3668b130659a226
data_raw/uc3m/train/01616.jpg,uc3m,train,g_9cd15fb8e01d56fe
data_raw/uc3m/train/01617.jpg,uc3m,train,g_c2f96a6ace95f689
data_raw/uc3m/train/01618.jpg,uc3m,train,g_83ae8f5ba117fee3
data_raw/uc3m/train/01619.jpg,uc3m,train,g_e3073f94291ce249
data_raw/uc3m/train/01620.jpg,uc3m,train,g_198f5ad19888db40
data_raw/uc3m/train/01622.jpg,uc3m,train,g_adf0d592e4b30570
data_raw/uc3m/train/01623.jpg,uc3m,train,g_6390ec33ba7bae1f
data_raw/uc3m/train/01624.jpg,uc3m,train,g_6390ec33ba7bae1f
data_raw/uc3m/train/01625.jpg,uc3m,train,g_4127f0094ea40c95
data_raw/uc3m/train/01627.jpg,uc3m,train,g_e8a4da810cc9899a
data_raw/uc3m/train/01628.jpg,uc3m,train,g_5085f8a348f653f5
data_raw/uc3m/train/01630.jpg,uc3m,train,g_f4cfdc3c3900d3c2
data_raw/uc3m/train/01631.jpg,uc3m,train,g_be8603013397937f
data_raw/uc3m/train/01632.jpg,uc3m,train,g_be8603013397937f
data_raw/uc3m/train/01633.jpg,uc3m,train,g_c1228c235d633d4d
data_raw/uc3m/train/01634.jpg,uc3m,train,g_c06151cd35d86a26
data_raw/uc3m/train/01635.jpg,uc3m,train,g_b9aa2582ead1fb65
data_raw/uc3m/train/01636.jpg,uc3m,train,g_2c75cd8944463a44
data_raw/uc3m/train/01637.jpg,uc3m,train,g_9800c5629ebc5f66
data_raw/uc3m/train/01639.jpg,uc3m,train,g_f4cfdc3c3900d3c2
data_raw/uc3m/train/01640.jpg,uc3m,train,g_f4cfdc3c3900d3c2
data_raw/uc3m/train/01642.jpg,uc3m,train,g_3ac7d3e44d4e5109
data_raw/uc3m/train/01643.jpg,uc3m,train,g_50aec4171c53281d
data_raw/uc3m/train/01644.jpg,uc3m,train,g_8bdd3db6525857fd
data_raw/uc3m/train/01645.jpg,uc3m,train,g_9ac94bd3810a499f
data_raw/uc3m/train/01647.jpg,uc3m,train,g_c0b27fc1f41745c1
data_raw/uc3m/train/01649.jpg,uc3m,train,g_db9dcb4df4a9b09b
data_raw/uc3m/train/01650.jpg,uc3m,train,g_db9dcb4df4a9b09b
data_raw/uc3m/train/01652.jpg,uc3m,train,g_cc7feb42139ae999
data_raw/uc3m/train/01654.jpg,uc3m,train,g_fb5ebad9c30cf86d
data_raw/uc3m/train/01655.jpg,uc3m,train,g_fb5ebad9c30cf86d
data_raw/uc3m/train/01656.jpg,uc3m,train,g_b38f58b9761d6819
data_raw/uc3m/train/01657.jpg,uc3m,train,g_1580c0403da19b96
data_raw/uc3m/train/01659.jpg,uc3m,train,g_56e715ce5536fe66
data_raw/uc3m/train/01660.jpg,uc3m,train,g_26f8c0b723fd70c9
data_raw/uc3m/train/01661.jpg,uc3m,train,g_1f7b3cb1fc8a66f0
data_raw/uc3m/train/01663.jpg,uc3m,train,g_4be04a5f14ee9f55
data_raw/uc3m/train/01664.jpg,uc3m,train,g_0afeebbb3301f978
data_raw/uc3m/train/01666.jpg,uc3m,train,g_8bace8cd1e5c239b
data_raw/uc3m/train/01668.jpg,uc3m,train,g_7cad71e343c04766
data_raw/uc3m/train/01670.jpg,uc3m,train,g_bb2cc4ae2de16143
data_raw/uc3m/train/01671.jpg,uc3m,train,g_29679f544cec10f3
data_raw/uc3m/train/01672.jpg,uc3m,train,g_037cf302f610ece5
data_raw/uc3m/train/01673.jpg,uc3m,train,g_66ae57a29dc4b138
data_raw/uc3m/train/01674.jpg,uc3m,train,g_f4cfdc3c3900d3c2
data_raw/uc3m/train/01675.jpg,uc3m,train,g_e954481018e268bd
data_raw/uc3m/train/01676.jpg,uc3m,train,g_017aa27d6ddedc6f
data_raw/uc3m/train/01677.jpg,uc3m,train,g_f4cfdc3c3900d3c2
data_raw/uc3m/train/01679.jpg,uc3m,train,g_d6d42f59eb4715c0
data_raw/uc3m/train/01681.jpg,uc3m,train,g_e3988ff80f746a5c
data_raw/uc3m/train/01682.jpg,uc3m,train,g_f4cfdc3c3900d3c2
data_raw/uc3m/train/01683.jpg,uc3m,train,g_e9bc86a35dcee8ef
data_raw/uc3m/train/01686.jpg,uc3m,train,g_1d6ef6067d5ccd56
data_raw/uc3m/train/01689.jpg,uc3m,train,g_80f9dbe67dcbbb0a
data_raw/uc3m/train/01690.jpg,uc3m,train,g_e70def00c9e80cad
data_raw/uc3m/train/01691.jpg,uc3m,train,g_f84151680c6b08fa
data_raw/uc3m/train/01693.jpg,uc3m,train,g_f4cfdc3c3900d3c2
data_raw/uc3m/train/01694.jpg,uc3m,train,g_900819cd965b4fbe
data_raw/uc3m/train/01695.jpg,uc3m,train,g_62f507af764ce6fd
data_raw/uc3m/train/01696.jpg,uc3m,train,g_4d15b22ae44f04a9
data_raw/uc3m/train/01697.jpg,uc3m,train,g_f4cfdc3c3900d3c2
data_raw/uc3m/train/01698.jpg,uc3m,train,g_6113803fb1117fb5
data_raw/uc3m/train/01699.jpg,uc3m,train,g_f4cfdc3c3900d3c2
data_raw/uc3m/train/01700.jpg,uc3m,train,g_165d2afaa1f5aaeb
data_raw/uc3m/train/01701.jpg,uc3m,train,g_515b9b8d7ab2c43f
data_raw/uc3m/train/01702.jpg,uc3m,train,g_11ba3cca6815d85e
data_raw/uc3m/train/01703.jpg,uc3m,train,g_2d2ad90e5c5e63aa
data_raw/uc3m/train/01704.jpg,uc3m,train,g_eb5367adf8d6aa11
data_raw/uc3m/train/01705.jpg,uc3m,train,g_bd8196106d7153f1
data_raw/uc3m/train/01706.jpg,uc3m,train,g_2d299bd0673e04d4
data_raw/uc3m/train/01708.jpg,uc3m,train,g_f4cfdc3c3900d3c2
data_raw/uc3m/train/01711.jpg,uc3m,train,g_1f0d87e61ba9cbc0
data_raw/uc3m/train/01712.jpg,uc3m,train,g_0afeebbb3301f978
data_raw/uc3m/train/01713.jpg,uc3m,train,g_6b7d88ce2eb85d3f
data_raw/uc3m/train/01714.jpg,uc3m,train,g_22846a3d360bf0bc
data_raw/uc3m/train/01715.jpg,uc3m,train,g_f4cfdc3c3900d3c2
data_raw/uc3m/train/01716.jpg,uc3m,train,g_f4cfdc3c3900d3c2
data_raw/uc3m/train/01717.jpg,uc3m,train,g_7f4ed6de8ae25ec9
data_raw/uc3m/train/01721.jpg,uc3m,train,g_f4cfdc3c3900d3c2
data_raw/uc3m/train/01722.jpg,uc3m,train,g_e0dc0898b6a91858
data_raw/uc3m/train/01723.jpg,uc3m,train,g_230e2a4e8128540f
data_raw/uc3m/train/01724.jpg,uc3m,train,g_12b0244ace1eeb09
data_raw/uc3m/train/01725.jpg,uc3m,train,g_368ed23a0052492d
data_raw/uc3m/train/01726.jpg,uc3m,train,g_27924de0dce567cb
data_raw/uc3m/train/01727.jpg,uc3m,train,g_81986a48b4a4a503
data_raw/uc3m/train/01728.jpg,uc3m,train,g_aaa561fdfe8cb0ae
data_raw/uc3m/train/01729.jpg,uc3m,train,g_18555c4cbe6f01ba
data_raw/uc3m/train/01730.jpg,uc3m,train,g_687016fc1677058d
data_raw/uc3m/train/01731.jpg,uc3m,train,g_651f833e5e9053fc
data_raw/uc3m/train/01732.jpg,uc3m,train,g_2e2199cff1e96d16
data_raw/uc3m/train/01733.jpg,uc3m,train,g_230e2a4e8128540f
data_raw/uc3m/train/01734.jpg,uc3m,train,g_00c16f5c2b91ddd7
data_raw/uc3m/train/01735.jpg,uc3m,train,g_b53b0225ff272e68
data_raw/uc3m/train/01737.jpg,uc3m,train,g_450ff256c42c4e3f
data_raw/uc3m/train/01738.jpg,uc3m,train,g_f4cfdc3c3900d3c2
data_raw/uc3m/train/01739.jpg,uc3m,train,g_3310c68b7a01a0c0
data_raw/uc3m/train/01741.jpg,uc3m,train,g_9ac94bd3810a499f
data_raw/uc3m/train/01742.jpg,uc3m,train,g_bb8824377a7f0145
data_raw/uc3m/train/01743.jpg,uc3m,train,g_3565ead3c1729268
data_raw/uc3m/train/01745.jpg,uc3m,train,g_d0d3f8909bc12527
data_raw/uc3m/train/01746.jpg,uc3m,train,g_398a40e22791007f
data_raw/uc3m/train/01747.jpg,uc3m,train,g_8840693b07d87b1c
data_raw/uc3m/train/01749.jpg,uc3m,train,g_9c0f55ae0b0b4008
data_raw/uc3m/train/01750.jpg,uc3m,train,g_f4cfdc3c3900d3c2
data_raw/uc3m/train/01751.jpg,uc3m,train,g_bd4d825953b82caa
data_raw/uc3m/train/01752.jpg,uc3m,train,g_0efeeff2c6f79c64
data_raw/uc3m/train/01753.jpg,uc3m,train,g_0517a8fef7ff5382
data_raw/uc3m/train/01754.jpg,uc3m,train,g_431c133d26ecfe2d
data_raw/uc3m/train/01755.jpg,uc3m,train,g_072a6bfb40d747e5
data_raw/uc3m/train/01756.jpg,uc3m,train,g_0e9e61a801a6b084
data_raw/uc3m/train/01757.jpg,uc3m,train,g_f63e6c473156bdf4
data_raw/uc3m/train/01758.jpg,uc3m,train,g_532adf41b5309ad3
data_raw/uc3m/train/01759.jpg,uc3m,train,g_fb5ebad9c30cf86d
data_raw/uc3m/train/01760.jpg,uc3m,train,g_dd36d2a1a38ff1b4
data_raw/uc3m/train/01762.jpg,uc3m,train,g_13caadef5aaf09ac
data_raw/uc3m/train/01763.jpg,uc3m,train,g_d9a778b59a8d4b75
data_raw/uc3m/train/01764.jpg,uc3m,train,g_eacb5d574033dd25
data_raw/uc3m/train/01765.jpg,uc3m,train,g_70f07c44c768fb32
data_raw/uc3m/train/01766.jpg,uc3m,train,g_9f1babe1cbd56df3
data_raw/uc3m/train/01767.jpg,uc3m,train,g_2dceb6a1e3e65c89
data_raw/uc3m/train/01768.jpg,uc3m,train,g_83b02c9a879496a2
data_raw/uc3m/train/01770.jpg,uc3m,train,g_f4cfdc3c3900d3c2
data_raw/uc3m/train/01771.jpg,uc3m,train,g_b66cd4153b569077
data_raw/uc3m/train/01773.jpg,uc3m,train,g_46ea5cdf181a6252
data_raw/uc3m/train/01774.jpg,uc3m,train,g_98fc979f4615c7d2
data_raw/uc3m/train/01775.jpg,uc3m,train,g_f8086cf86b742658
data_raw/uc3m/train/01776.jpg,uc3m,train,g_bd3491ba75628d9d
data_raw/uc3m/train/01777.jpg,uc3m,train,g_ae84da237b06f063
data_raw/uc3m/train/01778.jpg,uc3m,train,g_be8603013397937f
data_raw/uc3m/train/01779.jpg,uc3m,train,g_c71044d9e1c97cc1
data_raw/uc3m/train/01780.jpg,uc3m,train,g_f4cfdc3c3900d3c2
data_raw/uc3m/train/01781.jpg,uc3m,train,g_abd67cb83417dcf4
data_raw/uc3m/train/01784.jpg,uc3m,train,g_276eb52d3d14888a
data_raw/uc3m/train/01785.jpg,uc3m,train,g_22c30033f5f80741
data_raw/uc3m/train/01786.jpg,uc3m,train,g_e4969af7e6230d58
data_raw/uc3m/train/01788.jpg,uc3m,train,g_5228ebdc6da05cf6
data_raw/uc3m/train/01789.jpg,uc3m,train,g_d628972c6e44d0ce
data_raw/uc3m/train/01790.jpg,uc3m,train,g_b3d67f8e467d1509
data_raw/uc3m/train/01791.jpg,uc3m,train,g_1d6ef6067d5ccd56
data_raw/uc3m/train/01793.jpg,uc3m,train,g_d90a3783c0423346
data_raw/uc3m/train/01794.jpg,uc3m,train,g_e2d6585fa03bb594
data_raw/uc3m/train/01795.jpg,uc3m,train,g_633fadea15ea2e04
data_raw/uc3m/train/01797.jpg,uc3m,train,g_f4cfdc3c3900d3c2
data_raw/uc3m/train/01798.jpg,uc3m,train,g_286e141dd8cf042e
data_raw/uc3m/train/01799.jpg,uc3m,train,g_dce673ec2e00609f
data_raw/uc3m/train/01800.jpg,uc3m,train,g_8bdd3db6525857fd
data_raw/uc3m/train/01801.jpg,uc3m,train,g_f4cfdc3c3900d3c2
data_raw/uc3m/train/01802.jpg,uc3m,train,g_2de94025286dcf6b
data_raw/uc3m/train/01804.jpg,uc3m,train,g_3a7246ba9cef205a
data_raw/uc3m/train/01805.jpg,uc3m,train,g_805a83170e4c4981
data_raw/uc3m/train/01806.jpg,uc3m,train,g_f4cfdc3c3900d3c2
data_raw/uc3m/train/01807.jpg,uc3m,train,g_c6458c8c0584e061
data_raw/uc3m/train/01808.jpg,uc3m,train,g_f4cfdc3c3900d3c2
data_raw/uc3m/train/01810.jpg,uc3m,train,g_66ae57a29dc4b138
data_raw/uc3m/train/01811.jpg,uc3m,train,g_f4cfdc3c3900d3c2
data_raw/uc3m/train/01812.jpg,uc3m,train,g_fd9491c8ae276f0b
data_raw/uc3m/train/01813.jpg,uc3m,train,g_f246d91d679eab81
data_raw/uc3m/train/01814.jpg,uc3m,train,g_eaf650de84679915
data_raw/uc3m/train/01815.jpg,uc3m,train,g_e179305aa767000f
data_raw/uc3m/train/01816.jpg,uc3m,train,g_9ac94bd3810a499f
data_raw/uc3m/train/01818.jpg,uc3m,train,g_9678fb1424b36e25
data_raw/uc3m/train/01819.jpg,uc3m,train,g_7439df94808ac191
data_raw/uc3m/train/01820.jpg,uc3m,train,g_f4cfdc3c3900d3c2
data_raw/uc3m/train/01822.jpg,uc3m,train,g_28b92d76cb44bf37
data_raw/uc3m/train/01823.jpg,uc3m,train,g_a598330f1031fccc
data_raw/uc3m/train/01824.jpg,uc3m,train,g_59c62ab3309f8134
data_raw/uc3m/train/01825.jpg,uc3m,train,g_bb9e40686d631690
data_raw/uc3m/train/01826.jpg,uc3m,train,g_bf31ca0247b5ca1c
data_raw/uc3m/train/01827.jpg,uc3m,train,g_090c02fcf3b7cf56
data_raw/uc3m/train/01828.jpg,uc3m,train,g_f4cfdc3c3900d3c2
data_raw/uc3m/train/01830.jpg,uc3m,train,g_f4cfdc3c3900d3c2
data_raw/uc3m/train/01833.jpg,uc3m,train,g_f4cfdc3c3900d3c2
data_raw/uc3m/train/01834.jpg,uc3m,train,g_aa60e1ead283d6b8
data_raw/uc3m/train/01835.jpg,uc3m,train,g_fc3c711d7a0b2b2d
data_raw/uc3m/train/01836.jpg,uc3m,train,g_4a03221287bd54b8
data_raw/uc3m/train/01837.jpg,uc3m,train,g_cfe033ec3c6e4afd
data_raw/uc3m/train/01838.jpg,uc3m,train,g_9777e29bfd593269
data_raw/uc3m/train/01839.jpg,uc3m,train,g_9777e29bfd593269
data_raw/uc3m/train/01840.jpg,uc3m,train,g_62516db9074a80a0
data_raw/uc3m/train/01842.jpg,uc3m,train,g_9777e29bfd593269
data_raw/uc3m/train/01845.jpg,uc3m,train,g_fa00707481101f43
data_raw/uc3m/train/01846.jpg,uc3m,train,g_f4cfdc3c3900d3c2
data_raw/uc3m/train/01847.jpg,uc3m,train,g_6104999d8121c32d
data_raw/uc3m/train/01848.jpg,uc3m,train,g_dcaddc853ee07408
data_raw/uc3m/train/01850.jpg,uc3m,train,g_c04bf37c3e32cd8b
data_raw/uc3m/train/01851.jpg,uc3m,train,g_0a4c794a24046bf2
data_raw/uc3m/train/01852.jpg,uc3m,train,g_f4cfdc3c3900d3c2
data_raw/uc3m/train/01853.jpg,uc3m,train,g_9f1babe1cbd56df3
data_raw/uc3m/train/01854.jpg,uc3m,train,g_f4cfdc3c3900d3c2
data_raw/uc3m/train/01855.jpg,uc3m,train,g_f4cfdc3c3900d3c2
data_raw/uc3m/train/01857.jpg,uc3m,train,g_7484de04f9aac14b
data_raw/uc3m/train/01859.jpg,uc3m,train,g_7299f307f04c719f
data_raw/uc3m/train/01860.jpg,uc3m,train,g_17789b421391d506
data_raw/uc3m/train/01861.jpg,uc3m,train,g_6504920b28b2f304
data_raw/uc3m/train/01863.jpg,uc3m,train,g_4c34e512be3d09a6
data_raw/uc3m/train/01866.jpg,uc3m,train,g_4c8e5f6a41e9d88d
data_raw/uc3m/train/01868.jpg,uc3m,train,g_b578055587674b90
data_raw/uc3m/train/01869.jpg,uc3m,train,g_e8127f00bae21fa3
data_raw/uc3m/train/01870.jpg,uc3m,train,g_738586d5ea433c93
data_raw/uc3m/train/01872.jpg,uc3m,train,g_ecf6a1efda084f13
data_raw/uc3m/train/01873.jpg,uc3m,train,g_3267ba683dd984ab
data_raw/uc3m/train/01874.jpg,uc3m,train,g_0f438c3ccd3331a9
data_raw/uc3m/train/01875.jpg,uc3m,train,g_980a3a82732d38f0
data_raw/uc3m/train/01877.jpg,uc3m,train,g_bb4bf7c771b64bdc
data_raw/uc3m/train/01878.jpg,uc3m,train,g_a44b008226ef47a9
data_raw/uc3m/train/01879.jpg,uc3m,train,g_d0ca211df96084a9
data_raw/uc3m/train/01880.jpg,uc3m,train,g_3e72e21d47acd397
data_raw/uc3m/train/01881.jpg,uc3m,train,g_8d25a17be1fff1f5
data_raw/uc3m/train/01882.jpg,uc3m,train,g_9134ac6a245b4111
data_raw/uc3m/train/01884.jpg,uc3m,train,g_ca8b9e80f1983347
data_raw/uc3m/train/01885.jpg,uc3m,train,g_57064922c84fe515
data_raw/uc3m/train/01886.jpg,uc3m,train,g_514ebc4ce5cad9d9
data_raw/uc3m/train/01887.jpg,uc3m,train,g_8d1ae5b9ee2eb59a
data_raw/uc3m/train/01888.jpg,uc3m,train,g_f29691d5b0a96b98
data_raw/uc3m/train/01889.jpg,uc3m,train,g_f4cfdc3c3900d3c2
data_raw/uc3m/train/01890.jpg,uc3m,train,g_f3086063c2f08bb6
data_raw/uc3m/train/01891.jpg,uc3m,train,g_f4cfdc3c3900d3c2
data_raw/uc3m/train/01893.jpg,uc3m,train,g_f3086063c2f08bb6
data_raw/uc3m/train/01894.jpg,uc3m,train,g_bfe613f683dc4285
data_raw/uc3m/train/01895.jpg,uc3m,train,g_a73da9026602c5f8
data_raw/uc3m/train/01897.jpg,uc3m,train,g_f2c7b4f555b11bb9
data_raw/uc3m/train/01899.jpg,uc3m,train,g_7e2e965693363981
data_raw/uc3m/train/01900.jpg,uc3m,train,g_c280f55993841810
data_raw/uc3m/train/01901.jpg,uc3m,train,g_8f1bdd844289f446
data_raw/uc3m/train/01904.jpg,uc3m,train,g_f4cfdc3c3900d3c2
data_raw/uc3m/train/01905.jpg,uc3m,train,g_db48305c52b81e13
data_raw/uc3m/train/01906.jpg,uc3m,train,g_fd8fa20e35a361ef
data_raw/uc3m/train/01907.jpg,uc3m,train,g_0495ead3bdd2d6c3
data_raw/uc3m/train/01908.jpg,uc3m,train,g_b351caa2fad24375
data_raw/uc3m/train/01909.jpg,uc3m,train,g_bb2cc4ae2de16143
data_raw/uc3m/train/01911.jpg,uc3m,train,g_82ef18924f084ec8
data_raw/uc3m/train/01912.jpg,uc3m,train,g_8f025057b08bd7e9
data_raw/uc3m/train/01913.jpg,uc3m,train,g_83ae8f5ba117fee3
data_raw/uc3m/train/01914.jpg,uc3m,train,g_f4cfdc3c3900d3c2
data_raw/uc3m/train/01915.jpg,uc3m,train,g_046478c0750d32f6
data_raw/uc3m/train/01916.jpg,uc3m,train,g_cdea4d5124254a09
data_raw/uc3m/train/01917.jpg,uc3m,train,g_66ae57a29dc4b138
data_raw/uc3m/train/01918.jpg,uc3m,train,g_03e3b6d36d6bfb45
data_raw/uc3m/train/01919.jpg,uc3m,train,g_8c955e8f3d39abc6
data_raw/uc3m/train/01920.jpg,uc3m,train,g_ef5d111facb0cb8d
data_raw/uc3m/train/01922.jpg,uc3m,train,g_b8e4a0433a02fc6f
data_raw/uc3m/train/01923.jpg,uc3m,train,g_1f68e64850f17025
data_raw/uc3m/train/01925.jpg,uc3m,train,g_6794dbde95084d24
data_raw/uc3m/train/01926.jpg,uc3m,train,g_f4cfdc3c3900d3c2
data_raw/uc3m/train/01927.jpg,uc3m,train,g_59c62ab3309f8134
data_raw/uc3m/train/01928.jpg,uc3m,train,g_0f14e59ce1982c2e
data_raw/uc3m/train/01929.jpg,uc3m,train,g_7e2e965693363981
data_raw/uc3m/train/01930.jpg,uc3m,train,g_c6cbc881731da324
data_raw/uc3m/train/01931.jpg,uc3m,train,g_fa37d6399b69003b
data_raw/uc3m/train/01933.jpg,uc3m,train,g_f4cfdc3c3900d3c2
data_raw/uc3m/train/01934.jpg,uc3m,train,g_e9f955870b531d79
data_raw/uc3m/train/01935.jpg,uc3m,train,g_f0e963fe06316b84
data_raw/uc3m/train/01936.jpg,uc3m,train,g_64ddbdb9330d288b
data_raw/uc3m/train/01937.jpg,uc3m,train,g_1580c0403da19b96
data_raw/uc3m/train/01938.jpg,uc3m,train,g_591ba9d9dddc75e4
data_raw/uc3m/train/01939.jpg,uc3m,train,g_d42da8fda4c8ecbc
data_raw/uc3m/train/01940.jpg,uc3m,train,g_a48b60dbdf7fc8db
data_raw/uc3m/train/01943.jpg,uc3m,train,g_be460da476f2e2ae
data_raw/uc3m/train/01944.jpg,uc3m,train,g_ab1212bc9e6ec0a0
data_raw/uc3m/train/01946.jpg,uc3m,train,g_012b2e3bc4717079
data_raw/uc3m/train/01947.jpg,uc3m,train,g_99901d4ee62aea08
data_raw/uc3m/train/01948.jpg,uc3m,train,g_b4dc71d8a6522f32
data_raw/uc3m/train/01949.jpg,uc3m,train,g_057a8fe0b59502da
data_raw/uc3m/train/01951.jpg,uc3m,train,g_2dcc4521e81b8733
data_raw/uc3m/train/01952.jpg,uc3m,train,g_d89cce8a25a85940
data_raw/uc3m/train/01953.jpg,uc3m,train,g_b9aa2582ead1fb65
data_raw/uc3m/train/01954.jpg,uc3m,train,g_f4cfdc3c3900d3c2
data_raw/uc3m/train/01955.jpg,uc3m,train,g_50296bc68897d458
data_raw/uc3m/train/01956.jpg,uc3m,train,g_c0cf9bd11b4201f2
data_raw/uc3m/train/01957.jpg,uc3m,train,g_6443c12569efa904
data_raw/uc3m/train/01958.jpg,uc3m,train,g_e8a4da810cc9899a
data_raw/uc3m/train/01959.jpg,uc3m,train,g_acb33309a7fe5d0b
data_raw/uc3m/train/01960.jpg,uc3m,train,g_66643d483e699f66
data_raw/uc3m/train/01961.jpg,uc3m,train,g_2f32eab3548ef62b
data_raw/uc3m/train/01962.jpg,uc3m,train,g_6b2c5def79bd6a5c
data_raw/uc3m/train/01964.jpg,uc3m,train,g_b7c02cfbbc36da49
data_raw/uc3m/train/01965.jpg,uc3m,train,g_ea77466bd6c1747e
data_raw/uc3m/train/01966.jpg,uc3m,train,g_264d0307dbe5f996
data_raw/uc3m/train/01967.jpg,uc3m,train,g_0b9be6a472916c6e
data_raw/uc3m/train/01968.jpg,uc3m,train,g_b3b04ee319e199d4
data_raw/uc3m/train/01970.jpg,uc3m,train,g_211688dd94356881
data_raw/uc3m/train/01971.jpg,uc3m,train,g_f4cfdc3c3900d3c2
data_raw/uc3m/train/01972.jpg,uc3m,train,g_f4cfdc3c3900d3c2
data_raw/uc3m/train/01973.jpg,uc3m,train,g_d373a94c8fec05f8
