source,split,view,image_path,image_w,image_h
cv,,frontal,data_raw/cv/Frontal/0216KZP.jpg,4032,2268
cv,,frontal,data_raw/cv/Frontal/1062FNT_.jpg,4032,2268
cv,,frontal,data_raw/cv/Frontal/1565HTS.jpg,4032,2268
cv,,frontal,data_raw/cv/Frontal/2153GYX.jpg,4032,2268
cv,,frontal,data_raw/cv/Frontal/2929KXJ.jpg,4032,2268
cv,,frontal,data_raw/cv/Frontal/3340JMF.jpg,4032,2268
cv,,frontal,data_raw/cv/Frontal/3587DCX.jpg,4032,2268
cv,,frontal,data_raw/cv/Frontal/3838JZH.jpg,4032,2268
cv,,frontal,data_raw/cv/Frontal/4674FHC.jpg,4032,2268
cv,,frontal,data_raw/cv/Frontal/5275HGY.jpg,4032,2268
cv,,frontal,data_raw/cv/Frontal/5488LKV.jpg,4032,2268
cv,,frontal,data_raw/cv/Frontal/5796DKP_.jpg,4032,2268
cv,,frontal,data_raw/cv/Frontal/6499KYF.jpg,4032,2268
cv,,frontal,data_raw/cv/Frontal/7067KSH.jpg,4032,2268
cv,,frontal,data_raw/cv/Frontal/7153JWD.jpg,4032,2268
cv,,frontal,data_raw/cv/Frontal/8727JTC.jpg,4032,2268
cv,,frontal,data_raw/cv/Frontal/9247CZG.jpg,4032,2268
cv,,frontal,data_raw/cv/Frontal/9296FJB.jpg,4032,2268
cv,,frontal,data_raw/cv/Frontal/PXL_20210921_150228605.jpg,4032,2268
cv,,frontal,data_raw/cv/Frontal/PXL_20210921_150235551.jpg,4032,2268
cv,,frontal,data_raw/cv/Frontal/PXL_20210921_150242081.jpg,4032,2268
cv,,frontal,data_raw/cv/Frontal/PXL_20210921_152343867.jpg,4032,2268
cv,,frontal,data_raw/cv/Frontal/PXL_20210921_152349075.jpg,4032,2268
cv,,frontal,data_raw/cv/Frontal/PXL_20210921_152354098.jpg,4032,2268
cv,,frontal,data_raw/cv/Frontal/PXL_20210921_152400613.jpg,4032,2268
cv,,frontal,data_raw/cv/Frontal/PXL_20210921_152408576.jpg,4032,2268
cv,,frontal,data_raw/cv/Frontal/PXL_20210922_092615069.jpg,4032,2268
cv,,frontal,data_raw/cv/Frontal/PXL_20210922_092633606.jpg,4032,2268
cv,,frontal,data_raw/cv/Frontal/PXL_20210922_092638472.jpg,4032,2268
cv,,frontal,data_raw/cv/Frontal/PXL_20210923_071331923.jpg,4032,2268
cv,,frontal,data_raw/cv/Frontal/PXL_20210923_071340804.jpg,4032,2268
cv,,frontal,data_raw/cv/Frontal/PXL_20210923_071352288.jpg,4032,2268
cv,,lateral,data_raw/cv/Lateral/0182GLK.jpg,4032,2268
cv,,lateral,data_raw/cv/Lateral/0292LKY.jpg,4032,2268
cv,,lateral,data_raw/cv/Lateral/0664JGR.jpg,4032,2268
cv,,lateral,data_raw/cv/Lateral/0729HHG.jpg,4032,2268
cv,,lateral,data_raw/cv/Lateral/0804FTB.jpg,4032,2268
cv,,lateral,data_raw/cv/Lateral/0907JRF.jpg,4032,2268
cv,,lateral,data_raw/cv/Lateral/1062FNT.jpg,4032,2268
cv,,lateral,data_raw/cv/Lateral/1178HJS.jpg,4032,2268
cv,,lateral,data_raw/cv/Lateral/1391KYW.jpg,4032,2268
cv,,lateral,data_raw/cv/Lateral/1498JBZ.jpg,4032,2268
cv,,lateral,data_raw/cv/Lateral/1663FLN.jpg,4032,2268
cv,,lateral,data_raw/cv/Lateral/2272HST.jpg,4032,2268
cv,,lateral,data_raw/cv/Lateral/2335KGY.jpg,4032,2268
cv,,lateral,data_raw/cv/Lateral/2344KJP.jpg,4032,2268
cv,,lateral,data_raw/cv/Lateral/2377HSH.jpg,4032,2268
cv,,lateral,data_raw/cv/Lateral/2643LDS.jpg,4032,2268
cv,,lateral,data_raw/cv/Lateral/2732LRG.jpg,4032,2268
cv,,lateral,data_raw/cv/Lateral/2817LFP.jpg,4032,2268
cv,,lateral,data_raw/cv/Lateral/3017FRG.jpg,4032,2268
cv,,lateral,data_raw/cv/Lateral/3040JMB.jpg,4032,2268
cv,,lateral,data_raw/cv/Lateral/3326HGW - copia.jpg,4032,2268
cv,,lateral,data_raw/cv/Lateral/3340JMF_.jpg,4032,2268
cv,,lateral,data_raw/cv/Lateral/3374KBF.jpg,4032,2268
cv,,lateral,data_raw/cv/Lateral/3567DCX_.jpg,4032,2268
cv,,lateral,data_raw/cv/Lateral/3587DCX_.jpg,4032,2268
cv,,lateral,data_raw/cv/Lateral/3616LLF.jpg,4032,2268
cv,,lateral,data_raw/cv/Lateral/3660CRT.jpg,4032,2268
cv,,lateral,data_raw/cv/Lateral/3991KHB.jpg,4032,2268
cv,,lateral,data_raw/cv/Lateral/4142HCF.jpg,4032,2268
cv,,lateral,data_raw/cv/Lateral/4658JDG.jpg,4032,2268
cv,,lateral,data_raw/cv/Lateral/4674FHC_.jpg,4032,2268
cv,,lateral,data_raw/cv/Lateral/5275HGY_.jpg,4032,2268
cv,,lateral,data_raw/cv/Lateral/5416HML.jpg,4032,2268
cv,,lateral,data_raw/cv/Lateral/5789JHB.jpg,4032,2268
cv,,lateral,data_raw/cv/Lateral/5796DKP.jpg,4032,2268
cv,,lateral,data_raw/cv/Lateral/5817FLW.jpg,4032,2268
cv,,lateral,data_raw/cv/Lateral/5868GJV.jpg,4032,2268
cv,,lateral,data_raw/cv/Lateral/5960CCW.jpg,4032,2268
cv,,lateral,data_raw/cv/Lateral/6000GVT.jpg,4032,2268
cv,,lateral,data_raw/cv/Lateral/6401JBX.jpg,4032,2268
cv,,lateral,data_raw/cv/Lateral/6554BNX.jpg,4032,2268
cv,,lateral,data_raw/cv/Lateral/6929LKK.jpg,4032,2268
cv,,lateral,data_raw/cv/Lateral/7093HWB.jpg,4032,2268
cv,,lateral,data_raw/cv/Lateral/7674LLX.jpg,4032,2268
cv,,lateral,data_raw/cv/Lateral/7982LCD.jpg,4032,2268
cv,,lateral,data_raw/cv/Lateral/8157HVG.jpg,4032,2268
cv,,lateral,data_raw/cv/Lateral/8611LGM.jpg,4032,2268
cv,,lateral,data_raw/cv/Lateral/8727JTC_.jpg,4032,2268
cv,,lateral,data_raw/cv/Lateral/8796CKY.jpg,4032,2268
cv,,lateral,data_raw/cv/Lateral/PXL_20210921_094926329.jpg,4032,2268
cv,,lateral,data_raw/cv/Lateral/PXL_20210921_094938026.jpg,4032,2268
cv,,lateral,data_raw/cv/Lateral/PXL_20210921_094946132.jpg,4032,2268
cv,,lateral,data_raw/cv/Lateral/PXL_20210921_094951899.jpg,4032,2268
cv,,lateral,data_raw/cv/Lateral/PXL_20210921_094959264.jpg,4032,2268
cv,,lateral,data_raw/cv/Lateral/PXL_20210921_095022850.jpg,4032,2268
cv,,lateral,data_raw/cv/Lateral/PXL_20210921_095032661.jpg,4032,2268
cv,,lateral,data_raw/cv/Lateral/PXL_20210921_095042811.jpg,4032,2268
cv,,lateral,data_raw/cv/Lateral/PXL_20210921_095052884.jpg,4032,2268
cv,,lateral,data_raw/cv/Lateral/PXL_20210921_095103559.jpg,4032,2268
cv,,lateral,data_raw/cv/Lateral/PXL_20210921_095112482.jpg,4032,2268
cv,,lateral,data_raw/cv/Lateral/PXL_20210921_095129495.jpg,4032,2268
cv,,lateral,data_raw/cv/Lateral/PXL_20210921_095142454.jpg,4032,2268
cv,,lateral,data_raw/cv/Lateral/PXL_20210921_095212294.jpg,4032,2268
cv,,lateral,data_raw/cv/Lateral/PXL_20210923_071335579.jpg,4032,2268
cv,,lateral,data_raw/cv/Lateral/PXL_20210923_071344764.jpg,4032,2268
cv,,lateral,data_raw/cv/Lateral/PXL_20210923_071356001.jpg,4032,2268
uc3m,train,,data_raw/uc3m/train/00001.jpg,5184,3888
uc3m,train,,data_raw/uc3m/train/00002.jpg,5184,3888
uc3m,train,,data_raw/uc3m/train/00003.jpg,5184,3888
uc3m,train,,data_raw/uc3m/train/00004.jpg,5184,3888
uc3m,train,,data_raw/uc3m/train/00005.jpg,5184,3888
uc3m,train,,data_raw/uc3m/train/00006.jpg,5184,3888
uc3m,train,,data_raw/uc3m/train/00007.jpg,5184,3888
uc3m,train,,data_raw/uc3m/train/00008.jpg,5184,3888
uc3m,train,,data_raw/uc3m/train/00009.jpg,5184,3888
uc3m,train,,data_raw/uc3m/train/00010.jpg,5184,3888
uc3m,train,,data_raw/uc3m/train/00011.jpg,5184,3888
uc3m,train,,data_raw/uc3m/train/00012.jpg,5184,3888
uc3m,train,,data_raw/uc3m/train/00013.jpg,5184,3888
uc3m,train,,data_raw/uc3m/train/00017.jpg,5184,3888
uc3m,train,,data_raw/uc3m/train/00018.jpg,5184,3888
uc3m,train,,data_raw/uc3m/train/00019.jpg,5184,3888
uc3m,train,,data_raw/uc3m/train/00020.jpg,5184,3888
uc3m,train,,data_raw/uc3m/train/00021.jpg,5184,3888
uc3m,train,,data_raw/uc3m/train/00023.jpg,5184,3888
uc3m,train,,data_raw/uc3m/train/00025.jpg,5184,3888
uc3m,train,,data_raw/uc3m/train/00026.jpg,5184,3888
uc3m,train,,data_raw/uc3m/train/00027.jpg,5184,3888
uc3m,train,,data_raw/uc3m/train/00028.jpg,5184,3888
uc3m,train,,data_raw/uc3m/train/00029.jpg,5184,3888
uc3m,train,,data_raw/uc3m/train/00030.jpg,5184,3888
uc3m,train,,data_raw/uc3m/train/00031.jpg,5184,3888
uc3m,train,,data_raw/uc3m/train/00032.jpg,5184,3888
uc3m,train,,data_raw/uc3m/train/00033.jpg,5184,3888
uc3m,train,,data_raw/uc3m/train/00034.jpg,5184,3888
uc3m,train,,data_raw/uc3m/train/00036.jpg,5184,3888
uc3m,train,,data_raw/uc3m/train/00040.jpg,5184,3888
uc3m,train,,data_raw/uc3m/train/00041.jpg,5184,3888
uc3m,train,,data_raw/uc3m/train/00042.jpg,5184,3888
uc3m,train,,data_raw/uc3m/train/00043.jpg,5184,3888
uc3m,train,,data_raw/uc3m/train/00044.jpg,5184,3888
uc3m,train,,data_raw/uc3m/train/00045.jpg,5184,3888
uc3m,train,,data_raw/uc3m/train/00046.jpg,5184,3888
uc3m,train,,data_raw/uc3m/train/00047.jpg,5184,3888
uc3m,train,,data_raw/uc3m/train/00048.jpg,5184,3888
uc3m,train,,data_raw/uc3m/train/00049.jpg,5184,3888
uc3m,train,,data_raw/uc3m/train/00050.jpg,5184,3888
uc3m,train,,data_raw/uc3m/train/00051.jpg,5184,3888
uc3m,train,,data_raw/uc3m/train/00052.jpg,5184,3888
uc3m,train,,data_raw/uc3m/train/00053.jpg,5184,3888
uc3m,train,,data_raw/uc3m/train/00054.jpg,5184,3888
uc3m,train,,data_raw/uc3m/train/00055.jpg,5184,3888
uc3m,train,,data_raw/uc3m/train/00056.jpg,5184,3888
uc3m,train,,data_raw/uc3m/train/00057.jpg,5184,3888
uc3m,train,,data_raw/uc3m/train/00058.jpg,5184,3888
uc3m,train,,data_raw/uc3m/train/00059.jpg,5184,3888
uc3m,train,,data_raw/uc3m/train/00060.jpg,5184,3888
uc3m,train,,data_raw/uc3m/train/00061.jpg,5184,3888
uc3m,train,,data_raw/uc3m/train/00062.jpg,5184,3888
uc3m,train,,data_raw/uc3m/train/00063.jpg,5184,3888
uc3m,train,,data_raw/uc3m/train/00064.jpg,5184,3888
uc3m,train,,data_raw/uc3m/train/00065.jpg,5184,3888
uc3m,train,,data_raw/uc3m/train/00066.jpg,5184,3888
uc3m,train,,data_raw/uc3m/train/00067.jpg,5184,3888
uc3m,train,,data_raw/uc3m/train/00068.jpg,5184,3888
uc3m,train,,data_raw/uc3m/train/00069.jpg,5184,3888
uc3m,train,,data_raw/uc3m/train/00070.jpg,5184,3888
uc3m,train,,data_raw/uc3m/train/00071.jpg,5184,3888
uc3m,train,,data_raw/uc3m/train/00072.jpg,5184,3888
uc3m,train,,data_raw/uc3m/train/00073.jpg,5184,3888
uc3m,train,,data_raw/uc3m/train/00074.jpg,5184,3888
uc3m,train,,data_raw/uc3m/train/00078.jpg,5184,3888
uc3m,train,,data_raw/uc3m/train/00079.jpg,5184,3888
uc3m,train,,data_raw/uc3m/train/00080.jpg,5184,3888
uc3m,train,,data_raw/uc3m/train/00081.jpg,5184,3888
uc3m,train,,data_raw/uc3m/train/00082.jpg,5184,3888
uc3m,train,,data_raw/uc3m/train/00083.jpg,5184,3888
uc3m,train,,data_raw/uc3m/train/00084.jpg,5184,3888
uc3m,train,,data_raw/uc3m/train/00085.jpg,5184,3888
uc3m,train,,data_raw/uc3m/train/00086.jpg,5184,3888
uc3m,train,,data_raw/uc3m/train/00087.jpg,5184,3888
uc3m,train,,data_raw/uc3m/train/00088.jpg,5184,3888
uc3m,train,,data_raw/uc3m/train/00089.jpg,5184,3888
uc3m,train,,data_raw/uc3m/train/00090.jpg,5184,3888
uc3m,train,,data_raw/uc3m/train/00092.jpg,5184,3888
uc3m,train,,data_raw/uc3m/train/00094.jpg,5184,3888
uc3m,train,,data_raw/uc3m/train/00095.jpg,5184,3888
uc3m,train,,data_raw/uc3m/train/00096.jpg,5184,3888
uc3m,train,,data_raw/uc3m/train/00097.jpg,5184,3888
uc3m,train,,data_raw/uc3m/train/00098.jpg,5184,3888
uc3m,train,,data_raw/uc3m/train/00099.jpg,5184,3888
uc3m,train,,data_raw/uc3m/train/00100.jpg,5184,3888
uc3m,train,,data_raw/uc3m/train/00101.jpg,5184,3888
uc3m,train,,data_raw/uc3m/train/00102.jpg,5184,3888
uc3m,train,,data_raw/uc3m/train/00105.jpg,5184,3888
uc3m,train,,data_raw/uc3m/train/00106.jpg,5184,3888
uc3m,train,,data_raw/uc3m/train/00107.jpg,5184,3888
uc3m,train,,data_raw/uc3m/train/00108.jpg,5184,3888
uc3m,train,,data_raw/uc3m/train/00109.jpg,5184,3888
uc3m,train,,data_raw/uc3m/train/00110.jpg,5184,3888
uc3m,train,,data_raw/uc3m/train/00111.jpg,5184,3888
uc3m,train,,data_raw/uc3m/train/00112.jpg,5184,3888
uc3m,train,,data_raw/uc3m/train/00113.jpg,5184,3888
uc3m,train,,data_raw/uc3m/train/00114.jpg,5184,3888
uc3m,train,,data_raw/uc3m/train/00115.jpg,5184,3888
uc3m,train,,data_raw/uc3m/train/00116.jpg,5184,3888
uc3m,train,,data_raw/uc3m/train/00117.jpg,5184,3888
uc3m,train,,data_raw/uc3m/train/00118.jpg,5184,3888
uc3m,train,,data_raw/uc3m/train/00119.jpg,5184,3888
uc3m,train,,data_raw/uc3m/train/00121.jpg,5184,3888
uc3m,train,,data_raw/uc3m/train/00124.jpg,5184,3888
uc3m,train,,data_raw/uc3m/train/00125.jpg,5184,3888
uc3m,train,,data_raw/uc3m/train/00126.jpg,5184,3888
uc3m,train,,data_raw/uc3m/train/00127.jpg,5184,3888
uc3m,train,,data_raw/uc3m/train/00128.jpg,5184,3888
uc3m,train,,data_raw/uc3m/train/00130.jpg,5184,3888
uc3m,train,,data_raw/uc3m/train/00131.jpg,5184,3888
uc3m,train,,data_raw/uc3m/train/00134.jpg,5184,3888
uc3m,train,,data_raw/uc3m/train/00135.jpg,5184,3888
uc3m,train,,data_raw/uc3m/train/00136.jpg,5184,3888
uc3m,train,,data_raw/uc3m/train/00137.jpg,5184,3888
uc3m,train,,data_raw/uc3m/train/00138.jpg,5184,3888
uc3m,train,,data_raw/uc3m/train/00140.jpg,5184,3888
uc3m,train,,data_raw/uc3m/train/00141.jpg,5184,3888
uc3m,train,,data_raw/uc3m/train/00142.jpg,5184,3888
uc3m,train,,data_raw/uc3m/train/00143.jpg,5184,3888
uc3m,train,,data_raw/uc3m/train/00144.jpg,5184,3888
uc3m,train,,data_raw/uc3m/train/00145.jpg,5184,3888
uc3m,train,,data_raw/uc3m/train/00146.jpg,5184,3888
uc3m,train,,data_raw/uc3m/train/00147.jpg,5184,3888
uc3m,train,,data_raw/uc3m/train/00148.jpg,5184,3888
uc3m,train,,data_raw/uc3m/train/00150.jpg,5184,3888
uc3m,train,,data_raw/uc3m/train/00152.jpg,5184,3888
uc3m,train,,data_raw/uc3m/train/00154.jpg,5184,3888
uc3m,train,,data_raw/uc3m/train/00156.jpg,5184,3888
uc3m,train,,data_raw/uc3m/train/00157.jpg,5184,3888
uc3m,train,,data_raw/uc3m/train/00158.jpg,5184,3888
uc3m,train,,data_raw/uc3m/train/00160.jpg,5184,3888
uc3m,train,,data_raw/uc3m/train/00161.jpg,5184,3888
uc3m,train,,data_raw/uc3m/train/00162.jpg,5184,3888
uc3m,train,,data_raw/uc3m/train/00163.jpg,5184,3888
uc3m,train,,data_raw/uc3m/train/00164.jpg,5184,3888
uc3m,train,,data_raw/uc3m/train/00165.jpg,5184,3888
uc3m,train,,data_raw/uc3m/train/00167.jpg,5184,3888
uc3m,train,,data_raw/uc3m/train/00168.jpg,5184,3888
uc3m,train,,data_raw/uc3m/train/00170.jpg,5184,3888
uc3m,train,,data_raw/uc3m/train/00171.jpg,5184,3888
uc3m,train,,data_raw/uc3m/train/00172.jpg,5184,3888
uc3m,train,,data_raw/uc3m/train/00174.jpg,5184,3888
uc3m,train,,data_raw/uc3m/train/00175.jpg,5184,3888
uc3m,train,,data_raw/uc3m/train/00176.jpg,5184,3888
uc3m,train,,data_raw/uc3m/train/00177.jpg,5184,3888
uc3m,train,,data_raw/uc3m/train/00178.jpg,5184,3888
uc3m,train,,data_raw/uc3m/train/00179.jpg,5184,3888
uc3m,train,,data_raw/uc3m/train/00182.jpg,5184,3888
uc3m,train,,data_raw/uc3m/train/00183.jpg,5184,3888
uc3m,train,,data_raw/uc3m/train/00184.jpg,5184,3888
uc3m,train,,data_raw/uc3m/train/00185.jpg,5184,3888
uc3m,train,,data_raw/uc3m/train/00189.jpg,5184,3888
uc3m,train,,data_raw/uc3m/train/00190.jpg,5184,3888
uc3m,train,,data_raw/uc3m/train/00191.jpg,5184,3888
uc3m,train,,data_raw/uc3m/train/00192.jpg,5184,3888
uc3m,train,,data_raw/uc3m/train/00193.jpg,5184,3888
uc3m,train,,data_raw/uc3m/train/00194.jpg,5184,3888
uc3m,train,,data_raw/uc3m/train/00195.jpg,5184,3888
uc3m,train,,data_raw/uc3m/train/00196.jpg,5184,3888
uc3m,train,,data_raw/uc3m/train/00197.jpg,5184,3888
uc3m,train,,data_raw/uc3m/train/00198.jpg,5184,3888
uc3m,train,,data_raw/uc3m/train/00199.jpg,5184,3888
uc3m,train,,data_raw/uc3m/train/00200.jpg,5184,3888
uc3m,train,,data_raw/uc3m/train/00202.jpg,5184,3888
uc3m,train,,data_raw/uc3m/train/00203.jpg,5184,3888
uc3m,train,,data_raw/uc3m/train/00205.jpg,5184,3888
uc3m,train,,data_raw/uc3m/train/00206.jpg,5184,3888
uc3m,train,,data_raw/uc3m/train/00208.jpg,5184,3888
uc3m,train,,data_raw/uc3m/train/00209.jpg,5184,3888
uc3m,train,,data_raw/uc3m/train/00210.jpg,5184,3888
uc3m,train,,data_raw/uc3m/train/00212.jpg,5184,3888
uc3m,train,,data_raw/uc3m/train/00213.jpg,5184,3888
uc3m,train,,data_raw/uc3m/train/00214.jpg,5184,3888
uc3m,train,,data_raw/uc3m/train/00216.jpg,5184,3888
uc3m,train,,data_raw/uc3m/train/00219.jpg,5184,3888
uc3m,train,,data_raw/uc3m/train/00221.jpg,5184,3888
uc3m,train,,data_raw/uc3m/train/00222.jpg,5184,3888
uc3m,train,,data_raw/uc3m/train/00224.jpg,5184,3888
uc3m,train,,data_raw/uc3m/train/00225.jpg,5184,3888
uc3m,train,,data_raw/uc3m/train/00226.jpg,5184,3888
uc3m,train,,data_raw/uc3m/train/00228.jpg,5184,3888
uc3m,train,,data_raw/uc3m/train/00230.jpg,5184,3888
uc3m,train,,data_raw/uc3m/train/00231.jpg,5184,3888
uc3m,train,,data_raw/uc3m/train/00232.jpg,5184,3888
uc3m,train,,data_raw/uc3m/train/00233.jpg,5184,3888
uc3m,train,,data_raw/uc3m/train/00234.jpg,5184,3888
uc3m,train,,data_raw/uc3m/train/00235.jpg,5184,3888
uc3m,train,,data_raw/uc3m/train/00237.jpg,5184,3888
uc3m,train,,data_raw/uc3m/train/00238.jpg,5184,3888
uc3m,train,,data_raw/uc3m/train/00239.jpg,5184,3888
uc3m,train,,data_raw/uc3m/train/00240.jpg,5184,3888
uc3m,train,,data_raw/uc3m/train/00241.jpg,5184,3888
uc3m,train,,data_raw/uc3m/train/00242.jpg,5184,3888
uc3m,train,,data_raw/uc3m/train/00243.jpg,5184,3888
uc3m,train,,data_raw/uc3m/train/00244.jpg,5184,3888
uc3m,train,,data_raw/uc3m/train/00245.jpg,5184,3888
uc3m,train,,data_raw/uc3m/train/00246.jpg,5184,3888
uc3m,train,,data_raw/uc3m/train/00248.jpg,5184,3888
uc3m,train,,data_raw/uc3m/train/00249.jpg,5184,3888
uc3m,train,,data_raw/uc3m/train/00250.jpg,5184,3888
uc3m,train,,data_raw/uc3m/train/00252.jpg,5184,3888
uc3m,train,,data_raw/uc3m/train/00253.jpg,5184,3888
uc3m,train,,data_raw/uc3m/train/00254.jpg,5184,3888
uc3m,train,,data_raw/uc3m/train/00255.jpg,5184,3888
uc3m,train,,data_raw/uc3m/train/00257.jpg,5184,3888
uc3m,train,,data_raw/uc3m/train/00258.jpg,5184,3888
uc3m,train,,data_raw/uc3m/train/00259.jpg,5184,3888
uc3m,train,,data_raw/uc3m/train/00260.jpg,5184,3888
uc3m,train,,data_raw/uc3m/train/00261.jpg,5184,3888
uc3m,train,,data_raw/uc3m/train/00262.jpg,5184,3888
uc3m,train,,data_raw/uc3m/train/00264.jpg,5184,3888
uc3m,train,,data_raw/uc3m/train/00265.jpg,5184,3888
uc3m,train,,data_raw/uc3m/train/00267.jpg,5184,3888
uc3m,train,,data_raw/uc3m/train/00269.jpg,5184,3888
uc3m,train,,data_raw/uc3m/train/00271.jpg,5184,3888
uc3m,train,,data_raw/uc3m/train/00272.jpg,5184,3888
uc3m,train,,data_raw/uc3m/train/00273.jpg,5184,3888
uc3m,train,,data_raw/uc3m/train/00274.jpg,5184,3888
uc3m,train,,data_raw/uc3m/train/00275.jpg,5184,3888
uc3m,train,,data_raw/uc3m/train/00276.jpg,5184,3888
uc3m,train,,data_raw/uc3m/train/00277.jpg,5184,3888
uc3m,train,,data_raw/uc3m/train/00278.jpg,5184,3888
uc3m,train,,data_raw/uc3m/train/00279.jpg,5184,3888
uc3m,train,,data_raw/uc3m/train/00280.jpg,5184,3888
uc3m,train,,data_raw/uc3m/train/00281.jpg,5184,3888
uc3m,train,,data_raw/uc3m/train/00282.jpg,5184,3888
uc3m,train,,data_raw/uc3m/train/00283.jpg,5184,3888
uc3m,train,,data_raw/uc3m/train/00284.jpg,5184,3888
uc3m,train,,data_raw/uc3m/train/00285.jpg,5184,3888
uc3m,train,,data_raw/uc3m/train/00286.jpg,5184,3888
uc3m,train,,data_raw/uc3m/train/00287.jpg,5184,3888
uc3m,train,,data_raw/uc3m/train/00288.jpg,5184,3888
uc3m,train,,data_raw/uc3m/train/00289.jpg,5184,3888
uc3m,train,,data_raw/uc3m/train/00291.jpg,5184,3888
uc3m,train,,data_raw/uc3m/train/00292.jpg,5184,3888
uc3m,train,,data_raw/uc3m/train/00294.jpg,5184,3888
uc3m,train,,data_raw/uc3m/train/00295.jpg,5184,3888
uc3m,train,,data_raw/uc3m/train/00297.jpg,5184,3888
uc3m,train,,data_raw/uc3m/train/00299.jpg,5184,3888
uc3m,train,,data_raw/uc3m/train/00301.jpg,5184,3888
uc3m,train,,data_raw/uc3m/train/00303.jpg,5184,3888
uc3m,train,,data_raw/uc3m/train/00304.jpg,5184,3888
uc3m,train,,data_raw/uc3m/train/00305.jpg,5184,3888
uc3m,train,,data_raw/uc3m/train/00306.jpg,5184,3888
uc3m,train,,data_raw/uc3m/train/00307.jpg,5184,3888
uc3m,train,,data_raw/uc3m/train/00309.jpg,5184,3888
uc3m,train,,data_raw/uc3m/train/00313.jpg,5184,3888
uc3m,train,,data_raw/uc3m/train/00314.jpg,5184,3888
uc3m,train,,data_raw/uc3m/train/00315.jpg,5184,3888
uc3m,train,,data_raw/uc3m/train/00316.jpg,5184,3888
uc3m,train,,data_raw/uc3m/train/00317.jpg,5184,3888
uc3m,train,,data_raw/uc3m/train/00318.jpg,5184,3888
uc3m,train,,data_raw/uc3m/train/00319.jpg,5184,3888
uc3m,train,,data_raw/uc3m/train/00321.jpg,5184,3888
uc3m,train,,data_raw/uc3m/train/00322.jpg,5184,3888
uc3m,train,,data_raw/uc3m/train/00323.jpg,5184,3888
uc3m,train,,data_raw/uc3m/train/00324.jpg,5184,3888
uc3m,train,,data_raw/uc3m/train/00325.jpg,5184,3888
uc3m,train,,data_raw/uc3m/train/00328.jpg,5184,3888
uc3m,train,,data_raw/uc3m/train/00329.jpg,5184,3888
uc3m,train,,data_raw/uc3m/train/00330.jpg,5184,3888
uc3m,train,,data_raw/uc3m/train/00331.jpg,5184,3888
uc3m,train,,data_raw/uc3m/train/00332.jpg,5184,3888
uc3m,train,,data_raw/uc3m/train/00333.jpg,5184,3888
uc3m,train,,data_raw/uc3m/train/00334.jpg,5184,3888
uc3m,train,,data_raw/uc3m/train/00335.jpg,5184,3888
uc3m,train,,data_raw/uc3m/train/00336.jpg,5184,3888
uc3m,train,,data_raw/uc3m/train/00338.jpg,5184,3888
uc3m,train,,data_raw/uc3m/train/00339.jpg,5184,3888
uc3m,train,,data_raw/uc3m/train/00341.jpg,5184,3888
uc3m,train,,data_raw/uc3m/train/00342.jpg,5184,3888
uc3m,train,,data_raw/uc3m/train/00343.jpg,5184,3888
uc3m,train,,data_raw/uc3m/train/00344.jpg,5184,3888
uc3m,train,,data_raw/uc3m/train/00345.jpg,5184,3888
uc3m,train,,data_raw/uc3m/train/00346.jpg,5184,3888
uc3m,train,,data_raw/uc3m/train/00347.jpg,5184,3888
uc3m,train,,data_raw/uc3m/train/00349.jpg,5184,3888
uc3m,train,,data_raw/uc3m/train/00350.jpg,5184,3888
uc3m,train,,data_raw/uc3m/train/00351.jpg,5184,3888
uc3m,train,,data_raw/uc3m/train/00352.jpg,5184,3888
uc3m,train,,data_raw/uc3m/train/00354.jpg,5184,3888
uc3m,train,,data_raw/uc3m/train/00355.jpg,5184,3888
uc3m,train,,data_raw/uc3m/train/00356.jpg,5184,3888
uc3m,train,,data_raw/uc3m/train/00357.jpg,5184,3888
uc3m,train,,data_raw/uc3m/train/00359.jpg,5184,3888
uc3m,train,,data_raw/uc3m/train/00360.jpg,5184,3888
uc3m,train,,data_raw/uc3m/train/00361.jpg,5184,3888
uc3m,train,,data_raw/uc3m/train/00363.jpg,5184,3888
uc3m,train,,data_raw/uc3m/train/00364.jpg,5184,3888
uc3m,train,,data_raw/uc3m/train/00365.jpg,5184,3888
uc3m,train,,data_raw/uc3m/train/00366.jpg,5184,3888
uc3m,train,,data_raw/uc3m/train/00367.jpg,5184,3888
uc3m,train,,data_raw/uc3m/train/00368.jpg,5184,3888
uc3m,train,,data_raw/uc3m/train/00369.jpg,5184,3888
uc3m,train,,data_raw/uc3m/train/00370.jpg,5184,3888
uc3m,train,,data_raw/uc3m/train/00371.jpg,5184,3888
uc3m,train,,data_raw/uc3m/train/00372.jpg,5184,3888
uc3m,train,,data_raw/uc3m/train/00373.jpg,5184,3888
uc3m,train,,data_raw/uc3m/train/00375.jpg,5184,3888
uc3m,train,,data_raw/uc3m/train/00377.jpg,5184,3888
uc3m,train,,data_raw/uc3m/train/00378.jpg,5184,3888
uc3m,train,,data_raw/uc3m/train/00379.jpg,5184,3888
uc3m,train,,data_raw/uc3m/train/00380.jpg,5184,3888
uc3m,train,,data_raw/uc3m/train/00381.jpg,5184,3888
uc3m,train,,data_raw/uc3m/train/00383.jpg,5184,3888
uc3m,train,,data_raw/uc3m/train/00385.jpg,5184,3888
uc3m,train,,data_raw/uc3m/train/00387.jpg,5184,3888
uc3m,train,,data_raw/uc3m/train/00388.jpg,5184,3888
uc3m,train,,data_raw/uc3m/train/00389.jpg,5184,3888
uc3m,train,,data_raw/uc3m/train/00391.jpg,5184,3888
uc3m,train,,data_raw/uc3m/train/00392.jpg,5184,3888
uc3m,train,,data_raw/uc3m/train/00394.jpg,5184,3888
uc3m,train,,data_raw/uc3m/train/00395.jpg,5184,3888
uc3m,train,,data_raw/uc3m/train/00396.jpg,5184,3888
uc3m,train,,data_raw/uc3m/train/00397.jpg,5184,3888
uc3m,train,,data_raw/uc3m/train/00398.jpg,5184,3888
uc3m,train,,data_raw/uc3m/train/00399.jpg,5184,3888
uc3m,train,,data_raw/uc3m/train/00400.jpg,5184,3888
uc3m,train,,data_raw/uc3m/train/00401.jpg,5184,3888
uc3m,train,,data_raw/uc3m/train/00402.jpg,5184,3888
uc3m,train,,data_raw/uc3m/train/00403.jpg,5184,3888
uc3m,train,,data_raw/uc3m/train/00404.jpg,5184,3888
uc3m,train,,data_raw/uc3m/train/00406.jpg,5184,3888
uc3m,train,,data_raw/uc3m/train/00408.jpg,5184,3888
uc3m,train,,data_raw/uc3m/train/00409.jpg,5184,3888
uc3m,train,,data_raw/uc3m/train/00410.jpg,5184,3888
uc3m,train,,data_raw/uc3m/train/00411.jpg,6960,4640
uc3m,train,,data_raw/uc3m/train/00412.jpg,6960,4640
uc3m,train,,data_raw/uc3m/train/00413.jpg,6960,4640
uc3m,train,,data_raw/uc3m/train/00415.jpg,6960,4640
uc3m,train,,data_raw/uc3m/train/00416.jpg,6960,4640
uc3m,train,,data_raw/uc3m/train/00417.jpg,6960,4640
uc3m,train,,data_raw/uc3m/train/00418.jpg,6960,4640
uc3m,train,,data_raw/uc3m/train/00419.jpg,6960,4640
uc3m,train,,data_raw/uc3m/train/00422.jpg,6960,4640
uc3m,train,,data_raw/uc3m/train/00423.jpg,6960,4640
uc3m,train,,data_raw/uc3m/train/00424.jpg,6960,4640
uc3m,train,,data_raw/uc3m/train/00425.jpg,6960,4640
uc3m,train,,data_raw/uc3m/train/00426.jpg,6960,4640
uc3m,train,,data_raw/uc3m/train/00427.jpg,6960,4640
uc3m,train,,data_raw/uc3m/train/00428.jpg,6960,4640
uc3m,train,,data_raw/uc3m/train/00429.jpg,6960,4640
uc3m,train,,data_raw/uc3m/train/00430.jpg,6960,4640
uc3m,train,,data_raw/uc3m/train/00431.jpg,6960,4640
uc3m,train,,data_raw/uc3m/train/00432.jpg,6960,4640
uc3m,train,,data_raw/uc3m/train/00433.jpg,6960,4640
uc3m,train,,data_raw/uc3m/train/00434.jpg,6960,4640
uc3m,train,,data_raw/uc3m/train/00435.jpg,6960,4640
uc3m,train,,data_raw/uc3m/train/00436.jpg,6960,4640
uc3m,train,,data_raw/uc3m/train/00437.jpg,6960,4640
uc3m,train,,data_raw/uc3m/train/00438.jpg,6960,4640
uc3m,train,,data_raw/uc3m/train/00439.jpg,6960,4640
uc3m,train,,data_raw/uc3m/train/00442.jpg,6960,4640
uc3m,train,,data_raw/uc3m/train/00443.jpg,6960,4640
uc3m,train,,data_raw/uc3m/train/00444.jpg,6960,4640
uc3m,train,,data_raw/uc3m/train/00446.jpg,6960,4640
uc3m,train,,data_raw/uc3m/train/00448.jpg,6960,4640
uc3m,train,,data_raw/uc3m/train/00449.jpg,6960,4640
uc3m,train,,data_raw/uc3m/train/00450.jpg,6960,4640
uc3m,train,,data_raw/uc3m/train/00451.jpg,6960,4640
uc3m,train,,data_raw/uc3m/train/00452.jpg,6960,4640
uc3m,train,,data_raw/uc3m/train/00453.jpg,6960,4640
uc3m,train,,data_raw/uc3m/train/00454.jpg,6960,4640
uc3m,train,,data_raw/uc3m/train/00455.jpg,6960,4640
uc3m,train,,data_raw/uc3m/train/00456.jpg,6960,4640
uc3m,train,,data_raw/uc3m/train/00457.jpg,6960,4640
uc3m,train,,data_raw/uc3m/train/00458.jpg,6960,4640
uc3m,train,,data_raw/uc3m/train/00459.jpg,6960,4640
uc3m,train,,data_raw/uc3m/train/00460.jpg,6960,4640
uc3m,train,,data_raw/uc3m/train/00461.jpg,6960,4640
uc3m,train,,data_raw/uc3m/train/00462.jpg,6960,4640
uc3m,train,,data_raw/uc3m/train/00463.jpg,6960,4640
uc3m,train,,data_raw/uc3m/train/00464.jpg,6960,4640
uc3m,train,,data_raw/uc3m/train/00465.jpg,6960,4640
uc3m,train,,data_raw/uc3m/train/00466.jpg,6960,4640
uc3m,train,,data_raw/uc3m/train/00467.jpg,6960,4640
uc3m,train,,data_raw/uc3m/train/00468.jpg,6960,4640
uc3m,train,,data_raw/uc3m/train/00469.jpg,6960,4640
uc3m,train,,data_raw/uc3m/train/00470.jpg,6960,4640
uc3m,train,,data_raw/uc3m/train/00471.jpg,6960,4640
uc3m,train,,data_raw/uc3m/train/00472.jpg,6960,4640
uc3m,train,,data_raw/uc3m/train/00473.jpg,6960,4640
uc3m,train,,data_raw/uc3m/train/00474.jpg,6960,4640
uc3m,train,,data_raw/uc3m/train/00475.jpg,6960,4640
uc3m,train,,data_raw/uc3m/train/00476.jpg,6960,4640
uc3m,train,,data_raw/uc3m/train/00477.jpg,6960,4640
uc3m,train,,data_raw/uc3m/train/00480.jpg,6960,4640
uc3m,train,,data_raw/uc3m/train/00481.jpg,6960,4640
uc3m,train,,data_raw/uc3m/train/00482.jpg,6960,4640
uc3m,train,,data_raw/uc3m/train/00483.jpg,6960,4640
uc3m,train,,data_raw/uc3m/train/00484.jpg,6960,4640
uc3m,train,,data_raw/uc3m/train/00485.jpg,6960,4640
uc3m,train,,data_raw/uc3m/train/00486.jpg,6960,4640
uc3m,train,,data_raw/uc3m/train/00487.jpg,6960,4640
uc3m,train,,data_raw/uc3m/train/00488.jpg,6960,4640
uc3m,train,,data_raw/uc3m/train/00489.jpg,6960,4640
uc3m,train,,data_raw/uc3m/train/00490.jpg,6960,4640
uc3m,train,,data_raw/uc3m/train/00491.jpg,6960,4640
uc3m,train,,data_raw/uc3m/train/00492.jpg,6960,4640
uc3m,train,,data_raw/uc3m/train/00493.jpg,6960,4640
uc3m,train,,data_raw/uc3m/train/00494.jpg,6960,4640
uc3m,train,,data_raw/uc3m/train/00496.jpg,6960,4640
uc3m,train,,data_raw/uc3m/train/00497.jpg,6960,4640
uc3m,train,,data_raw/uc3m/train/00498.jpg,6960,4640
uc3m,train,,data_raw/uc3m/train/00499.jpg,6960,4640
uc3m,train,,data_raw/uc3m/train/00500.jpg,6960,4640
uc3m,train,,data_raw/uc3m/train/00501.jpg,6960,4640
uc3m,train,,data_raw/uc3m/train/00502.jpg,6960,4640
uc3m,train,,data_raw/uc3m/train/00503.jpg,6960,4640
uc3m,train,,data_raw/uc3m/train/00504.jpg,6960,4640
uc3m,train,,data_raw/uc3m/train/00506.jpg,6960,4640
uc3m,train,,data_raw/uc3m/train/00507.jpg,6960,4640
uc3m,train,,data_raw/uc3m/train/00508.jpg,6960,4640
uc3m,train,,data_raw/uc3m/train/00512.jpg,6960,4640
uc3m,train,,data_raw/uc3m/train/00514.jpg,6960,4640
uc3m,train,,data_raw/uc3m/train/00515.jpg,6960,4640
uc3m,train,,data_raw/uc3m/train/00516.jpg,6960,4640
uc3m,train,,data_raw/uc3m/train/00517.jpg,6960,4640
uc3m,train,,data_raw/uc3m/train/00518.jpg,6960,4640
uc3m,train,,data_raw/uc3m/train/00519.jpg,6960,4640
uc3m,train,,data_raw/uc3m/train/00520.jpg,6960,4640
uc3m,train,,data_raw/uc3m/train/00521.jpg,6960,4640
uc3m,train,,data_raw/uc3m/train/00522.jpg,6960,4640
uc3m,train,,data_raw/uc3m/train/00524.jpg,6960,4640
uc3m,train,,data_raw/uc3m/train/00525.jpg,6960,4640
uc3m,train,,data_raw/uc3m/train/00526.jpg,6960,4640
uc3m,train,,data_raw/uc3m/train/00527.jpg,6960,4640
uc3m,train,,data_raw/uc3m/train/00528.jpg,6960,4640
uc3m,train,,data_raw/uc3m/train/00529.jpg,6960,4640
uc3m,train,,data_raw/uc3m/train/00530.jpg,6960,4640
uc3m,train,,data_raw/uc3m/train/00532.jpg,6960,4640
uc3m,train,,data_raw/uc3m/train/00534.jpg,6960,4640
uc3m,train,,data_raw/uc3m/train/00535.jpg,6960,4640
uc3m,train,,data_raw/uc3m/train/00536.jpg,6960,4640
uc3m,train,,data_raw/uc3m/train/00537.jpg,6960,4640
uc3m,train,,data_raw/uc3m/train/00538.jpg,6960,4640
uc3m,train,,data_raw/uc3m/train/00539.jpg,6960,4640
uc3m,train,,data_raw/uc3m/train/00540.jpg,6960,4640
uc3m,train,,data_raw/uc3m/train/00541.jpg,6960,4640
uc3m,train,,data_raw/uc3m/train/00542.jpg,6960,4640
uc3m,train,,data_raw/uc3m/train/00543.jpg,6960,4640
uc3m,train,,data_raw/uc3m/train/00544.jpg,6960,4640
uc3m,train,,data_raw/uc3m/train/00545.jpg,4480,2016
uc3m,train,,data_raw/uc3m/train/00546.jpg,4480,2016
uc3m,train,,data_raw/uc3m/train/00547.jpg,4624,3472
uc3m,train,,data_raw/uc3m/train/00548.jpg,4480,2016
uc3m,train,,data_raw/uc3m/train/00549.jpg,9248,6944
uc3m,train,,data_raw/uc3m/train/00550.jpg,9248,6944
uc3m,train,,data_raw/uc3m/train/00551.jpg,9248,6944
uc3m,train,,data_raw/uc3m/train/00552.jpg,9248,6944
uc3m,train,,data_raw/uc3m/train/00554.jpg,9248,6944
uc3m,train,,data_raw/uc3m/train/00556.jpg,9248,6944
uc3m,train,,data_raw/uc3m/train/00557.jpg,9248,6944
uc3m,train,,data_raw/uc3m/train/00558.jpg,9248,6944
uc3m,train,,data_raw/uc3m/train/00559.jpg,9248,6944
uc3m,train,,data_raw/uc3m/train/00561.jpg,9248,6944
uc3m,train,,data_raw/uc3m/train/00562.jpg,9248,6944
uc3m,train,,data_raw/uc3m/train/00563.jpg,9248,6944
uc3m,train,,data_raw/uc3m/train/00564.jpg,9248,6944
uc3m,train,,data_raw/uc3m/train/00565.jpg,9248,6944
uc3m,train,,data_raw/uc3m/train/00566.jpg,9248,6944
uc3m,train,,data_raw/uc3m/train/00567.jpg,9248,6944
uc3m,train,,data_raw/uc3m/train/00568.jpg,4480,2016
uc3m,train,,data_raw/uc3m/train/00569.jpg,4480,2016
uc3m,train,,data_raw/uc3m/train/00570.jpg,4480,2016
uc3m,train,,data_raw/uc3m/train/00571.jpg,4480,2016
uc3m,train,,data_raw/uc3m/train/00572.jpg,4480,2016
uc3m,train,,data_raw/uc3m/train/00574.jpg,9248,6944
uc3m,train,,data_raw/uc3m/train/00575.jpg,9248,6944
uc3m,train,,data_raw/uc3m/train/00576.jpg,9248,6944
uc3m,train,,data_raw/uc3m/train/00579.jpg,9248,6944
uc3m,train,,data_raw/uc3m/train/00580.jpg,9248,6944
uc3m,train,,data_raw/uc3m/train/00581.jpg,9248,6944
uc3m,train,,data_raw/uc3m/train/00582.jpg,9248,6944
uc3m,train,,data_raw/uc3m/train/00583.jpg,9248,6944
uc3m,train,,data_raw/uc3m/train/00584.jpg,9248,6944
uc3m,train,,data_raw/uc3m/train/00585.jpg,9248,6944
uc3m,train,,data_raw/uc3m/train/00586.jpg,9248,6944
uc3m,train,,data_raw/uc3m/train/00587.jpg,9248,6944
uc3m,train,,data_raw/uc3m/train/00590.jpg,9248,6944
uc3m,train,,data_raw/uc3m/train/00592.jpg,9248,6944
uc3m,train,,data_raw/uc3m/train/00593.jpg,9248,6944
uc3m,train,,data_raw/uc3m/train/00594.jpg,9248,6944
uc3m,train,,data_raw/uc3m/train/00595.jpg,9248,6944
uc3m,train,,data_raw/uc3m/train/00596.jpg,9248,6944
uc3m,train,,data_raw/uc3m/train/00597.jpg,9248,6944
uc3m,train,,data_raw/uc3m/train/00598.jpg,9248,6944
uc3m,train,,data_raw/uc3m/train/00599.jpg,9248,6944
uc3m,train,,data_raw/uc3m/train/00600.jpg,9248,6944
uc3m,train,,data_raw/uc3m/train/00601.jpg,9248,6944
uc3m,train,,data_raw/uc3m/train/00602.jpg,9248,6944
uc3m,train,,data_raw/uc3m/train/00603.jpg,9248,6944
uc3m,train,,data_raw/uc3m/train/00604.jpg,9248,6944
uc3m,train,,data_raw/uc3m/train/00605.jpg,9248,6944
uc3m,train,,data_raw/uc3m/train/00607.jpg,9248,6944
uc3m,train,,data_raw/uc3m/train/00608.jpg,9248,6944
uc3m,train,,data_raw/uc3m/train/00609.jpg,9248,6944
uc3m,train,,data_raw/uc3m/train/00610.jpg,9248,6944
uc3m,train,,data_raw/uc3m/train/00612.jpg,9248,6944
uc3m,train,,data_raw/uc3m/train/00613.jpg,9248,6944
uc3m,train,,data_raw/uc3m/train/00614.jpg,9248,6944
uc3m,train,,data_raw/uc3m/train/00616.jpg,9248,6944
uc3m,train,,data_raw/uc3m/train/00618.jpg,9248,6944
uc3m,train,,data_raw/uc3m/train/00619.jpg,9248,6944
uc3m,train,,data_raw/uc3m/train/00620.jpg,9248,6944
uc3m,train,,data_raw/uc3m/train/00621.jpg,9248,6944
uc3m,train,,data_raw/uc3m/train/00622.jpg,9248,6944
uc3m,train,,data_raw/uc3m/train/00623.jpg,9248,6944
uc3m,train,,data_raw/uc3m/train/00625.jpg,9248,6944
uc3m,train,,data_raw/uc3m/train/00626.jpg,9248,6944
uc3m,train,,data_raw/uc3m/train/00627.jpg,9248,6944
uc3m,train,,data_raw/uc3m/train/00628.jpg,9248,6944
uc3m,train,,data_raw/uc3m/train/00629.jpg,9248,6944
uc3m,train,,data_raw/uc3m/train/00630.jpg,9248,6944
uc3m,train,,data_raw/uc3m/train/00631.jpg,4480,2016
uc3m,train,,data_raw/uc3m/train/00632.jpg,4480,2016
uc3m,train,,data_raw/uc3m/train/00633.jpg,4480,2016
uc3m,train,,data_raw/uc3m/train/00634.jpg,9248,6944
uc3m,train,,data_raw/uc3m/train/00635.jpg,9248,6944
uc3m,train,,data_raw/uc3m/train/00636.jpg,9248,6944
uc3m,train,,data_raw/uc3m/train/00637.jpg,9248,6944
uc3m,train,,data_raw/uc3m/train/00638.jpg,9248,6944
uc3m,train,,data_raw/uc3m/train/00639.jpg,9248,6944
uc3m,train,,data_raw/uc3m/train/00640.jpg,9248,6944
uc3m,train,,data_raw/uc3m/train/00641.jpg,9248,6944
uc3m,train,,data_raw/uc3m/train/00642.jpg,9248,6944
uc3m,train,,data_raw/uc3m/train/00643.jpg,9248,6944
uc3m,train,,data_raw/uc3m/train/00645.jpg,9248,6944
uc3m,train,,data_raw/uc3m/train/00646.jpg,9248,6944
uc3m,train,,data_raw/uc3m/train/00647.jpg,9248,6944
uc3m,train,,data_raw/uc3m/train/00648.jpg,9248,6944
uc3m,train,,data_raw/uc3m/train/00649.jpg,9248,6944
uc3m,train,,data_raw/uc3m/train/00651.jpg,9248,6944
uc3m,train,,data_raw/uc3m/train/00652.jpg,9248,6944
uc3m,train,,data_raw/uc3m/train/00653.jpg,9248,6944
uc3m,train,,data_raw/uc3m/train/00655.jpg,9248,6944
uc3m,train,,data_raw/uc3m/train/00657.jpg,9248,6944
uc3m,train,,data_raw/uc3m/train/00658.jpg,9248,6944
uc3m,train,,data_raw/uc3m/train/00659.jpg,9248,6944
uc3m,train,,data_raw/uc3m/train/00660.jpg,9248,6944
uc3m,train,,data_raw/uc3m/train/00661.jpg,9248,6944
uc3m,train,,data_raw/uc3m/train/00663.jpg,9248,6944
uc3m,train,,data_raw/uc3m/train/00664.jpg,9248,6944
uc3m,train,,data_raw/uc3m/train/00665.jpg,9248,6944
uc3m,train,,data_raw/uc3m/train/00666.jpg,9248,6944
uc3m,train,,data_raw/uc3m/train/00667.jpg,9248,6944
uc3m,train,,data_raw/uc3m/train/00670.jpg,9248,6944
uc3m,train,,data_raw/uc3m/train/00671.jpg,9248,6944
uc3m,train,,data_raw/uc3m/train/00672.jpg,9248,6944
uc3m,train,,data_raw/uc3m/train/00673.jpg,9248,6944
uc3m,train,,data_raw/uc3m/train/00674.jpg,9248,6944
uc3m,train,,data_raw/uc3m/train/00675.jpg,9248,6944
uc3m,train,,data_raw/uc3m/train/00676.jpg,9248,6944
uc3m,train,,data_raw/uc3m/train/00677.jpg,9248,6944
uc3m,train,,data_raw/uc3m/train/00678.jpg,9248,6944
uc3m,train,,data_raw/uc3m/train/00679.jpg,9248,6944
uc3m,train,,data_raw/uc3m/train/00680.jpg,9248,6944
uc3m,train,,data_raw/uc3m/train/00681.jpg,9248,6944
uc3m,train,,data_raw/uc3m/train/00682.jpg,9248,6944
uc3m,train,,data_raw/uc3m/train/00683.jpg,9248,6944
uc3m,train,,data_raw/uc3m/train/00684.jpg,9248,6944
uc3m,train,,data_raw/uc3m/train/00685.jpg,9248,6944
uc3m,train,,data_raw/uc3m/train/00686.jpg,9248,6944
uc3m,train,,data_raw/uc3m/train/00687.jpg,9248,6944
uc3m,train,,data_raw/uc3m/train/00689.jpg,9248,6944
uc3m,train,,data_raw/uc3m/train/00690.jpg,9248,6944
uc3m,train,,data_raw/uc3m/train/00691.jpg,9248,6944
uc3m,train,,data_raw/uc3m/train/00692.jpg,9248,6944
uc3m,train,,data_raw/uc3m/train/00693.jpg,9248,6944
uc3m,train,,data_raw/uc3m/train/00695.jpg,9248,6944
uc3m,train,,data_raw/uc3m/train/00696.jpg,9248,6944
uc3m,train,,data_raw/uc3m/train/00697.jpg,6944,9248
uc3m,train,,data_raw/uc3m/train/00699.jpg,2016,4480
uc3m,train,,data_raw/uc3m/train/00700.jpg,4480,2016
uc3m,train,,data_raw/uc3m/train/00701.jpg,9248,6944
uc3m,train,,data_raw/uc3m/train/00702.jpg,9248,6944
uc3m,train,,data_raw/uc3m/train/00703.jpg,4480,2016
uc3m,train,,data_raw/uc3m/train/00704.jpg,4480,2016
uc3m,train,,data_raw/uc3m/train/00705.jpg,9248,6944
uc3m,train,,data_raw/uc3m/train/00706.jpg,9248,6944
uc3m,train,,data_raw/uc3m/train/00707.jpg,9248,6944
uc3m,train,,data_raw/uc3m/train/00708.jpg,9248,6944
uc3m,train,,data_raw/uc3m/train/00709.jpg,9248,6944
uc3m,train,,data_raw/uc3m/train/00710.jpg,9248,6944
uc3m,train,,data_raw/uc3m/train/00711.jpg,9248,6944
uc3m,train,,data_raw/uc3m/train/00712.jpg,9248,6944
uc3m,train,,data_raw/uc3m/train/00713.jpg,9248,6944
uc3m,train,,data_raw/uc3m/train/00714.jpg,9248,6944
uc3m,train,,data_raw/uc3m/train/00715.jpg,9248,6944
uc3m,train,,data_raw/uc3m/train/00718.jpg,9248,6944
uc3m,train,,data_raw/uc3m/train/00719.jpg,9248,6944
uc3m,train,,data_raw/uc3m/train/00720.jpg,9248,6944
uc3m,train,,data_raw/uc3m/train/00721.jpg,9248,6944
uc3m,train,,data_raw/uc3m/train/00723.jpg,9248,6944
uc3m,train,,data_raw/uc3m/train/00724.jpg,9248,6944
uc3m,train,,data_raw/uc3m/train/00725.jpg,4480,2016
uc3m,train,,data_raw/uc3m/train/00727.jpg,4480,2016
uc3m,train,,data_raw/uc3m/train/00728.jpg,4480,2016
uc3m,train,,data_raw/uc3m/train/00729.jpg,4480,2016
uc3m,train,,data_raw/uc3m/train/00730.jpg,4480,2016
uc3m,train,,data_raw/uc3m/train/00731.jpg,4480,2016
uc3m,train,,data_raw/uc3m/train/00732.jpg,4480,2016
uc3m,train,,data_raw/uc3m/train/00733.jpg,4480,2016
uc3m,train,,data_raw/uc3m/train/00734.jpg,4480,2016
uc3m,train,,data_raw/uc3m/train/00735.jpg,4480,2016
uc3m,train,,data_raw/uc3m/train/00736.jpg,4480,2016
uc3m,train,,data_raw/uc3m/train/00737.jpg,4480,2016
uc3m,train,,data_raw/uc3m/train/00738.jpg,4480,2016
uc3m,train,,data_raw/uc3m/train/00739.jpg,4480,2016
uc3m,train,,data_raw/uc3m/train/00740.jpg,4480,2016
uc3m,train,,data_raw/uc3m/train/00743.jpg,4480,2016
uc3m,train,,data_raw/uc3m/train/00744.jpg,4480,2016
uc3m,train,,data_raw/uc3m/train/00745.jpg,4480,2016
uc3m,train,,data_raw/uc3m/train/00746.jpg,4480,2016
uc3m,train,,data_raw/uc3m/train/00747.jpg,2016,4480
uc3m,train,,data_raw/uc3m/train/00748.jpg,2016,4480
uc3m,train,,data_raw/uc3m/train/00749.jpg,6944,9248
uc3m,train,,data_raw/uc3m/train/00750.jpg,6944,9248
uc3m,train,,data_raw/uc3m/train/00752.jpg,6944,9248
uc3m,train,,data_raw/uc3m/train/00753.jpg,5184,3888
uc3m,train,,data_raw/uc3m/train/00754.jpg,5184,3888
uc3m,train,,data_raw/uc3m/train/00755.jpg,5184,3888
uc3m,train,,data_raw/uc3m/train/00757.jpg,5184,3888
uc3m,train,,data_raw/uc3m/train/00758.jpg,5184,3888
uc3m,train,,data_raw/uc3m/train/00759.jpg,5184,3888
uc3m,train,,data_raw/uc3m/train/00760.jpg,5184,3888
uc3m,train,,data_raw/uc3m/train/00761.jpg,5184,3888
uc3m,train,,data_raw/uc3m/train/00764.jpg,5184,3888
uc3m,train,,data_raw/uc3m/train/00766.jpg,5184,3888
uc3m,train,,data_raw/uc3m/train/00767.jpg,5184,3888
uc3m,train,,data_raw/uc3m/train/00768.jpg,5184,3888
uc3m,train,,data_raw/uc3m/train/00769.jpg,5184,3888
uc3m,train,,data_raw/uc3m/train/00770.jpg,5184,3888
uc3m,train,,data_raw/uc3m/train/00772.jpg,5184,3888
uc3m,train,,data_raw/uc3m/train/00773.jpg,5184,3888
uc3m,train,,data_raw/uc3m/train/00774.jpg,5184,3888
uc3m,train,,data_raw/uc3m/train/00775.jpg,5184,3888
uc3m,train,,data_raw/uc3m/train/00777.jpg,5184,3888
uc3m,train,,data_raw/uc3m/train/00778.jpg,5184,3888
uc3m,train,,data_raw/uc3m/train/00779.jpg,5184,3888
uc3m,train,,data_raw/uc3m/train/00780.jpg,5184,3888
uc3m,train,,data_raw/uc3m/train/00781.jpg,5184,3888
uc3m,train,,data_raw/uc3m/train/00782.jpg,5184,3888
uc3m,train,,data_raw/uc3m/train/00783.jpg,5184,3888
uc3m,train,,data_raw/uc3m/train/00784.jpg,5184,3888
uc3m,train,,data_raw/uc3m/train/00785.jpg,5184,3888
uc3m,train,,data_raw/uc3m/train/00787.jpg,5184,3888
uc3m,train,,data_raw/uc3m/train/00788.jpg,5184,3888
uc3m,train,,data_raw/uc3m/train/00789.jpg,5184,3888
uc3m,train,,data_raw/uc3m/train/00790.jpg,5184,3888
uc3m,train,,data_raw/uc3m/train/00791.jpg,5184,3888
uc3m,train,,data_raw/uc3m/train/00792.jpg,5184,3888
uc3m,train,,data_raw/uc3m/train/00793.jpg,5184,3888
uc3m,train,,data_raw/uc3m/train/00794.jpg,5184,3888
uc3m,train,,data_raw/uc3m/train/00795.jpg,5184,3888
uc3m,train,,data_raw/uc3m/train/00796.jpg,5184,3888
uc3m,train,,data_raw/uc3m/train/00797.jpg,5184,3888
uc3m,train,,data_raw/uc3m/train/00800.jpg,5184,3888
uc3m,train,,data_raw/uc3m/train/00801.jpg,5184,3888
uc3m,train,,data_raw/uc3m/train/00802.jpg,5184,3888
uc3m,train,,data_raw/uc3m/train/00803.jpg,5184,3888
uc3m,train,,data_raw/uc3m/train/00805.jpg,5184,3888
uc3m,train,,data_raw/uc3m/train/00807.jpg,5184,3888
uc3m,train,,data_raw/uc3m/train/00809.jpg,5184,3888
uc3m,train,,data_raw/uc3m/train/00810.jpg,5184,3888
uc3m,train,,data_raw/uc3m/train/00811.jpg,5184,3888
uc3m,train,,data_raw/uc3m/train/00812.jpg,5184,3888
uc3m,train,,data_raw/uc3m/train/00815.jpg,5184,3888
uc3m,train,,data_raw/uc3m/train/00819.jpg,5184,3888
uc3m,train,,data_raw/uc3m/train/00820.jpg,5184,3888
uc3m,train,,data_raw/uc3m/train/00821.jpg,5184,3888
uc3m,train,,data_raw/uc3m/train/00822.jpg,5184,3888
uc3m,train,,data_raw/uc3m/train/00823.jpg,5184,3888
uc3m,train,,data_raw/uc3m/train/00824.jpg,5184,3888
uc3m,train,,data_raw/uc3m/train/00825.jpg,5184,3888
uc3m,train,,data_raw/uc3m/train/00826.jpg,5184,3888
uc3m,train,,data_raw/uc3m/train/00827.jpg,5184,3888
uc3m,train,,data_raw/uc3m/train/00828.jpg,5184,3888
uc3m,train,,data_raw/uc3m/train/00829.jpg,5184,3888
uc3m,train,,data_raw/uc3m/train/00830.jpg,5184,3888
uc3m,train,,data_raw/uc3m/train/00832.jpg,5184,3888
uc3m,train,,data_raw/uc3m/train/00833.jpg,5184,3888
uc3m,train,,data_raw/uc3m/train/00835.jpg,5184,3888
uc3m,train,,data_raw/uc3m/train/00837.jpg,5184,3888
uc3m,train,,data_raw/uc3m/train/00838.jpg,5184,3888
uc3m,train,,data_raw/uc3m/train/00840.jpg,5184,3888
uc3m,train,,data_raw/uc3m/train/00843.jpg,5184,3888
uc3m,train,,data_raw/uc3m/train/00845.jpg,5184,3888
uc3m,train,,data_raw/uc3m/train/00846.jpg,5184,3888
uc3m,train,,data_raw/uc3m/train/00847.jpg,5184,3888
uc3m,train,,data_raw/uc3m/train/00849.jpg,5184,3888
uc3m,train,,data_raw/uc3m/train/00850.jpg,5184,3888
uc3m,train,,data_raw/uc3m/train/00851.jpg,5184,3888
uc3m,train,,data_raw/uc3m/train/00852.jpg,5184,3888
uc3m,train,,data_raw/uc3m/train/00853.jpg,5184,3888
uc3m,train,,data_raw/uc3m/train/00854.jpg,5184,3888
uc3m,train,,data_raw/uc3m/train/00856.jpg,5184,3888
uc3m,train,,data_raw/uc3m/train/00858.jpg,5184,3888
uc3m,train,,data_raw/uc3m/train/00859.jpg,5184,3888
uc3m,train,,data_raw/uc3m/train/00860.jpg,5184,3888
uc3m,train,,data_raw/uc3m/train/00861.jpg,5184,3888
uc3m,train,,data_raw/uc3m/train/00862.jpg,5184,3888
uc3m,train,,data_raw/uc3m/train/00864.jpg,5184,3888
uc3m,train,,data_raw/uc3m/train/00865.jpg,5184,3888
uc3m,train,,data_raw/uc3m/train/00866.jpg,5184,3888
uc3m,train,,data_raw/uc3m/train/00868.jpg,5184,3888
uc3m,train,,data_raw/uc3m/train/00869.jpg,5184,3888
uc3m,train,,data_raw/uc3m/train/00870.jpg,5184,3888
uc3m,train,,data_raw/uc3m/train/00872.jpg,5184,3888
uc3m,train,,data_raw/uc3m/train/00874.jpg,5184,3888
uc3m,train,,data_raw/uc3m/train/00876.jpg,5184,3888
uc3m,train,,data_raw/uc3m/train/00877.jpg,5184,3888
uc3m,train,,data_raw/uc3m/train/00878.jpg,5184,3888
uc3m,train,,data_raw/uc3m/train/00880.jpg,5184,3888
uc3m,train,,data_raw/uc3m/train/00881.jpg,5184,3888
uc3m,train,,data_raw/uc3m/train/00882.jpg,5184,3888
uc3m,train,,data_raw/uc3m/train/00884.jpg,5184,3888
uc3m,train,,data_raw/uc3m/train/00885.jpg,5184,3888
uc3m,train,,data_raw/uc3m/train/00887.jpg,5184,3888
uc3m,train,,data_raw/uc3m/train/00888.jpg,5184,3888
uc3m,train,,data_raw/uc3m/train/00889.jpg,5184,3888
uc3m,train,,data_raw/uc3m/train/00890.jpg,5184,3888
uc3m,train,,data_raw/uc3m/train/00891.jpg,5184,3888
uc3m,train,,data_raw/uc3m/train/00892.jpg,5184,3888
uc3m,train,,data_raw/uc3m/train/00893.jpg,5184,3888
uc3m,train,,data_raw/uc3m/train/00894.jpg,5184,3888
uc3m,train,,data_raw/uc3m/train/00895.jpg,5184,3888
uc3m,train,,data_raw/uc3m/train/00896.jpg,5184,3888
uc3m,train,,data_raw/uc3m/train/00900.jpg,5184,3888
uc3m,train,,data_raw/uc3m/train/00902.jpg,5184,3888
uc3m,train,,data_raw/uc3m/train/00904.jpg,5184,3888
uc3m,train,,data_raw/uc3m/train/00905.jpg,5184,3888
uc3m,train,,data_raw/uc3m/train/00906.jpg,5184,3888
uc3m,train,,data_raw/uc3m/train/00907.jpg,5184,3888
uc3m,train,,data_raw/uc3m/train/00909.jpg,5184,3888
uc3m,train,,data_raw/uc3m/train/00911.jpg,5184,3888
uc3m,train,,data_raw/uc3m/train/00912.jpg,5184,3888
uc3m,train,,data_raw/uc3m/train/00913.jpg,5184,3888
uc3m,train,,data_raw/uc3m/train/00914.jpg,5184,3888
uc3m,train,,data_raw/uc3m/train/00916.jpg,5184,3888
uc3m,train,,data_raw/uc3m/train/00917.jpg,5184,3888
uc3m,train,,data_raw/uc3m/train/00918.jpg,5184,3888
uc3m,train,,data_raw/uc3m/train/00919.jpg,5184,3888
uc3m,train,,data_raw/uc3m/train/00920.jpg,5184,3888
uc3m,train,,data_raw/uc3m/train/00921.jpg,5184,3888
uc3m,train,,data_raw/uc3m/train/00922.jpg,5184,3888
uc3m,train,,data_raw/uc3m/train/00923.jpg,5184,3888
uc3m,train,,data_raw/uc3m/train/00924.jpg,5184,3888
uc3m,train,,data_raw/uc3m/train/00925.jpg,5184,3888
uc3m,train,,data_raw/uc3m/train/00926.jpg,5184,3888
uc3m,train,,data_raw/uc3m/train/00927.jpg,5184,3888
uc3m,train,,data_raw/uc3m/train/00928.jpg,5184,3888
uc3m,train,,data_raw/uc3m/train/00930.jpg,5184,3888
uc3m,train,,data_raw/uc3m/train/00931.jpg,5184,3888
uc3m,train,,data_raw/uc3m/train/00932.jpg,5184,3888
uc3m,train,,data_raw/uc3m/train/00933.jpg,5184,3888
uc3m,train,,data_raw/uc3m/train/00934.jpg,5184,3888
uc3m,train,,data_raw/uc3m/train/00935.jpg,5184,3888
uc3m,train,,data_raw/uc3m/train/00937.jpg,5184,3888
uc3m,train,,data_raw/uc3m/train/00938.jpg,5184,3888
uc3m,train,,data_raw/uc3m/train/00939.jpg,5184,3888
uc3m,train,,data_raw/uc3m/train/00940.jpg,5184,3888
uc3m,train,,data_raw/uc3m/train/00941.jpg,5184,3888
uc3m,train,,data_raw/uc3m/train/00942.jpg,5184,3888
uc3m,train,,data_raw/uc3m/train/00943.jpg,5184,3888
uc3m,train,,data_raw/uc3m/train/00944.jpg,5184,3888
uc3m,train,,data_raw/uc3m/train/00945.jpg,5184,3888
uc3m,train,,data_raw/uc3m/train/00946.jpg,5184,3888
uc3m,train,,data_raw/uc3m/train/00947.jpg,5184,3888
uc3m,train,,data_raw/uc3m/train/00949.jpg,5184,3888
uc3m,train,,data_raw/uc3m/train/00950.jpg,5184,3888
uc3m,train,,data_raw/uc3m/train/00951.jpg,5184,3888
uc3m,train,,data_raw/uc3m/train/00952.jpg,5184,3888
uc3m,train,,data_raw/uc3m/train/00953.jpg,5184,3888
uc3m,train,,data_raw/uc3m/train/00954.jpg,5184,3888
uc3m,train,,data_raw/uc3m/train/00955.jpg,5184,3888
uc3m,train,,data_raw/uc3m/train/00956.jpg,5184,3888
uc3m,train,,data_raw/uc3m/train/00957.jpg,5184,3888
uc3m,train,,data_raw/uc3m/train/00959.jpg,5184,3888
uc3m,train,,data_raw/uc3m/train/00960.jpg,5184,3888
uc3m,train,,data_raw/uc3m/train/00962.jpg,5184,3888
uc3m,train,,data_raw/uc3m/train/00964.jpg,5184,3888
uc3m,train,,data_raw/uc3m/train/00965.jpg,5184,3888
uc3m,train,,data_raw/uc3m/train/00966.jpg,5184,3888
uc3m,train,,data_raw/uc3m/train/00969.jpg,5184,3888
uc3m,train,,data_raw/uc3m/train/00970.jpg,5184,3888
uc3m,train,,data_raw/uc3m/train/00971.jpg,5184,3888
uc3m,train,,data_raw/uc3m/train/00972.jpg,5184,3888
uc3m,train,,data_raw/uc3m/train/00973.jpg,5184,3888
uc3m,train,,data_raw/uc3m/train/00974.jpg,5184,3888
uc3m,train,,data_raw/uc3m/train/00975.jpg,5184,3888
uc3m,train,,data_raw/uc3m/train/00977.jpg,5184,3888
uc3m,train,,data_raw/uc3m/train/00980.jpg,5184,3888
uc3m,train,,data_raw/uc3m/train/00981.jpg,5184,3888
uc3m,train,,data_raw/uc3m/train/00982.jpg,5184,3888
uc3m,train,,data_raw/uc3m/train/00983.jpg,5184,3888
uc3m,train,,data_raw/uc3m/train/00984.jpg,5184,3888
uc3m,train,,data_raw/uc3m/train/00985.jpg,5184,3888
uc3m,train,,data_raw/uc3m/train/00986.jpg,5184,3888
uc3m,train,,data_raw/uc3m/train/00987.jpg,5184,3888
uc3m,train,,data_raw/uc3m/train/00989.jpg,5184,3888
uc3m,train,,data_raw/uc3m/train/00990.jpg,5184,3888
uc3m,train,,data_raw/uc3m/train/00992.jpg,5184,3888
uc3m,train,,data_raw/uc3m/train/00993.jpg,5184,3888
uc3m,train,,data_raw/uc3m/train/00995.jpg,5184,3888
uc3m,train,,data_raw/uc3m/train/00996.jpg,5184,3888
uc3m,train,,data_raw/uc3m/train/00997.jpg,5184,3888
uc3m,train,,data_raw/uc3m/train/00998.jpg,5184,3888
uc3m,train,,data_raw/uc3m/train/00999.jpg,5184,3888
uc3m,train,,data_raw/uc3m/train/01001.jpg,5184,3888
uc3m,train,,data_raw/uc3m/train/01002.jpg,5184,3888
uc3m,train,,data_raw/uc3m/train/01005.jpg,5184,3888
uc3m,train,,data_raw/uc3m/train/01006.jpg,5184,3888
uc3m,train,,data_raw/uc3m/train/01007.jpg,5184,3888
uc3m,train,,data_raw/uc3m/train/01008.jpg,5184,3888
uc3m,train,,data_raw/uc3m/train/01010.jpg,5184,3888
uc3m,train,,data_raw/uc3m/train/01011.jpg,5184,3888
uc3m,train,,data_raw/uc3m/train/01012.jpg,5184,3888
uc3m,train,,data_raw/uc3m/train/01014.jpg,5184,3888
uc3m,train,,data_raw/uc3m/train/01015.jpg,5184,3888
uc3m,train,,data_raw/uc3m/train/01017.jpg,5184,3888
uc3m,train,,data_raw/uc3m/train/01018.jpg,5184,3888
uc3m,train,,data_raw/uc3m/train/01019.jpg,5184,3888
uc3m,train,,data_raw/uc3m/train/01020.jpg,5184,3888
uc3m,train,,data_raw/uc3m/train/01021.jpg,5184,3888
uc3m,train,,data_raw/uc3m/train/01022.jpg,5184,3888
uc3m,train,,data_raw/uc3m/train/01023.jpg,5184,3888
uc3m,train,,data_raw/uc3m/train/01024.jpg,5184,3888
uc3m,train,,data_raw/uc3m/train/01025.jpg,5184,3888
uc3m,train,,data_raw/uc3m/train/01027.jpg,5184,3888
uc3m,train,,data_raw/uc3m/train/01028.jpg,5184,3888
uc3m,train,,data_raw/uc3m/train/01029.jpg,5184,3888
uc3m,train,,data_raw/uc3m/train/01030.jpg,5184,3888
uc3m,train,,data_raw/uc3m/train/01031.jpg,5184,3888
uc3m,train,,data_raw/uc3m/train/01032.jpg,5184,3888
uc3m,train,,data_raw/uc3m/train/01033.jpg,5184,3888
uc3m,train,,data_raw/uc3m/train/01034.jpg,5184,3888
uc3m,train,,data_raw/uc3m/train/01035.jpg,5184,3888
uc3m,train,,data_raw/uc3m/train/01036.jpg,5184,3888
uc3m,train,,data_raw/uc3m/train/01037.jpg,5184,3888
uc3m,train,,data_raw/uc3m/train/01038.jpg,5184,3888
uc3m,train,,data_raw/uc3m/train/01040.jpg,5184,3888
uc3m,train,,data_raw/uc3m/train/01041.jpg,5184,3888
uc3m,train,,data_raw/uc3m/train/01042.jpg,5184,3888
uc3m,train,,data_raw/uc3m/train/01044.jpg,5184,3888
uc3m,train,,data_raw/uc3m/train/01045.jpg,5184,3888
uc3m,train,,data_raw/uc3m/train/01046.jpg,5184,3888
uc3m,train,,data_raw/uc3m/train/01047.jpg,5184,3888
uc3m,train,,data_raw/uc3m/train/01048.jpg,5184,3888
uc3m,train,,data_raw/uc3m/train/01049.jpg,5184,3888
uc3m,train,,data_raw/uc3m/train/01051.jpg,5184,3888
uc3m,train,,data_raw/uc3m/train/01052.jpg,5184,3888
uc3m,train,,data_raw/uc3m/train/01054.jpg,5184,3888
uc3m,train,,data_raw/uc3m/train/01055.jpg,5184,3888
uc3m,train,,data_raw/uc3m/train/01056.jpg,5184,3888
uc3m,train,,data_raw/uc3m/train/01057.jpg,5184,3888
uc3m,train,,data_raw/uc3m/train/01058.jpg,5184,3888
uc3m,train,,data_raw/uc3m/train/01059.jpg,5184,3888
uc3m,train,,data_raw/uc3m/train/01060.jpg,5184,3888
uc3m,train,,data_raw/uc3m/train/01061.jpg,5184,3888
uc3m,train,,data_raw/uc3m/train/01062.jpg,5184,3888
uc3m,train,,data_raw/uc3m/train/01064.jpg,5184,3888
uc3m,train,,data_raw/uc3m/train/01066.jpg,5184,3888
uc3m,train,,data_raw/uc3m/train/01067.jpg,5184,3888
uc3m,train,,data_raw/uc3m/train/01068.jpg,5184,3888
uc3m,train,,data_raw/uc3m/train/01069.jpg,5184,3888
uc3m,train,,data_raw/uc3m/train/01071.jpg,5184,3888
uc3m,train,,data_raw/uc3m/train/01072.jpg,5184,3888
uc3m,train,,data_raw/uc3m/train/01074.jpg,5184,3888
uc3m,train,,data_raw/uc3m/train/01075.jpg,5184,3888
uc3m,train,,data_raw/uc3m/train/01076.jpg,5184,3888
uc3m,train,,data_raw/uc3m/train/01078.jpg,5184,3888
uc3m,train,,data_raw/uc3m/train/01079.jpg,5184,3888
uc3m,train,,data_raw/uc3m/train/01080.jpg,5184,3888
uc3m,train,,data_raw/uc3m/train/01081.jpg,5184,3888
uc3m,train,,data_raw/uc3m/train/01084.jpg,5184,3888
uc3m,train,,data_raw/uc3m/train/01085.jpg,5184,3888
uc3m,train,,data_raw/uc3m/train/01086.jpg,5184,3888
uc3m,train,,data_raw/uc3m/train/01087.jpg,5184,3888
uc3m,train,,data_raw/uc3m/train/01088.jpg,5184,3888
uc3m,train,,data_raw/uc3m/train/01089.jpg,5184,3888
uc3m,train,,data_raw/uc3m/train/01091.jpg,5184,3888
uc3m,train,,data_raw/uc3m/train/01092.jpg,5184,3888
uc3m,train,,data_raw/uc3m/train/01095.jpg,5184,3888
uc3m,train,,data_raw/uc3m/train/01096.jpg,5184,3888
uc3m,train,,data_raw/uc3m/train/01097.jpg,5184,3888
uc3m,train,,data_raw/uc3m/train/01098.jpg,5184,3888
uc3m,train,,data_raw/uc3m/train/01099.jpg,5184,3888
uc3m,train,,data_raw/uc3m/train/01100.jpg,5184,3888
uc3m,train,,data_raw/uc3m/train/01101.jpg,5184,3888
uc3m,train,,data_raw/uc3m/train/01102.jpg,5184,3888
uc3m,train,,data_raw/uc3m/train/01103.jpg,5184,3888
uc3m,train,,data_raw/uc3m/train/01104.jpg,5184,3888
uc3m,train,,data_raw/uc3m/train/01105.jpg,5184,3888
uc3m,train,,data_raw/uc3m/train/01106.jpg,5184,3888
uc3m,train,,data_raw/uc3m/train/01107.jpg,5184,3888
uc3m,train,,data_raw/uc3m/train/01108.jpg,5184,3888
uc3m,train,,data_raw/uc3m/train/01109.jpg,5184,3888
uc3m,train,,data_raw/uc3m/train/01110.jpg,5184,3888
uc3m,train,,data_raw/uc3m/train/01111.jpg,5184,3888
uc3m,train,,data_raw/uc3m/train/01112.jpg,5184,3888
uc3m,train,,data_raw/uc3m/train/01113.jpg,5184,3888
uc3m,train,,data_raw/uc3m/train/01114.jpg,5184,3888
uc3m,train,,data_raw/uc3m/train/01115.jpg,5184,3888
uc3m,train,,data_raw/uc3m/train/01116.jpg,5184,3888
uc3m,train,,data_raw/uc3m/train/01118.jpg,5184,3888
uc3m,train,,data_raw/uc3m/train/01119.jpg,5184,3888
uc3m,train,,data_raw/uc3m/train/01120.jpg,5184,3888
uc3m,train,,data_raw/uc3m/train/01123.jpg,5184,3888
uc3m,train,,data_raw/uc3m/train/01124.jpg,5184,3888
uc3m,train,,data_raw/uc3m/train/01125.jpg,5184,3888
uc3m,train,,data_raw/uc3m/train/01126.jpg,5184,3888
uc3m,train,,data_raw/uc3m/train/01129.jpg,5184,3888
uc3m,train,,data_raw/uc3m/train/01130.jpg,5184,3888
uc3m,train,,data_raw/uc3m/train/01131.jpg,5184,3888
uc3m,train,,data_raw/uc3m/train/01132.jpg,5184,3888
uc3m,train,,data_raw/uc3m/train/01133.jpg,5184,3888
uc3m,train,,data_raw/uc3m/train/01135.jpg,5184,3888
uc3m,train,,data_raw/uc3m/train/01136.jpg,5184,3888
uc3m,train,,data_raw/uc3m/train/01137.jpg,5184,3888
uc3m,train,,data_raw/uc3m/train/01139.jpg,5184,3888
uc3m,train,,data_raw/uc3m/train/01140.jpg,5184,3888
uc3m,train,,data_raw/uc3m/train/01141.jpg,5184,3888
uc3m,train,,data_raw/uc3m/train/01143.jpg,5184,3888
uc3m,train,,data_raw/uc3m/train/01144.jpg,5184,3888
uc3m,train,,data_raw/uc3m/train/01145.jpg,5184,3888
uc3m,train,,data_raw/uc3m/train/01147.jpg,5184,3888
uc3m,train,,data_raw/uc3m/train/01148.jpg,5184,3888
uc3m,train,,data_raw/uc3m/train/01149.jpg,5184,3888
uc3m,train,,data_raw/uc3m/train/01152.jpg,5184,3888
uc3m,train,,data_raw/uc3m/train/01156.jpg,5184,3888
uc3m,train,,data_raw/uc3m/train/01157.jpg,5184,3888
uc3m,train,,data_raw/uc3m/train/01158.jpg,5184,3888
uc3m,train,,data_raw/uc3m/train/01159.jpg,5184,3888
uc3m,train,,data_raw/uc3m/train/01160.jpg,5184,3888
uc3m,train,,data_raw/uc3m/train/01161.jpg,5184,3888
uc3m,train,,data_raw/uc3m/train/01162.jpg,5184,3888
uc3m,train,,data_raw/uc3m/train/01164.jpg,6960,4640
uc3m,train,,data_raw/uc3m/train/01165.jpg,6960,4640
uc3m,train,,data_raw/uc3m/train/01166.jpg,6960,4640
uc3m,train,,data_raw/uc3m/train/01167.jpg,6960,4640
uc3m,train,,data_raw/uc3m/train/01168.jpg,6960,4640
uc3m,train,,data_raw/uc3m/train/01169.jpg,6960,4640
uc3m,train,,data_raw/uc3m/train/01171.jpg,6960,4640
uc3m,train,,data_raw/uc3m/train/01173.jpg,6960,4640
uc3m,train,,data_raw/uc3m/train/01174.jpg,6960,4640
uc3m,train,,data_raw/uc3m/train/01175.jpg,6960,4640
uc3m,train,,data_raw/uc3m/train/01176.jpg,6960,4640
uc3m,train,,data_raw/uc3m/train/01177.jpg,6960,4640
uc3m,train,,data_raw/uc3m/train/01178.jpg,6960,4640
uc3m,train,,data_raw/uc3m/train/01179.jpg,6960,4640
uc3m,train,,data_raw/uc3m/train/01180.jpg,6960,4640
uc3m,train,,data_raw/uc3m/train/01181.jpg,6960,4640
uc3m,train,,data_raw/uc3m/train/01183.jpg,6960,4640
uc3m,train,,data_raw/uc3m/train/01184.jpg,6960,4640
uc3m,train,,data_raw/uc3m/train/01185.jpg,6960,4640
uc3m,train,,data_raw/uc3m/train/01186.jpg,6960,4640
uc3m,train,,data_raw/uc3m/train/01187.jpg,6960,4640
uc3m,train,,data_raw/uc3m/train/01188.jpg,6960,4640
uc3m,train,,data_raw/uc3m/train/01189.jpg,6960,4640
uc3m,train,,data_raw/uc3m/train/01190.jpg,6960,4640
uc3m,train,,data_raw/uc3m/train/01192.jpg,6960,4640
uc3m,train,,data_raw/uc3m/train/01193.jpg,6960,4640
uc3m,train,,data_raw/uc3m/train/01194.jpg,6960,4640
uc3m,train,,data_raw/uc3m/train/01195.jpg,6960,4640
uc3m,train,,data_raw/uc3m/train/01196.jpg,6960,4640
uc3m,train,,data_raw/uc3m/train/01197.jpg,6960,4640
uc3m,train,,data_raw/uc3m/train/01198.jpg,6960,4640
uc3m,train,,data_raw/uc3m/train/01199.jpg,6960,4640
uc3m,train,,data_raw/uc3m/train/01200.jpg,6960,4640
uc3m,train,,data_raw/uc3m/train/01202.jpg,6960,4640
uc3m,train,,data_raw/uc3m/train/01203.jpg,6960,4640
uc3m,train,,data_raw/uc3m/train/01204.jpg,6960,4640
uc3m,train,,data_raw/uc3m/train/01205.jpg,6960,4640
uc3m,train,,data_raw/uc3m/train/01207.jpg,6960,4640
uc3m,train,,data_raw/uc3m/train/01208.jpg,6960,4640
uc3m,train,,data_raw/uc3m/train/01210.jpg,6960,4640
uc3m,train,,data_raw/uc3m/train/01211.jpg,6960,4640
uc3m,train,,data_raw/uc3m/train/01212.jpg,6960,4640
uc3m,train,,data_raw/uc3m/train/01213.jpg,6960,4640
uc3m,train,,data_raw/uc3m/train/01216.jpg,6960,4640
uc3m,train,,data_raw/uc3m/train/01217.jpg,6960,4640
uc3m,train,,data_raw/uc3m/train/01218.jpg,6960,4640
uc3m,train,,data_raw/uc3m/train/01219.jpg,6960,4640
uc3m,train,,data_raw/uc3m/train/01221.jpg,6960,4640
uc3m,train,,data_raw/uc3m/train/01222.jpg,6960,4640
uc3m,train,,data_raw/uc3m/train/01223.jpg,6960,4640
uc3m,train,,data_raw/uc3m/train/01224.jpg,6960,4640
uc3m,train,,data_raw/uc3m/train/01225.jpg,6960,4640
uc3m,train,,data_raw/uc3m/train/01226.jpg,6960,4640
uc3m,train,,data_raw/uc3m/train/01228.jpg,6960,4640
uc3m,train,,data_raw/uc3m/train/01229.jpg,6960,4640
uc3m,train,,data_raw/uc3m/train/01230.jpg,6960,4640
uc3m,train,,data_raw/uc3m/train/01231.jpg,6960,4640
uc3m,train,,data_raw/uc3m/train/01232.jpg,6960,4640
uc3m,train,,data_raw/uc3m/train/01233.jpg,6960,4640
uc3m,train,,data_raw/uc3m/train/01235.jpg,6960,4640
uc3m,train,,data_raw/uc3m/train/01238.jpg,6960,4640
uc3m,train,,data_raw/uc3m/train/01239.jpg,6960,4640
uc3m,train,,data_raw/uc3m/train/01240.jpg,6960,4640
uc3m,train,,data_raw/uc3m/train/01241.jpg,6960,4640
uc3m,train,,data_raw/uc3m/train/01243.jpg,6960,4640
uc3m,train,,data_raw/uc3m/train/01244.jpg,6960,4640
uc3m,train,,data_raw/uc3m/train/01245.jpg,6960,4640
uc3m,train,,data_raw/uc3m/train/01246.jpg,6960,4640
uc3m,train,,data_raw/uc3m/train/01247.jpg,6960,4640
uc3m,train,,data_raw/uc3m/train/01249.jpg,6960,4640
uc3m,train,,data_raw/uc3m/train/01250.jpg,6960,4640
uc3m,train,,data_raw/uc3m/train/01252.jpg,6960,4640
uc3m,train,,data_raw/uc3m/train/01253.jpg,6960,4640
uc3m,train,,data_raw/uc3m/train/01254.jpg,6960,4640
uc3m,train,,data_raw/uc3m/train/01255.jpg,6960,4640
uc3m,train,,data_raw/uc3m/train/01256.jpg,6960,4640
uc3m,train,,data_raw/uc3m/train/01257.jpg,6960,4640
uc3m,train,,data_raw/uc3m/train/01258.jpg,6960,4640
uc3m,train,,data_raw/uc3m/train/01259.jpg,6960,4640
uc3m,train,,data_raw/uc3m/train/01261.jpg,6960,4640
uc3m,train,,data_raw/uc3m/train/01262.jpg,6960,4640
uc3m,train,,data_raw/uc3m/train/01263.jpg,6960,4640
uc3m,train,,data_raw/uc3m/train/01264.jpg,6960,4640
uc3m,train,,data_raw/uc3m/train/01265.jpg,6960,4640
uc3m,train,,data_raw/uc3m/train/01266.jpg,6960,4640
uc3m,train,,data_raw/uc3m/train/01268.jpg,6960,4640
uc3m,train,,data_raw/uc3m/train/01269.jpg,6960,4640
uc3m,train,,data_raw/uc3m/train/01270.jpg,6960,4640
uc3m,train,,data_raw/uc3m/train/01272.jpg,6960,4640
uc3m,train,,data_raw/uc3m/train/01273.jpg,6960,4640
uc3m,train,,data_raw/uc3m/train/01274.jpg,6960,4640
uc3m,train,,data_raw/uc3m/train/01277.jpg,6960,4640
uc3m,train,,data_raw/uc3m/train/01278.jpg,6960,4640
uc3m,train,,data_raw/uc3m/train/01279.jpg,6960,4640
uc3m,train,,data_raw/uc3m/train/01280.jpg,6960,4640
uc3m,train,,data_raw/uc3m/train/01281.jpg,6960,4640
uc3m,train,,data_raw/uc3m/train/01282.jpg,6960,4640
uc3m,train,,data_raw/uc3m/train/01283.jpg,6960,4640
uc3m,train,,data_raw/uc3m/train/01284.jpg,6960,4640
uc3m,train,,data_raw/uc3m/train/01285.jpg,6960,4640
uc3m,train,,data_raw/uc3m/train/01286.jpg,6960,4640
uc3m,train,,data_raw/uc3m/train/01287.jpg,6960,4640
uc3m,train,,data_raw/uc3m/train/01289.jpg,6960,4640
uc3m,train,,data_raw/uc3m/train/01290.jpg,6960,4640
uc3m,train,,data_raw/uc3m/train/01291.jpg,6960,4640
uc3m,train,,data_raw/uc3m/train/01292.jpg,6960,4640
uc3m,train,,data_raw/uc3m/train/01293.jpg,6960,4640
uc3m,train,,data_raw/uc3m/train/01294.jpg,6960,4640
uc3m,train,,data_raw/uc3m/train/01295.jpg,6960,4640
uc3m,train,,data_raw/uc3m/train/01296.jpg,6960,4640
uc3m,train,,data_raw/uc3m/train/01297.jpg,6960,4640
uc3m,train,,data_raw/uc3m/train/01298.jpg,6960,4640
uc3m,train,,data_raw/uc3m/train/01299.jpg,6960,4640
uc3m,train,,data_raw/uc3m/train/01300.jpg,6960,4640
uc3m,train,,data_raw/uc3m/train/01301.jpg,6960,4640
uc3m,train,,data_raw/uc3m/train/01302.jpg,6960,4640
uc3m,train,,data_raw/uc3m/train/01303.jpg,6960,4640
uc3m,train,,data_raw/uc3m/train/01304.jpg,6960,4640
uc3m,train,,data_raw/uc3m/train/01305.jpg,6960,4640
uc3m,train,,data_raw/uc3m/train/01308.jpg,6960,4640
uc3m,train,,data_raw/uc3m/train/01309.jpg,6960,4640
uc3m,train,,data_raw/uc3m/train/01310.jpg,6960,4640
uc3m,train,,data_raw/uc3m/train/01311.jpg,6960,4640
uc3m,train,,data_raw/uc3m/train/01312.jpg,6960,4640
uc3m,train,,data_raw/uc3m/train/01313.jpg,6960,4640
uc3m,train,,data_raw/uc3m/train/01314.jpg,6960,4640
uc3m,train,,data_raw/uc3m/train/01315.jpg,6960,4640
uc3m,train,,data_raw/uc3m/train/01316.jpg,6960,4640
uc3m,train,,data_raw/uc3m/train/01317.jpg,6960,4640
uc3m,train,,data_raw/uc3m/train/01318.jpg,6960,4640
uc3m,train,,data_raw/uc3m/train/01320.jpg,6960,4640
uc3m,train,,data_raw/uc3m/train/01321.jpg,6960,4640
uc3m,train,,data_raw/uc3m/train/01323.jpg,6960,4640
uc3m,train,,data_raw/uc3m/train/01324.jpg,6960,4640
uc3m,train,,data_raw/uc3m/train/01325.jpg,6960,4640
uc3m,train,,data_raw/uc3m/train/01326.jpg,6960,4640
uc3m,train,,data_raw/uc3m/train/01327.jpg,6960,4640
uc3m,train,,data_raw/uc3m/train/01328.jpg,6960,4640
uc3m,train,,data_raw/uc3m/train/01329.jpg,6960,4640
uc3m,train,,data_raw/uc3m/train/01330.jpg,6960,4640
uc3m,train,,data_raw/uc3m/train/01331.jpg,6960,4640
uc3m,train,,data_raw/uc3m/train/01332.jpg,6960,4640
uc3m,train,,data_raw/uc3m/train/01333.jpg,6960,4640
uc3m,train,,data_raw/uc3m/train/01334.jpg,6960,4640
uc3m,train,,data_raw/uc3m/train/01335.jpg,6960,4640
uc3m,train,,data_raw/uc3m/train/01336.jpg,6960,4640
uc3m,train,,data_raw/uc3m/train/01337.jpg,6960,4640
uc3m,train,,data_raw/uc3m/train/01338.jpg,6960,4640
uc3m,train,,data_raw/uc3m/train/01340.jpg,6960,4640
uc3m,train,,data_raw/uc3m/train/01342.jpg,6960,4640
uc3m,train,,data_raw/uc3m/train/01343.jpg,6960,4640
uc3m,train,,data_raw/uc3m/train/01344.jpg,6960,4640
uc3m,train,,data_raw/uc3m/train/01346.jpg,6960,4640
uc3m,train,,data_raw/uc3m/train/01347.jpg,6960,4640
uc3m,train,,data_raw/uc3m/train/01349.jpg,6960,4640
uc3m,train,,data_raw/uc3m/train/01350.jpg,6960,4640
uc3m,train,,data_raw/uc3m/train/01351.jpg,6960,4640
uc3m,train,,data_raw/uc3m/train/01352.jpg,6960,4640
uc3m,train,,data_raw/uc3m/train/01353.jpg,6960,4640
uc3m,train,,data_raw/uc3m/train/01354.jpg,6960,4640
uc3m,train,,data_raw/uc3m/train/01355.jpg,6960,4640
uc3m,train,,data_raw/uc3m/train/01356.jpg,6960,4640
uc3m,train,,data_raw/uc3m/train/01357.jpg,6960,4640
uc3m,train,,data_raw/uc3m/train/01358.jpg,6960,4640
uc3m,train,,data_raw/uc3m/train/01359.jpg,6960,4640
uc3m,train,,data_raw/uc3m/train/01360.jpg,6960,4640
uc3m,train,,data_raw/uc3m/train/01361.jpg,6960,4640
uc3m,train,,data_raw/uc3m/train/01362.jpg,6960,4640
uc3m,train,,data_raw/uc3m/train/01364.jpg,6960,4640
uc3m,train,,data_raw/uc3m/train/01365.jpg,6960,4640
uc3m,train,,data_raw/uc3m/train/01366.jpg,6960,4640
uc3m,train,,data_raw/uc3m/train/01367.jpg,6960,4640
uc3m,train,,data_raw/uc3m/train/01368.jpg,6960,4640
uc3m,train,,data_raw/uc3m/train/01369.jpg,6960,4640
uc3m,train,,data_raw/uc3m/train/01370.jpg,6960,4640
uc3m,train,,data_raw/uc3m/train/01371.jpg,6960,4640
uc3m,train,,data_raw/uc3m/train/01372.jpg,6960,4640
uc3m,train,,data_raw/uc3m/train/01373.jpg,6960,4640
uc3m,train,,data_raw/uc3m/train/01374.jpg,6960,4640
uc3m,train,,data_raw/uc3m/train/01375.jpg,6960,4640
uc3m,train,,data_raw/uc3m/train/01376.jpg,6960,4640
uc3m,train,,data_raw/uc3m/train/01377.jpg,6960,4640
uc3m,train,,data_raw/uc3m/train/01378.jpg,6960,4640
uc3m,train,,data_raw/uc3m/train/01380.jpg,6960,4640
uc3m,train,,data_raw/uc3m/train/01381.jpg,6960,4640
uc3m,train,,data_raw/uc3m/train/01382.jpg,6960,4640
uc3m,train,,data_raw/uc3m/train/01383.jpg,6960,4640
uc3m,train,,data_raw/uc3m/train/01385.jpg,6960,4640
uc3m,train,,data_raw/uc3m/train/01386.jpg,6960,4640
uc3m,train,,data_raw/uc3m/train/01387.jpg,6960,4640
uc3m,train,,data_raw/uc3m/train/01388.jpg,6960,4640
uc3m,train,,data_raw/uc3m/train/01389.jpg,6960,4640
uc3m,train,,data_raw/uc3m/train/01390.jpg,6960,4640
uc3m,train,,data_raw/uc3m/train/01391.jpg,6960,4640
uc3m,train,,data_raw/uc3m/train/01392.jpg,6960,4640
uc3m,train,,data_raw/uc3m/train/01393.jpg,6960,4640
uc3m,train,,data_raw/uc3m/train/01394.jpg,6960,4640
uc3m,train,,data_raw/uc3m/train/01396.jpg,6960,4640
uc3m,train,,data_raw/uc3m/train/01397.jpg,6960,4640
uc3m,train,,data_raw/uc3m/train/01398.jpg,6960,4640
uc3m,train,,data_raw/uc3m/train/01399.jpg,6960,4640
uc3m,train,,data_raw/uc3m/train/01400.jpg,6960,4640
uc3m,train,,data_raw/uc3m/train/01402.jpg,6960,4640
uc3m,train,,data_raw/uc3m/train/01403.jpg,6960,4640
uc3m,train,,data_raw/uc3m/train/01405.jpg,6960,4640
uc3m,train,,data_raw/uc3m/train/01406.jpg,6960,4640
uc3m,train,,data_raw/uc3m/train/01407.jpg,6960,4640
uc3m,train,,data_raw/uc3m/train/01408.jpg,6960,4640
uc3m,train,,data_raw/uc3m/train/01409.jpg,6960,4640
uc3m,train,,data_raw/uc3m/train/01410.jpg,6960,4640
uc3m,train,,data_raw/uc3m/train/01411.jpg,6960,4640
uc3m,train,,data_raw/uc3m/train/01412.jpg,6960,4640
uc3m,train,,data_raw/uc3m/train/01413.jpg,6960,4640
uc3m,train,,data_raw/uc3m/train/01415.jpg,6960,4640
uc3m,train,,data_raw/uc3m/train/01416.jpg,6960,4640
uc3m,train,,data_raw/uc3m/train/01418.jpg,6960,4640
uc3m,train,,data_raw/uc3m/train/01419.jpg,6960,4640
uc3m,train,,data_raw/uc3m/train/01420.jpg,6960,4640
uc3m,train,,data_raw/uc3m/train/01421.jpg,6960,4640
uc3m,train,,data_raw/uc3m/train/01422.jpg,6960,4640
uc3m,train,,data_raw/uc3m/train/01426.jpg,6960,4640
uc3m,train,,data_raw/uc3m/train/01427.jpg,6960,4640
uc3m,train,,data_raw/uc3m/train/01428.jpg,6960,4640
uc3m,train,,data_raw/uc3m/train/01429.jpg,6960,4640
uc3m,train,,data_raw/uc3m/train/01430.jpg,6960,4640
uc3m,train,,data_raw/uc3m/train/01431.jpg,6960,4640
uc3m,train,,data_raw/uc3m/train/01432.jpg,6960,4640
uc3m,train,,data_raw/uc3m/train/01434.jpg,6960,4640
uc3m,train,,data_raw/uc3m/train/01435.jpg,6960,4640
uc3m,train,,data_raw/uc3m/train/01436.jpg,6960,4640
uc3m,train,,data_raw/uc3m/train/01440.jpg,6960,4640
uc3m,train,,data_raw/uc3m/train/01441.jpg,6960,4640
uc3m,train,,data_raw/uc3m/train/01442.jpg,6960,4640
uc3m,train,,data_raw/uc3m/train/01443.jpg,6960,4640
uc3m,train,,data_raw/uc3m/train/01444.jpg,6960,4640
uc3m,train,,data_raw/uc3m/train/01446.jpg,6960,4640
uc3m,train,,data_raw/uc3m/train/01448.jpg,6960,4640
uc3m,train,,data_raw/uc3m/train/01449.jpg,6960,4640
uc3m,train,,data_raw/uc3m/train/01450.jpg,6960,4640
uc3m,train,,data_raw/uc3m/train/01451.jpg,6960,4640
uc3m,train,,data_raw/uc3m/train/01452.jpg,6960,4640
uc3m,train,,data_raw/uc3m/train/01453.jpg,6960,4640
uc3m,train,,data_raw/uc3m/train/01455.jpg,6960,4640
uc3m,train,,data_raw/uc3m/train/01456.jpg,6960,4640
uc3m,train,,data_raw/uc3m/train/01462.jpg,6960,4640
uc3m,train,,data_raw/uc3m/train/01463.jpg,6960,4640
uc3m,train,,data_raw/uc3m/train/01464.jpg,6960,4640
uc3m,train,,data_raw/uc3m/train/01467.jpg,6960,4640
uc3m,train,,data_raw/uc3m/train/01468.jpg,6960,4640
uc3m,train,,data_raw/uc3m/train/01469.jpg,6960,4640
uc3m,train,,data_raw/uc3m/train/01470.jpg,6960,4640
uc3m,train,,data_raw/uc3m/train/01471.jpg,6960,4640
uc3m,train,,data_raw/uc3m/train/01472.jpg,6960,4640
uc3m,train,,data_raw/uc3m/train/01473.jpg,6960,4640
uc3m,train,,data_raw/uc3m/train/01474.jpg,6960,4640
uc3m,train,,data_raw/uc3m/train/01475.jpg,6960,4640
uc3m,train,,data_raw/uc3m/train/01476.jpg,6960,4640
uc3m,train,,data_raw/uc3m/train/01478.jpg,6960,4640
uc3m,train,,data_raw/uc3m/train/01479.jpg,6960,4640
uc3m,train,,data_raw/uc3m/train/01480.jpg,6960,4640
uc3m,train,,data_raw/uc3m/train/01481.jpg,6960,4640
uc3m,train,,data_raw/uc3m/train/01482.jpg,6960,4640
uc3m,train,,data_raw/uc3m/train/01483.jpg,6960,4640
uc3m,train,,data_raw/uc3m/train/01484.jpg,6960,4640
uc3m,train,,data_raw/uc3m/train/01485.jpg,6960,4640
uc3m,train,,data_raw/uc3m/train/01486.jpg,6960,4640
uc3m,train,,data_raw/uc3m/train/01488.jpg,6960,4640
uc3m,train,,data_raw/uc3m/train/01490.jpg,6960,4640
uc3m,train,,data_raw/uc3m/train/01491.jpg,6960,4640
uc3m,train,,data_raw/uc3m/train/01492.jpg,6960,4640
uc3m,train,,data_raw/uc3m/train/01493.jpg,6960,4640
uc3m,train,,data_raw/uc3m/train/01496.jpg,6960,4640
uc3m,train,,data_raw/uc3m/train/01497.jpg,6960,4640
uc3m,train,,data_raw/uc3m/train/01498.jpg,6960,4640
uc3m,train,,data_raw/uc3m/train/01499.jpg,6960,4640
uc3m,train,,data_raw/uc3m/train/01501.jpg,6960,4640
uc3m,train,,data_raw/uc3m/train/01502.jpg,6960,4640
uc3m,train,,data_raw/uc3m/train/01503.jpg,6960,4640
uc3m,train,,data_raw/uc3m/train/01504.jpg,6960,4640
uc3m,train,,data_raw/uc3m/train/01505.jpg,6960,4640
uc3m,train,,data_raw/uc3m/train/01506.jpg,6960,4640
uc3m,train,,data_raw/uc3m/train/01507.jpg,6960,4640
uc3m,train,,data_raw/uc3m/train/01509.jpg,6960,4640
uc3m,train,,data_raw/uc3m/train/01510.jpg,6960,4640
uc3m,train,,data_raw/uc3m/train/01511.jpg,6960,4640
uc3m,train,,data_raw/uc3m/train/01514.jpg,6960,4640
uc3m,train,,data_raw/uc3m/train/01516.jpg,6960,4640
uc3m,train,,data_raw/uc3m/train/01521.jpg,6960,4640
uc3m,train,,data_raw/uc3m/train/01522.jpg,6960,4640
uc3m,train,,data_raw/uc3m/train/01524.jpg,6960,4640
uc3m,train,,data_raw/uc3m/train/01526.jpg,6960,4640
uc3m,train,,data_raw/uc3m/train/01527.jpg,6960,4640
uc3m,train,,data_raw/uc3m/train/01530.jpg,6960,4640
uc3m,train,,data_raw/uc3m/train/01532.jpg,6960,4640
uc3m,train,,data_raw/uc3m/train/01534.jpg,6960,4640
uc3m,train,,data_raw/uc3m/train/01535.jpg,6960,4640
uc3m,train,,data_raw/uc3m/train/01536.jpg,6960,4640
uc3m,train,,data_raw/uc3m/train/01537.jpg,6960,4640
uc3m,train,,data_raw/uc3m/train/01538.jpg,6960,4640
uc3m,train,,data_raw/uc3m/train/01539.jpg,6960,4640
uc3m,train,,data_raw/uc3m/train/01540.jpg,6960,4640
uc3m,train,,data_raw/uc3m/train/01541.jpg,6960,4640
uc3m,train,,data_raw/uc3m/train/01542.jpg,6960,4640
uc3m,train,,data_raw/uc3m/train/01543.jpg,6960,4640
uc3m,train,,data_raw/uc3m/train/01545.jpg,6960,4640
uc3m,train,,data_raw/uc3m/train/01548.jpg,6960,4640
uc3m,train,,data_raw/uc3m/train/01549.jpg,6960,4640
uc3m,train,,data_raw/uc3m/train/01550.jpg,6960,4640
uc3m,train,,data_raw/uc3m/train/01551.jpg,6960,4640
uc3m,train,,data_raw/uc3m/train/01552.jpg,6960,4640
uc3m,train,,data_raw/uc3m/train/01553.jpg,6960,4640
uc3m,train,,data_raw/uc3m/train/01554.jpg,6960,4640
uc3m,train,,data_raw/uc3m/train/01555.jpg,6960,4640
uc3m,train,,data_raw/uc3m/train/01556.jpg,6960,4640
uc3m,train,,data_raw/uc3m/train/01557.jpg,6960,4640
uc3m,train,,data_raw/uc3m/train/01558.jpg,6960,4640
uc3m,train,,data_raw/uc3m/train/01559.jpg,6960,4640
uc3m,train,,data_raw/uc3m/train/01561.jpg,6960,4640
uc3m,train,,data_raw/uc3m/train/01562.jpg,6960,4640
uc3m,train,,data_raw/uc3m/train/01564.jpg,6960,4640
uc3m,train,,data_raw/uc3m/train/01568.jpg,6960,4640
uc3m,train,,data_raw/uc3m/train/01570.jpg,6960,4640
uc3m,train,,data_raw/uc3m/train/01571.jpg,6960,4640
uc3m,train,,data_raw/uc3m/train/01572.jpg,6960,4640
uc3m,train,,data_raw/uc3m/train/01573.jpg,6960,4640
uc3m,train,,data_raw/uc3m/train/01575.jpg,6960,4640
uc3m,train,,data_raw/uc3m/train/01577.jpg,6960,4640
uc3m,train,,data_raw/uc3m/train/01578.jpg,6960,4640
uc3m,train,,data_raw/uc3m/train/01579.jpg,6960,4640
uc3m,train,,data_raw/uc3m/train/01580.jpg,6960,4640
uc3m,train,,data_raw/uc3m/train/01581.jpg,6960,4640
uc3m,train,,data_raw/uc3m/train/01583.jpg,6960,4640
uc3m,train,,data_raw/uc3m/train/01584.jpg,6960,4640
uc3m,train,,data_raw/uc3m/train/01586.jpg,6960,4640
uc3m,train,,data_raw/uc3m/train/01587.jpg,6960,4640
uc3m,train,,data_raw/uc3m/train/01588.jpg,6960,4640
uc3m,train,,data_raw/uc3m/train/01589.jpg,6960,4640
uc3m,train,,data_raw/uc3m/train/01590.jpg,6960,4640
uc3m,train,,data_raw/uc3m/train/01591.jpg,6960,4640
uc3m,train,,data_raw/uc3m/train/01592.jpg,6960,4640
uc3m,train,,data_raw/uc3m/train/01593.jpg,6960,4640
uc3m,train,,data_raw/uc3m/train/01594.jpg,6960,4640
uc3m,train,,data_raw/uc3m/train/01599.jpg,6960,4640
uc3m,train,,data_raw/uc3m/train/01600.jpg,6960,4640
uc3m,train,,data_raw/uc3m/train/01601.jpg,6960,4640
uc3m,train,,data_raw/uc3m/train/01602.jpg,6960,4640
uc3m,train,,data_raw/uc3m/train/01603.jpg,6960,4640
uc3m,train,,data_raw/uc3m/train/01604.jpg,6960,4640
uc3m,train,,data_raw/uc3m/train/01605.jpg,6960,4640
uc3m,train,,data_raw/uc3m/train/01606.jpg,6960,4640
uc3m,train,,data_raw/uc3m/train/01608.jpg,6960,4640
uc3m,train,,data_raw/uc3m/train/01609.jpg,6960,4640
uc3m,train,,data_raw/uc3m/train/01610.jpg,6960,4640
uc3m,train,,data_raw/uc3m/train/01611.jpg,6960,4640
uc3m,train,,data_raw/uc3m/train/01612.jpg,6960,4640
uc3m,train,,data_raw/uc3m/train/01613.jpg,6960,4640
uc3m,train,,data_raw/uc3m/train/01614.jpg,6960,4640
uc3m,train,,data_raw/uc3m/train/01615.jpg,6960,4640
uc3m,train,,data_raw/uc3m/train/01616.jpg,6960,4640
uc3m,train,,data_raw/uc3m/train/01617.jpg,6960,4640
uc3m,train,,data_raw/uc3m/train/01618.jpg,6960,4640
uc3m,train,,data_raw/uc3m/train/01619.jpg,6960,4640
uc3m,train,,data_raw/uc3m/train/01620.jpg,6960,4640
uc3m,train,,data_raw/uc3m/train/01622.jpg,6960,4640
uc3m,train,,data_raw/uc3m/train/01623.jpg,6960,4640
uc3m,train,,data_raw/uc3m/train/01624.jpg,6960,4640
uc3m,train,,data_raw/uc3m/train/01625.jpg,6960,4640
uc3m,train,,data_raw/uc3m/train/01627.jpg,6960,4640
uc3m,train,,data_raw/uc3m/train/01628.jpg,6960,4640
uc3m,train,,data_raw/uc3m/train/01630.jpg,6960,4640
uc3m,train,,data_raw/uc3m/train/01631.jpg,6960,4640
uc3m,train,,data_raw/uc3m/train/01632.jpg,6960,4640
uc3m,train,,data_raw/uc3m/train/01633.jpg,6960,4640
uc3m,train,,data_raw/uc3m/train/01634.jpg,6960,4640
uc3m,train,,data_raw/uc3m/train/01635.jpg,6960,4640
uc3m,train,,data_raw/uc3m/train/01636.jpg,6960,4640
uc3m,train,,data_raw/uc3m/train/01637.jpg,6960,4640
uc3m,train,,data_raw/uc3m/train/01639.jpg,6960,4640
uc3m,train,,data_raw/uc3m/train/01640.jpg,6960,4640
uc3m,train,,data_raw/uc3m/train/01642.jpg,6960,4640
uc3m,train,,data_raw/uc3m/train/01643.jpg,6960,4640
uc3m,train,,data_raw/uc3m/train/01644.jpg,6960,4640
uc3m,train,,data_raw/uc3m/train/01645.jpg,6960,4640
uc3m,train,,data_raw/uc3m/train/01647.jpg,6960,4640
uc3m,train,,data_raw/uc3m/train/01649.jpg,6960,4640
uc3m,train,,data_raw/uc3m/train/01650.jpg,6960,4640
uc3m,train,,data_raw/uc3m/train/01652.jpg,6960,4640
uc3m,train,,data_raw/uc3m/train/01654.jpg,6960,4640
uc3m,train,,data_raw/uc3m/train/01655.jpg,6960,4640
uc3m,train,,data_raw/uc3m/train/01656.jpg,6960,4640
uc3m,train,,data_raw/uc3m/train/01657.jpg,6960,4640
uc3m,train,,data_raw/uc3m/train/01659.jpg,6960,4640
uc3m,train,,data_raw/uc3m/train/01660.jpg,6960,4640
uc3m,train,,data_raw/uc3m/train/01661.jpg,6960,4640
uc3m,train,,data_raw/uc3m/train/01663.jpg,6960,4640
uc3m,train,,data_raw/uc3m/train/01664.jpg,6960,4640
uc3m,train,,data_raw/uc3m/train/01666.jpg,6960,4640
uc3m,train,,data_raw/uc3m/train/01668.jpg,6960,4640
uc3m,train,,data_raw/uc3m/train/01670.jpg,6960,4640
uc3m,train,,data_raw/uc3m/train/01671.jpg,6960,4640
uc3m,train,,data_raw/uc3m/train/01672.jpg,6960,4640
uc3m,train,,data_raw/uc3m/train/01673.jpg,6960,4640
uc3m,train,,data_raw/uc3m/train/01674.jpg,6960,4640
uc3m,train,,data_raw/uc3m/train/01675.jpg,6960,4640
uc3m,train,,data_raw/uc3m/train/01676.jpg,6960,4640
uc3m,train,,data_raw/uc3m/train/01677.jpg,6960,4640
uc3m,train,,data_raw/uc3m/train/01679.jpg,6960,4640
uc3m,train,,data_raw/uc3m/train/01681.jpg,6960,4640
uc3m,train,,data_raw/uc3m/train/01682.jpg,6960,4640
uc3m,train,,data_raw/uc3m/train/01683.jpg,6960,4640
uc3m,train,,data_raw/uc3m/train/01686.jpg,6960,4640
uc3m,train,,data_raw/uc3m/train/01689.jpg,6960,4640
uc3m,train,,data_raw/uc3m/train/01690.jpg,6960,4640
uc3m,train,,data_raw/uc3m/train/01691.jpg,6960,4640
uc3m,train,,data_raw/uc3m/train/01693.jpg,6960,4640
uc3m,train,,data_raw/uc3m/train/01694.jpg,6960,4640
uc3m,train,,data_raw/uc3m/train/01695.jpg,6960,4640
uc3m,train,,data_raw/uc3m/train/01696.jpg,6960,4640
uc3m,train,,data_raw/uc3m/train/01697.jpg,6960,4640
uc3m,train,,data_raw/uc3m/train/01698.jpg,6960,4640
uc3m,train,,data_raw/uc3m/train/01699.jpg,6960,4640
uc3m,train,,data_raw/uc3m/train/01700.jpg,6960,4640
uc3m,train,,data_raw/uc3m/train/01701.jpg,6960,4640
uc3m,train,,data_raw/uc3m/train/01702.jpg,6960,4640
uc3m,train,,data_raw/uc3m/train/01703.jpg,6960,4640
uc3m,train,,data_raw/uc3m/train/01704.jpg,6960,4640
uc3m,train,,data_raw/uc3m/train/01705.jpg,6960,4640
uc3m,train,,data_raw/uc3m/train/01706.jpg,6960,4640
uc3m,train,,data_raw/uc3m/train/01708.jpg,6960,4640
uc3m,train,,data_raw/uc3m/train/01711.jpg,6960,4640
uc3m,train,,data_raw/uc3m/train/01712.jpg,6960,4640
uc3m,train,,data_raw/uc3m/train/01713.jpg,6960,4640
uc3m,train,,data_raw/uc3m/train/01714.jpg,6960,4640
uc3m,train,,data_raw/uc3m/train/01715.jpg,6960,4640
uc3m,train,,data_raw/uc3m/train/01716.jpg,6960,4640
uc3m,train,,data_raw/uc3m/train/01717.jpg,6960,4640
uc3m,train,,data_raw/uc3m/train/01721.jpg,6960,4640
uc3m,train,,data_raw/uc3m/train/01722.jpg,6960,4640
uc3m,train,,data_raw/uc3m/train/01723.jpg,6960,4640
uc3m,train,,data_raw/uc3m/train/01724.jpg,6960,4640
uc3m,train,,data_raw/uc3m/train/01725.jpg,6960,4640
uc3m,train,,data_raw/uc3m/train/01726.jpg,6960,4640
uc3m,train,,data_raw/uc3m/train/01727.jpg,6960,4640
uc3m,train,,data_raw/uc3m/train/01728.jpg,6960,4640
uc3m,train,,data_raw/uc3m/train/01729.jpg,6960,4640
uc3m,train,,data_raw/uc3m/train/01730.jpg,6960,4640
uc3m,train,,data_raw/uc3m/train/01731.jpg,6960,4640
uc3m,train,,data_raw/uc3m/train/01732.jpg,6960,4640
uc3m,train,,data_raw/uc3m/train/01733.jpg,6960,4640
uc3m,train,,data_raw/uc3m/train/01734.jpg,6960,4640
uc3m,train,,data_raw/uc3m/train/01735.jpg,6960,4640
uc3m,train,,data_raw/uc3m/train/01737.jpg,6960,4640
uc3m,train,,data_raw/uc3m/train/01738.jpg,6960,4640
uc3m,train,,data_raw/uc3m/train/01739.jpg,6960,4640
uc3m,train,,data_raw/uc3m/train/01741.jpg,6960,4640
uc3m,train,,data_raw/uc3m/train/01742.jpg,6960,4640
uc3m,train,,data_raw/uc3m/train/01743.jpg,6960,4640
uc3m,train,,data_raw/uc3m/train/01745.jpg,6960,4640
uc3m,train,,data_raw/uc3m/train/01746.jpg,6960,4640
uc3m,train,,data_raw/uc3m/train/01747.jpg,6960,4640
uc3m,train,,data_raw/uc3m/train/01749.jpg,6960,4640
uc3m,train,,data_raw/uc3m/train/01750.jpg,6960,4640
uc3m,train,,data_raw/uc3m/train/01751.jpg,6960,4640
uc3m,train,,data_raw/uc3m/train/01752.jpg,6960,4640
uc3m,train,,data_raw/uc3m/train/01753.jpg,6960,4640
uc3m,train,,data_raw/uc3m/train/01754.jpg,6960,4640
uc3m,train,,data_raw/uc3m/train/01755.jpg,6960,4640
uc3m,train,,data_raw/uc3m/train/01756.jpg,6960,4640
uc3m,train,,data_raw/uc3m/train/01757.jpg,6960,4640
uc3m,train,,data_raw/uc3m/train/01758.jpg,6960,4640
uc3m,train,,data_raw/uc3m/train/01759.jpg,6960,4640
uc3m,train,,data_raw/uc3m/train/01760.jpg,6960,4640
uc3m,train,,data_raw/uc3m/train/01762.jpg,6960,4640
uc3m,train,,data_raw/uc3m/train/01763.jpg,6960,4640
uc3m,train,,data_raw/uc3m/train/01764.jpg,6960,4640
uc3m,train,,data_raw/uc3m/train/01765.jpg,6960,4640
uc3m,train,,data_raw/uc3m/train/01766.jpg,6960,4640
uc3m,train,,data_raw/uc3m/train/01767.jpg,6960,4640
uc3m,train,,data_raw/uc3m/train/01768.jpg,6960,4640
uc3m,train,,data_raw/uc3m/train/01770.jpg,6960,4640
uc3m,train,,data_raw/uc3m/train/01771.jpg,6960,4640
uc3m,train,,data_raw/uc3m/train/01773.jpg,6960,4640
uc3m,train,,data_raw/uc3m/train/01774.jpg,6960,4640
uc3m,train,,data_raw/uc3m/train/01775.jpg,6960,4640
uc3m,train,,data_raw/uc3m/train/01776.jpg,6960,4640
uc3m,train,,data_raw/uc3m/train/01777.jpg,6960,4640
uc3m,train,,data_raw/uc3m/train/01778.jpg,6960,4640
uc3m,train,,data_raw/uc3m/train/01779.jpg,6960,4640
uc3m,train,,data_raw/uc3m/train/01780.jpg,6960,4640
uc3m,train,,data_raw/uc3m/train/01781.jpg,6960,4640
uc3m,train,,data_raw/uc3m/train/01784.jpg,6960,4640
uc3m,train,,data_raw/uc3m/train/01785.jpg,6960,4640
uc3m,train,,data_raw/uc3m/train/01786.jpg,6960,4640
uc3m,train,,data_raw/uc3m/train/01788.jpg,6960,4640
uc3m,train,,data_raw/uc3m/train/01789.jpg,6960,4640
uc3m,train,,data_raw/uc3m/train/01790.jpg,6960,4640
uc3m,train,,data_raw/uc3m/train/01791.jpg,6960,4640
uc3m,train,,data_raw/uc3m/train/01793.jpg,6960,4640
uc3m,train,,data_raw/uc3m/train/01794.jpg,6960,4640
uc3m,train,,data_raw/uc3m/train/01795.jpg,6960,4640
uc3m,train,,data_raw/uc3m/train/01797.jpg,6960,4640
uc3m,train,,data_raw/uc3m/train/01798.jpg,6960,4640
uc3m,train,,data_raw/uc3m/train/01799.jpg,6960,4640
uc3m,train,,data_raw/uc3m/train/01800.jpg,6960,4640
uc3m,train,,data_raw/uc3m/train/01801.jpg,6960,4640
uc3m,train,,data_raw/uc3m/train/01802.jpg,6960,4640
uc3m,train,,data_raw/uc3m/train/01804.jpg,6960,4640
uc3m,train,,data_raw/uc3m/train/01805.jpg,6960,4640
uc3m,train,,data_raw/uc3m/train/01806.jpg,6960,4640
uc3m,train,,data_raw/uc3m/train/01807.jpg,6960,4640
uc3m,train,,data_raw/uc3m/train/01808.jpg,6960,4640
uc3m,train,,data_raw/uc3m/train/01810.jpg,6960,4640
uc3m,train,,data_raw/uc3m/train/01811.jpg,6960,4640
uc3m,train,,data_raw/uc3m/train/01812.jpg,6960,4640
uc3m,train,,data_raw/uc3m/train/01813.jpg,6960,4640
uc3m,train,,data_raw/uc3m/train/01814.jpg,6960,4640
uc3m,train,,data_raw/uc3m/train/01815.jpg,6960,4640
uc3m,train,,data_raw/uc3m/train/01816.jpg,6960,4640
uc3m,train,,data_raw/uc3m/train/01818.jpg,6960,4640
uc3m,train,,data_raw/uc3m/train/01819.jpg,6960,4640
uc3m,train,,data_raw/uc3m/train/01820.jpg,6960,4640
uc3m,train,,data_raw/uc3m/train/01822.jpg,6960,4640
uc3m,train,,data_raw/uc3m/train/01823.jpg,6960,4640
uc3m,train,,data_raw/uc3m/train/01824.jpg,6960,4640
uc3m,train,,data_raw/uc3m/train/01825.jpg,6960,4640
uc3m,train,,data_raw/uc3m/train/01826.jpg,6960,4640
uc3m,train,,data_raw/uc3m/train/01827.jpg,6960,4640
uc3m,train,,data_raw/uc3m/train/01828.jpg,6960,4640
uc3m,train,,data_raw/uc3m/train/01830.jpg,6960,4640
uc3m,train,,data_raw/uc3m/train/01833.jpg,6960,4640
uc3m,train,,data_raw/uc3m/train/01834.jpg,6960,4640
uc3m,train,,data_raw/uc3m/train/01835.jpg,6960,4640
uc3m,train,,data_raw/uc3m/train/01836.jpg,6960,4640
uc3m,train,,data_raw/uc3m/train/01837.jpg,6960,4640
uc3m,train,,data_raw/uc3m/train/01838.jpg,6960,4640
uc3m,train,,data_raw/uc3m/train/01839.jpg,6960,4640
uc3m,train,,data_raw/uc3m/train/01840.jpg,6960,4640
uc3m,train,,data_raw/uc3m/train/01842.jpg,6960,4640
uc3m,train,,data_raw/uc3m/train/01845.jpg,6960,4640
uc3m,train,,data_raw/uc3m/train/01846.jpg,6960,4640
uc3m,train,,data_raw/uc3m/train/01847.jpg,6960,4640
uc3m,train,,data_raw/uc3m/train/01848.jpg,6960,4640
uc3m,train,,data_raw/uc3m/train/01850.jpg,2048,1536
uc3m,train,,data_raw/uc3m/train/01851.jpg,2048,1536
uc3m,train,,data_raw/uc3m/train/01852.jpg,2048,1536
uc3m,train,,data_raw/uc3m/train/01853.jpg,2048,1536
uc3m,train,,data_raw/uc3m/train/01854.jpg,2048,1536
uc3m,train,,data_raw/uc3m/train/01855.jpg,2048,1536
uc3m,train,,data_raw/uc3m/train/01857.jpg,2048,1536
uc3m,train,,data_raw/uc3m/train/01859.jpg,2048,1536
uc3m,train,,data_raw/uc3m/train/01860.jpg,2048,1536
uc3m,train,,data_raw/uc3m/train/01861.jpg,2048,1536
uc3m,train,,data_raw/uc3m/train/01863.jpg,2048,1536
uc3m,train,,data_raw/uc3m/train/01866.jpg,2048,1536
uc3m,train,,data_raw/uc3m/train/01868.jpg,2048,1536
uc3m,train,,data_raw/uc3m/train/01869.jpg,2048,1536
uc3m,train,,data_raw/uc3m/train/01870.jpg,2048,1536
uc3m,train,,data_raw/uc3m/train/01872.jpg,2048,1536
uc3m,train,,data_raw/uc3m/train/01873.jpg,2048,1536
uc3m,train,,data_raw/uc3m/train/01874.jpg,2048,1536
uc3m,train,,data_raw/uc3m/train/01875.jpg,2048,1536
uc3m,train,,data_raw/uc3m/train/01877.jpg,1536,2048
uc3m,train,,data_raw/uc3m/train/01878.jpg,1536,2048
uc3m,train,,data_raw/uc3m/train/01879.jpg,1536,2048
uc3m,train,,data_raw/uc3m/train/01880.jpg,2048,1536
uc3m,train,,data_raw/uc3m/train/01881.jpg,2048,1536
uc3m,train,,data_raw/uc3m/train/01882.jpg,2048,1536
uc3m,train,,data_raw/uc3m/train/01884.jpg,2048,1536
uc3m,train,,data_raw/uc3m/train/01885.jpg,1536,2048
uc3m,train,,data_raw/uc3m/train/01886.jpg,2048,1536
uc3m,train,,data_raw/uc3m/train/01887.jpg,2048,1536
uc3m,train,,data_raw/uc3m/train/01888.jpg,2048,1536
uc3m,train,,data_raw/uc3m/train/01889.jpg,2048,1536
uc3m,train,,data_raw/uc3m/train/01890.jpg,2048,1536
uc3m,train,,data_raw/uc3m/train/01891.jpg,2048,1536
uc3m,train,,data_raw/uc3m/train/01893.jpg,2048,1536
uc3m,train,,data_raw/uc3m/train/01894.jpg,2048,1536
uc3m,train,,data_raw/uc3m/train/01895.jpg,2048,1536
uc3m,train,,data_raw/uc3m/train/01897.jpg,2048,1536
uc3m,train,,data_raw/uc3m/train/01899.jpg,2048,1536
uc3m,train,,data_raw/uc3m/train/01900.jpg,2048,1536
uc3m,train,,data_raw/uc3m/train/01901.jpg,2048,1536
uc3m,train,,data_raw/uc3m/train/01904.jpg,2048,1536
uc3m,train,,data_raw/uc3m/train/01905.jpg,2048,1536
uc3m,train,,data_raw/uc3m/train/01906.jpg,2048,1536
uc3m,train,,data_raw/uc3m/train/01907.jpg,2048,1536
uc3m,train,,data_raw/uc3m/train/01908.jpg,2048,1536
uc3m,train,,data_raw/uc3m/train/01909.jpg,2048,1536
uc3m,train,,data_raw/uc3m/train/01911.jpg,2048,1536
uc3m,train,,data_raw/uc3m/train/01912.jpg,2048,1536
uc3m,train,,data_raw/uc3m/train/01913.jpg,2048,1536
uc3m,train,,data_raw/uc3m/train/01914.jpg,2048,1536
uc3m,train,,data_raw/uc3m/train/01915.jpg,2048,1536
uc3m,train,,data_raw/uc3m/train/01916.jpg,2048,1536
uc3m,train,,data_raw/uc3m/train/01917.jpg,2048,1536
uc3m,train,,data_raw/uc3m/train/01918.jpg,2048,1536
uc3m,train,,data_raw/uc3m/train/01919.jpg,2048,1536
uc3m,train,,data_raw/uc3m/train/01920.jpg,2048,1536
uc3m,train,,data_raw/uc3m/train/01922.jpg,2048,1536
uc3m,train,,data_raw/uc3m/train/01923.jpg,2048,1536
uc3m,train,,data_raw/uc3m/train/01925.jpg,2048,1536
uc3m,train,,data_raw/uc3m/train/01926.jpg,2048,1536
uc3m,train,,data_raw/uc3m/train/01927.jpg,2048,1536
uc3m,train,,data_raw/uc3m/train/01928.jpg,2048,1536
uc3m,train,,data_raw/uc3m/train/01929.jpg,2048,1536
uc3m,train,,data_raw/uc3m/train/01930.jpg,2048,1536
uc3m,train,,data_raw/uc3m/train/01931.jpg,2048,1536
uc3m,train,,data_raw/uc3m/train/01933.jpg,2016,4480
uc3m,train,,data_raw/uc3m/train/01934.jpg,2016,4480
uc3m,train,,data_raw/uc3m/train/01935.jpg,2016,4480
uc3m,train,,data_raw/uc3m/train/01936.jpg,2016,4480
uc3m,train,,data_raw/uc3m/train/01937.jpg,2016,4480
uc3m,train,,data_raw/uc3m/train/01938.jpg,2016,4480
uc3m,train,,data_raw/uc3m/train/01939.jpg,2016,4480
uc3m,train,,data_raw/uc3m/train/01940.jpg,2016,4480
uc3m,train,,data_raw/uc3m/train/01943.jpg,2016,4480
uc3m,train,,data_raw/uc3m/train/01944.jpg,2016,4480
uc3m,train,,data_raw/uc3m/train/01946.jpg,2016,4480
uc3m,train,,data_raw/uc3m/train/01947.jpg,2016,4480
uc3m,train,,data_raw/uc3m/train/01948.jpg,2016,4480
uc3m,train,,data_raw/uc3m/train/01949.jpg,2016,4480
uc3m,train,,data_raw/uc3m/train/01951.jpg,2016,4480
uc3m,train,,data_raw/uc3m/train/01952.jpg,2016,4480
uc3m,train,,data_raw/uc3m/train/01953.jpg,2016,4480
uc3m,train,,data_raw/uc3m/train/01954.jpg,2016,4480
uc3m,train,,data_raw/uc3m/train/01955.jpg,2016,4480
uc3m,train,,data_raw/uc3m/train/01956.jpg,2016,4480
uc3m,train,,data_raw/uc3m/train/01957.jpg,2016,4480
uc3m,train,,data_raw/uc3m/train/01958.jpg,2016,4480
uc3m,train,,data_raw/uc3m/train/01959.jpg,2016,4480
uc3m,train,,data_raw/uc3m/train/01960.jpg,2016,4480
uc3m,train,,data_raw/uc3m/train/01961.jpg,2016,4480
uc3m,train,,data_raw/uc3m/train/01962.jpg,2016,4480
uc3m,train,,data_raw/uc3m/train/01964.jpg,2016,4480
uc3m,train,,data_raw/uc3m/train/01965.jpg,2016,4480
uc3m,train,,data_raw/uc3m/train/01966.jpg,2016,4480
uc3m,train,,data_raw/uc3m/train/01967.jpg,2016,4480
uc3m,train,,data_raw/uc3m/train/01968.jpg,2016,4480
uc3m,train,,data_raw/uc3m/train/01970.jpg,2016,4480
uc3m,train,,data_raw/uc3m/train/01971.jpg,2016,4480
uc3m,train,,data_raw/uc3m/train/01972.jpg,2016,4480
uc3m,train,,data_raw/uc3m/train/01973.jpg,2016,4480
uc3m,test,,data_raw/uc3m/test/00000.jpg,5184,3888
uc3m,test,,data_raw/uc3m/test/00014.jpg,5184,3888
uc3m,test,,data_raw/uc3m/test/00015.jpg,5184,3888
uc3m,test,,data_raw/uc3m/test/00016.jpg,5184,3888
uc3m,test,,data_raw/uc3m/test/00022.jpg,5184,3888
uc3m,test,,data_raw/uc3m/test/00024.jpg,5184,3888
uc3m,test,,data_raw/uc3m/test/00035.jpg,5184,3888
uc3m,test,,data_raw/uc3m/test/00037.jpg,5184,3888
uc3m,test,,data_raw/uc3m/test/00038.jpg,5184,3888
uc3m,test,,data_raw/uc3m/test/00039.jpg,5184,3888
uc3m,test,,data_raw/uc3m/test/00075.jpg,5184,3888
uc3m,test,,data_raw/uc3m/test/00076.jpg,5184,3888
uc3m,test,,data_raw/uc3m/test/00077.jpg,5184,3888
uc3m,test,,data_raw/uc3m/test/00091.jpg,5184,3888
uc3m,test,,data_raw/uc3m/test/00093.jpg,5184,3888
uc3m,test,,data_raw/uc3m/test/00103.jpg,5184,3888
uc3m,test,,data_raw/uc3m/test/00104.jpg,5184,3888
uc3m,test,,data_raw/uc3m/test/00120.jpg,5184,3888
uc3m,test,,data_raw/uc3m/test/00122.jpg,5184,3888
uc3m,test,,data_raw/uc3m/test/00123.jpg,5184,3888
uc3m,test,,data_raw/uc3m/test/00129.jpg,5184,3888
uc3m,test,,data_raw/uc3m/test/00132.jpg,5184,3888
uc3m,test,,data_raw/uc3m/test/00133.jpg,5184,3888
uc3m,test,,data_raw/uc3m/test/00139.jpg,5184,3888
uc3m,test,,data_raw/uc3m/test/00149.jpg,5184,3888
uc3m,test,,data_raw/uc3m/test/00151.jpg,5184,3888
uc3m,test,,data_raw/uc3m/test/00153.jpg,5184,3888
uc3m,test,,data_raw/uc3m/test/00155.jpg,5184,3888
uc3m,test,,data_raw/uc3m/test/00159.jpg,5184,3888
uc3m,test,,data_raw/uc3m/test/00166.jpg,5184,3888
uc3m,test,,data_raw/uc3m/test/00169.jpg,5184,3888
uc3m,test,,data_raw/uc3m/test/00173.jpg,5184,3888
uc3m,test,,data_raw/uc3m/test/00180.jpg,5184,3888
uc3m,test,,data_raw/uc3m/test/00181.jpg,5184,3888
uc3m,test,,data_raw/uc3m/test/00186.jpg,5184,3888
uc3m,test,,data_raw/uc3m/test/00187.jpg,5184,3888
uc3m,test,,data_raw/uc3m/test/00188.jpg,5184,3888
uc3m,test,,data_raw/uc3m/test/00201.jpg,5184,3888
uc3m,test,,data_raw/uc3m/test/00204.jpg,5184,3888
uc3m,test,,data_raw/uc3m/test/00207.jpg,5184,3888
uc3m,test,,data_raw/uc3m/test/00211.jpg,5184,3888
uc3m,test,,data_raw/uc3m/test/00215.jpg,5184,3888
uc3m,test,,data_raw/uc3m/test/00217.jpg,5184,3888
uc3m,test,,data_raw/uc3m/test/00218.jpg,5184,3888
uc3m,test,,data_raw/uc3m/test/00220.jpg,5184,3888
uc3m,test,,data_raw/uc3m/test/00223.jpg,5184,3888
uc3m,test,,data_raw/uc3m/test/00227.jpg,5184,3888
uc3m,test,,data_raw/uc3m/test/00229.jpg,5184,3888
uc3m,test,,data_raw/uc3m/test/00236.jpg,5184,3888
uc3m,test,,data_raw/uc3m/test/00247.jpg,5184,3888
uc3m,test,,data_raw/uc3m/test/00251.jpg,5184,3888
uc3m,test,,data_raw/uc3m/test/00256.jpg,5184,3888
uc3m,test,,data_raw/uc3m/test/00263.jpg,5184,3888
uc3m,test,,data_raw/uc3m/test/00266.jpg,5184,3888
uc3m,test,,data_raw/uc3m/test/00268.jpg,5184,3888
uc3m,test,,data_raw/uc3m/test/00270.jpg,5184,3888
uc3m,test,,data_raw/uc3m/test/00290.jpg,5184,3888
uc3m,test,,data_raw/uc3m/test/00293.jpg,5184,3888
uc3m,test,,data_raw/uc3m/test/00296.jpg,5184,3888
uc3m,test,,data_raw/uc3m/test/00298.jpg,5184,3888
uc3m,test,,data_raw/uc3m/test/00300.jpg,5184,3888
uc3m,test,,data_raw/uc3m/test/00302.jpg,5184,3888
uc3m,test,,data_raw/uc3m/test/00308.jpg,5184,3888
uc3m,test,,data_raw/uc3m/test/00310.jpg,5184,3888
uc3m,test,,data_raw/uc3m/test/00311.jpg,5184,3888
uc3m,test,,data_raw/uc3m/test/00312.jpg,5184,3888
uc3m,test,,data_raw/uc3m/test/00320.jpg,5184,3888
uc3m,test,,data_raw/uc3m/test/00326.jpg,5184,3888
uc3m,test,,data_raw/uc3m/test/00327.jpg,5184,3888
uc3m,test,,data_raw/uc3m/test/00337.jpg,5184,3888
uc3m,test,,data_raw/uc3m/test/00340.jpg,5184,3888
uc3m,test,,data_raw/uc3m/test/00348.jpg,5184,3888
uc3m,test,,data_raw/uc3m/test/00353.jpg,5184,3888
uc3m,test,,data_raw/uc3m/test/00358.jpg,5184,3888
uc3m,test,,data_raw/uc3m/test/00362.jpg,5184,3888
uc3m,test,,data_raw/uc3m/test/00374.jpg,5184,3888
uc3m,test,,data_raw/uc3m/test/00376.jpg,5184,3888
uc3m,test,,data_raw/uc3m/test/00382.jpg,5184,3888
uc3m,test,,data_raw/uc3m/test/00384.jpg,5184,3888
uc3m,test,,data_raw/uc3m/test/00386.jpg,5184,3888
uc3m,test,,data_raw/uc3m/test/00390.jpg,5184,3888
uc3m,test,,data_raw/uc3m/test/00393.jpg,5184,3888
uc3m,test,,data_raw/uc3m/test/00405.jpg,5184,3888
uc3m,test,,data_raw/uc3m/test/00407.jpg,5184,3888
uc3m,test,,data_raw/uc3m/test/00414.jpg,6960,4640
uc3m,test,,data_raw/uc3m/test/00420.jpg,6960,4640
uc3m,test,,data_raw/uc3m/test/00421.jpg,6960,4640
uc3m,test,,data_raw/uc3m/test/00440.jpg,6960,4640
uc3m,test,,data_raw/uc3m/test/00441.jpg,6960,4640
uc3m,test,,data_raw/uc3m/test/00445.jpg,6960,4640
uc3m,test,,data_raw/uc3m/test/00447.jpg,6960,4640
uc3m,test,,data_raw/uc3m/test/00478.jpg,6960,4640
uc3m,test,,data_raw/uc3m/test/00479.jpg,6960,4640
uc3m,test,,data_raw/uc3m/test/00495.jpg,6960,4640
uc3m,test,,data_raw/uc3m/test/00505.jpg,6960,4640
uc3m,test,,data_raw/uc3m/test/00509.jpg,6960,4640
uc3m,test,,data_raw/uc3m/test/00510.jpg,6960,4640
uc3m,test,,data_raw/uc3m/test/00511.jpg,6960,4640
uc3m,test,,data_raw/uc3m/test/00513.jpg,6960,4640
uc3m,test,,data_raw/uc3m/test/00523.jpg,6960,4640
uc3m,test,,data_raw/uc3m/test/00531.jpg,6960,4640
uc3m,test,,data_raw/uc3m/test/00533.jpg,6960,4640
uc3m,test,,data_raw/uc3m/test/00553.jpg,9248,6944
uc3m,test,,data_raw/uc3m/test/00555.jpg,9248,6944
uc3m,test,,data_raw/uc3m/test/00560.jpg,9248,6944
uc3m,test,,data_raw/uc3m/test/00573.jpg,9248,6944
uc3m,test,,data_raw/uc3m/test/00577.jpg,9248,6944
uc3m,test,,data_raw/uc3m/test/00578.jpg,9248,6944
uc3m,test,,data_raw/uc3m/test/00588.jpg,9248,6944
uc3m,test,,data_raw/uc3m/test/00589.jpg,9248,6944
uc3m,test,,data_raw/uc3m/test/00591.jpg,9248,6944
uc3m,test,,data_raw/uc3m/test/00606.jpg,9248,6944
uc3m,test,,data_raw/uc3m/test/00611.jpg,9248,6944
uc3m,test,,data_raw/uc3m/test/00615.jpg,9248,6944
uc3m,test,,data_raw/uc3m/test/00617.jpg,9248,6944
uc3m,test,,data_raw/uc3m/test/00624.jpg,9248,6944
uc3m,test,,data_raw/uc3m/test/00644.jpg,9248,6944
uc3m,test,,data_raw/uc3m/test/00650.jpg,9248,6944
uc3m,test,,data_raw/uc3m/test/00654.jpg,9248,6944
uc3m,test,,data_raw/uc3m/test/00656.jpg,9248,6944
uc3m,test,,data_raw/uc3m/test/00662.jpg,9248,6944
uc3m,test,,data_raw/uc3m/test/00668.jpg,9248,6944
uc3m,test,,data_raw/uc3m/test/00669.jpg,9248,6944
uc3m,test,,data_raw/uc3m/test/00688.jpg,9248,6944
uc3m,test,,data_raw/uc3m/test/00694.jpg,9248,6944
uc3m,test,,data_raw/uc3m/test/00698.jpg,6944,9248
uc3m,test,,data_raw/uc3m/test/00716.jpg,9248,6944
uc3m,test,,data_raw/uc3m/test/00717.jpg,9248,6944
uc3m,test,,data_raw/uc3m/test/00722.jpg,9248,6944
uc3m,test,,data_raw/uc3m/test/00726.jpg,4480,2016
uc3m,test,,data_raw/uc3m/test/00741.jpg,4480,2016
uc3m,test,,data_raw/uc3m/test/00742.jpg,4480,2016
uc3m,test,,data_raw/uc3m/test/00751.jpg,6944,9248
uc3m,test,,data_raw/uc3m/test/00756.jpg,5184,3888
uc3m,test,,data_raw/uc3m/test/00762.jpg,5184,3888
uc3m,test,,data_raw/uc3m/test/00763.jpg,5184,3888
uc3m,test,,data_raw/uc3m/test/00765.jpg,5184,3888
uc3m,test,,data_raw/uc3m/test/00771.jpg,5184,3888
uc3m,test,,data_raw/uc3m/test/00776.jpg,5184,3888
uc3m,test,,data_raw/uc3m/test/00786.jpg,5184,3888
uc3m,test,,data_raw/uc3m/test/00798.jpg,5184,3888
uc3m,test,,data_raw/uc3m/test/00799.jpg,5184,3888
uc3m,test,,data_raw/uc3m/test/00804.jpg,5184,3888
uc3m,test,,data_raw/uc3m/test/00806.jpg,5184,3888
uc3m,test,,data_raw/uc3m/test/00808.jpg,5184,3888
uc3m,test,,data_raw/uc3m/test/00813.jpg,5184,3888
uc3m,test,,data_raw/uc3m/test/00814.jpg,5184,3888
uc3m,test,,data_raw/uc3m/test/00816.jpg,5184,3888
uc3m,test,,data_raw/uc3m/test/00817.jpg,5184,3888
uc3m,test,,data_raw/uc3m/test/00818.jpg,5184,3888
uc3m,test,,data_raw/uc3m/test/00831.jpg,5184,3888
uc3m,test,,data_raw/uc3m/test/00834.jpg,5184,3888
uc3m,test,,data_raw/uc3m/test/00836.jpg,5184,3888
uc3m,test,,data_raw/uc3m/test/00839.jpg,5184,3888
uc3m,test,,data_raw/uc3m/test/00841.jpg,5184,3888
uc3m,test,,data_raw/uc3m/test/00842.jpg,5184,3888
uc3m,test,,data_raw/uc3m/test/00844.jpg,5184,3888
uc3m,test,,data_raw/uc3m/test/00848.jpg,5184,3888
uc3m,test,,data_raw/uc3m/test/00855.jpg,5184,3888
uc3m,test,,data_raw/uc3m/test/00857.jpg,5184,3888
uc3m,test,,data_raw/uc3m/test/00863.jpg,5184,3888
uc3m,test,,data_raw/uc3m/test/00867.jpg,5184,3888
uc3m,test,,data_raw/uc3m/test/00871.jpg,5184,3888
uc3m,test,,data_raw/uc3m/test/00873.jpg,5184,3888
uc3m,test,,data_raw/uc3m/test/00875.jpg,5184,3888
uc3m,test,,data_raw/uc3m/test/00879.jpg,5184,3888
uc3m,test,,data_raw/uc3m/test/00883.jpg,5184,3888
uc3m,test,,data_raw/uc3m/test/00886.jpg,5184,3888
uc3m,test,,data_raw/uc3m/test/00897.jpg,5184,3888
uc3m,test,,data_raw/uc3m/test/00898.jpg,5184,3888
uc3m,test,,data_raw/uc3m/test/00899.jpg,5184,3888
uc3m,test,,data_raw/uc3m/test/00901.jpg,5184,3888
uc3m,test,,data_raw/uc3m/test/00903.jpg,5184,3888
uc3m,test,,data_raw/uc3m/test/00908.jpg,5184,3888
uc3m,test,,data_raw/uc3m/test/00910.jpg,5184,3888
uc3m,test,,data_raw/uc3m/test/00915.jpg,5184,3888
uc3m,test,,data_raw/uc3m/test/00929.jpg,5184,3888
uc3m,test,,data_raw/uc3m/test/00936.jpg,5184,3888
uc3m,test,,data_raw/uc3m/test/00948.jpg,5184,3888
uc3m,test,,data_raw/uc3m/test/00958.jpg,5184,3888
uc3m,test,,data_raw/uc3m/test/00961.jpg,5184,3888
uc3m,test,,data_raw/uc3m/test/00963.jpg,5184,3888
uc3m,test,,data_raw/uc3m/test/00967.jpg,5184,3888
uc3m,test,,data_raw/uc3m/test/00968.jpg,5184,3888
uc3m,test,,data_raw/uc3m/test/00976.jpg,5184,3888
uc3m,test,,data_raw/uc3m/test/00978.jpg,5184,3888
uc3m,test,,data_raw/uc3m/test/00979.jpg,5184,3888
uc3m,test,,data_raw/uc3m/test/00988.jpg,5184,3888
uc3m,test,,data_raw/uc3m/test/00991.jpg,5184,3888
uc3m,test,,data_raw/uc3m/test/00994.jpg,5184,3888
uc3m,test,,data_raw/uc3m/test/01000.jpg,5184,3888
uc3m,test,,data_raw/uc3m/test/01003.jpg,5184,3888
uc3m,test,,data_raw/uc3m/test/01004.jpg,5184,3888
uc3m,test,,data_raw/uc3m/test/01009.jpg,5184,3888
uc3m,test,,data_raw/uc3m/test/01013.jpg,5184,3888
uc3m,test,,data_raw/uc3m/test/01016.jpg,5184,3888
uc3m,test,,data_raw/uc3m/test/01026.jpg,5184,3888
uc3m,test,,data_raw/uc3m/test/01039.jpg,5184,3888
uc3m,test,,data_raw/uc3m/test/01043.jpg,5184,3888
uc3m,test,,data_raw/uc3m/test/01050.jpg,5184,3888
uc3m,test,,data_raw/uc3m/test/01053.jpg,5184,3888
uc3m,test,,data_raw/uc3m/test/01063.jpg,5184,3888
uc3m,test,,data_raw/uc3m/test/01065.jpg,5184,3888
uc3m,test,,data_raw/uc3m/test/01070.jpg,5184,3888
uc3m,test,,data_raw/uc3m/test/01073.jpg,5184,3888
uc3m,test,,data_raw/uc3m/test/01077.jpg,5184,3888
uc3m,test,,data_raw/uc3m/test/01082.jpg,5184,3888
uc3m,test,,data_raw/uc3m/test/01083.jpg,5184,3888
uc3m,test,,data_raw/uc3m/test/01090.jpg,5184,3888
uc3m,test,,data_raw/uc3m/test/01093.jpg,5184,3888
uc3m,test,,data_raw/uc3m/test/01094.jpg,5184,3888
uc3m,test,,data_raw/uc3m/test/01117.jpg,5184,3888
uc3m,test,,data_raw/uc3m/test/01121.jpg,5184,3888
uc3m,test,,data_raw/uc3m/test/01122.jpg,5184,3888
uc3m,test,,data_raw/uc3m/test/01127.jpg,5184,3888
uc3m,test,,data_raw/uc3m/test/01128.jpg,5184,3888
uc3m,test,,data_raw/uc3m/test/01134.jpg,5184,3888
uc3m,test,,data_raw/uc3m/test/01138.jpg,5184,3888
uc3m,test,,data_raw/uc3m/test/01142.jpg,5184,3888
uc3m,test,,data_raw/uc3m/test/01146.jpg,5184,3888
uc3m,test,,data_raw/uc3m/test/01150.jpg,5184,3888
uc3m,test,,data_raw/uc3m/test/01151.jpg,5184,3888
uc3m,test,,data_raw/uc3m/test/01153.jpg,5184,3888
uc3m,test,,data_raw/uc3m/test/01154.jpg,5184,3888
uc3m,test,,data_raw/uc3m/test/01155.jpg,5184,3888
uc3m,test,,data_raw/uc3m/test/01163.jpg,5184,3888
uc3m,test,,data_raw/uc3m/test/01170.jpg,6960,4640
uc3m,test,,data_raw/uc3m/test/01172.jpg,6960,4640
uc3m,test,,data_raw/uc3m/test/01182.jpg,6960,4640
uc3m,test,,data_raw/uc3m/test/01191.jpg,6960,4640
uc3m,test,,data_raw/uc3m/test/01201.jpg,6960,4640
uc3m,test,,data_raw/uc3m/test/01206.jpg,6960,4640
uc3m,test,,data_raw/uc3m/test/01209.jpg,6960,4640
uc3m,test,,data_raw/uc3m/test/01214.jpg,6960,4640
uc3m,test,,data_raw/uc3m/test/01215.jpg,6960,4640
uc3m,test,,data_raw/uc3m/test/01220.jpg,6960,4640
uc3m,test,,data_raw/uc3m/test/01227.jpg,6960,4640
uc3m,test,,data_raw/uc3m/test/01234.jpg,6960,4640
uc3m,test,,data_raw/uc3m/test/01236.jpg,6960,4640
uc3m,test,,data_raw/uc3m/test/01237.jpg,6960,4640
uc3m,test,,data_raw/uc3m/test/01242.jpg,6960,4640
uc3m,test,,data_raw/uc3m/test/01248.jpg,6960,4640
uc3m,test,,data_raw/uc3m/test/01251.jpg,6960,4640
uc3m,test,,data_raw/uc3m/test/01260.jpg,6960,4640
uc3m,test,,data_raw/uc3m/test/01267.jpg,6960,4640
uc3m,test,,data_raw/uc3m/test/01271.jpg,6960,4640
uc3m,test,,data_raw/uc3m/test/01275.jpg,6960,4640
uc3m,test,,data_raw/uc3m/test/01276.jpg,6960,4640
uc3m,test,,data_raw/uc3m/test/01288.jpg,6960,4640
uc3m,test,,data_raw/uc3m/test/01306.jpg,6960,4640
uc3m,test,,data_raw/uc3m/test/01307.jpg,6960,4640
uc3m,test,,data_raw/uc3m/test/01319.jpg,6960,4640
uc3m,test,,data_raw/uc3m/test/01322.jpg,6960,4640
uc3m,test,,data_raw/uc3m/test/01339.jpg,6960,4640
uc3m,test,,data_raw/uc3m/test/01341.jpg,6960,4640
uc3m,test,,data_raw/uc3m/test/01345.jpg,6960,4640
uc3m,test,,data_raw/uc3m/test/01348.jpg,6960,4640
uc3m,test,,data_raw/uc3m/test/01363.jpg,6960,4640
uc3m,test,,data_raw/uc3m/test/01379.jpg,6960,4640
uc3m,test,,data_raw/uc3m/test/01384.jpg,6960,4640
uc3m,test,,data_raw/uc3m/test/01395.jpg,6960,4640
uc3m,test,,data_raw/uc3m/test/01401.jpg,6960,4640
uc3m,test,,data_raw/uc3m/test/01404.jpg,6960,4640
uc3m,test,,data_raw/uc3m/test/01414.jpg,6960,4640
uc3m,test,,data_raw/uc3m/test/01417.jpg,6960,4640
uc3m,test,,data_raw/uc3m/test/01423.jpg,6960,4640
uc3m,test,,data_raw/uc3m/test/01424.jpg,6960,4640
uc3m,test,,data_raw/uc3m/test/01425.jpg,6960,4640
uc3m,test,,data_raw/uc3m/test/01433.jpg,6960,4640
uc3m,test,,data_raw/uc3m/test/01437.jpg,6960,4640
uc3m,test,,data_raw/uc3m/test/01438.jpg,6960,4640
uc3m,test,,data_raw/uc3m/test/01439.jpg,6960,4640
uc3m,test,,data_raw/uc3m/test/01445.jpg,6960,4640
uc3m,test,,data_raw/uc3m/test/01447.jpg,6960,4640
uc3m,test,,data_raw/uc3m/test/01454.jpg,6960,4640
uc3m,test,,data_raw/uc3m/test/01457.jpg,6960,4640
uc3m,test,,data_raw/uc3m/test/01458.jpg,6960,4640
uc3m,test,,data_raw/uc3m/test/01459.jpg,6960,4640
uc3m,test,,data_raw/uc3m/test/01460.jpg,6960,4640
uc3m,test,,data_raw/uc3m/test/01461.jpg,6960,4640
uc3m,test,,data_raw/uc3m/test/01465.jpg,6960,4640
uc3m,test,,data_raw/uc3m/test/01466.jpg,6960,4640
uc3m,test,,data_raw/uc3m/test/01477.jpg,6960,4640
uc3m,test,,data_raw/uc3m/test/01487.jpg,6960,4640
uc3m,test,,data_raw/uc3m/test/01489.jpg,6960,4640
uc3m,test,,data_raw/uc3m/test/01494.jpg,6960,4640
uc3m,test,,data_raw/uc3m/test/01495.jpg,6960,4640
uc3m,test,,data_raw/uc3m/test/01500.jpg,6960,4640
uc3m,test,,data_raw/uc3m/test/01508.jpg,6960,4640
uc3m,test,,data_raw/uc3m/test/01512.jpg,6960,4640
uc3m,test,,data_raw/uc3m/test/01513.jpg,6960,4640
uc3m,test,,data_raw/uc3m/test/01515.jpg,6960,4640
uc3m,test,,data_raw/uc3m/test/01517.jpg,6960,4640
uc3m,test,,data_raw/uc3m/test/01518.jpg,6960,4640
uc3m,test,,data_raw/uc3m/test/01519.jpg,6960,4640
uc3m,test,,data_raw/uc3m/test/01520.jpg,6960,4640
uc3m,test,,data_raw/uc3m/test/01523.jpg,6960,4640
uc3m,test,,data_raw/uc3m/test/01525.jpg,6960,4640
uc3m,test,,data_raw/uc3m/test/01528.jpg,6960,4640
uc3m,test,,data_raw/uc3m/test/01529.jpg,6960,4640
uc3m,test,,data_raw/uc3m/test/01531.jpg,6960,4640
uc3m,test,,data_raw/uc3m/test/01533.jpg,6960,4640
uc3m,test,,data_raw/uc3m/test/01544.jpg,6960,4640
uc3m,test,,data_raw/uc3m/test/01546.jpg,6960,4640
uc3m,test,,data_raw/uc3m/test/01547.jpg,6960,4640
uc3m,test,,data_raw/uc3m/test/01560.jpg,6960,4640
uc3m,test,,data_raw/uc3m/test/01563.jpg,6960,4640
uc3m,test,,data_raw/uc3m/test/01565.jpg,6960,4640
uc3m,test,,data_raw/uc3m/test/01566.jpg,6960,4640
uc3m,test,,data_raw/uc3m/test/01567.jpg,6960,4640
uc3m,test,,data_raw/uc3m/test/01569.jpg,6960,4640
uc3m,test,,data_raw/uc3m/test/01574.jpg,6960,4640
uc3m,test,,data_raw/uc3m/test/01576.jpg,6960,4640
uc3m,test,,data_raw/uc3m/test/01582.jpg,6960,4640
uc3m,test,,data_raw/uc3m/test/01585.jpg,6960,4640
uc3m,test,,data_raw/uc3m/test/01595.jpg,6960,4640
uc3m,test,,data_raw/uc3m/test/01596.jpg,6960,4640
uc3m,test,,data_raw/uc3m/test/01597.jpg,6960,4640
uc3m,test,,data_raw/uc3m/test/01598.jpg,6960,4640
uc3m,test,,data_raw/uc3m/test/01607.jpg,6960,4640
uc3m,test,,data_raw/uc3m/test/01621.jpg,6960,4640
uc3m,test,,data_raw/uc3m/test/01626.jpg,6960,4640
uc3m,test,,data_raw/uc3m/test/01629.jpg,6960,4640
uc3m,test,,data_raw/uc3m/test/01638.jpg,6960,4640
uc3m,test,,data_raw/uc3m/test/01641.jpg,6960,4640
uc3m,test,,data_raw/uc3m/test/01646.jpg,6960,4640
uc3m,test,,data_raw/uc3m/test/01648.jpg,6960,4640
uc3m,test,,data_raw/uc3m/test/01651.jpg,6960,4640
uc3m,test,,data_raw/uc3m/test/01653.jpg,6960,4640
uc3m,test,,data_raw/uc3m/test/01658.jpg,6960,4640
uc3m,test,,data_raw/uc3m/test/01662.jpg,6960,4640
uc3m,test,,data_raw/uc3m/test/01665.jpg,6960,4640
uc3m,test,,data_raw/uc3m/test/01667.jpg,6960,4640
uc3m,test,,data_raw/uc3m/test/01669.jpg,6960,4640
uc3m,test,,data_raw/uc3m/test/01678.jpg,6960,4640
uc3m,test,,data_raw/uc3m/test/01680.jpg,6960,4640
uc3m,test,,data_raw/uc3m/test/01684.jpg,6960,4640
uc3m,test,,data_raw/uc3m/test/01685.jpg,6960,4640
uc3m,test,,data_raw/uc3m/test/01687.jpg,6960,4640
uc3m,test,,data_raw/uc3m/test/01688.jpg,6960,4640
uc3m,test,,data_raw/uc3m/test/01692.jpg,6960,4640
uc3m,test,,data_raw/uc3m/test/01707.jpg,6960,4640
uc3m,test,,data_raw/uc3m/test/01709.jpg,6960,4640
uc3m,test,,data_raw/uc3m/test/01710.jpg,6960,4640
uc3m,test,,data_raw/uc3m/test/01718.jpg,6960,4640
uc3m,test,,data_raw/uc3m/test/01719.jpg,6960,4640
uc3m,test,,data_raw/uc3m/test/01720.jpg,6960,4640
uc3m,test,,data_raw/uc3m/test/01736.jpg,6960,4640
uc3m,test,,data_raw/uc3m/test/01740.jpg,6960,4640
uc3m,test,,data_raw/uc3m/test/01744.jpg,6960,4640
uc3m,test,,data_raw/uc3m/test/01748.jpg,6960,4640
uc3m,test,,data_raw/uc3m/test/01761.jpg,6960,4640
uc3m,test,,data_raw/uc3m/test/01769.jpg,6960,4640
uc3m,test,,data_raw/uc3m/test/01772.jpg,6960,4640
uc3m,test,,data_raw/uc3m/test/01782.jpg,6960,4640
uc3m,test,,data_raw/uc3m/test/01783.jpg,6960,4640
uc3m,test,,data_raw/uc3m/test/01787.jpg,6960,4640
uc3m,test,,data_raw/uc3m/test/01792.jpg,6960,4640
uc3m,test,,data_raw/uc3m/test/01796.jpg,6960,4640
uc3m,test,,data_raw/uc3m/test/01803.jpg,6960,4640
uc3m,test,,data_raw/uc3m/test/01809.jpg,6960,4640
uc3m,test,,data_raw/uc3m/test/01817.jpg,6960,4640
uc3m,test,,data_raw/uc3m/test/01821.jpg,6960,4640
uc3m,test,,data_raw/uc3m/test/01829.jpg,6960,4640
uc3m,test,,data_raw/uc3m/test/01831.jpg,6960,4640
uc3m,test,,data_raw/uc3m/test/01832.jpg,6960,4640
uc3m,test,,data_raw/uc3m/test/01841.jpg,6960,4640
uc3m,test,,data_raw/uc3m/test/01843.jpg,6960,4640
uc3m,test,,data_raw/uc3m/test/01844.jpg,6960,4640
uc3m,test,,data_raw/uc3m/test/01849.jpg,6960,4640
uc3m,test,,data_raw/uc3m/test/01856.jpg,2048,1536
uc3m,test,,data_raw/uc3m/test/01858.jpg,2048,1536
uc3m,test,,data_raw/uc3m/test/01862.jpg,2048,1536
uc3m,test,,data_raw/uc3m/test/01864.jpg,2048,1536
uc3m,test,,data_raw/uc3m/test/01865.jpg,2048,1536
uc3m,test,,data_raw/uc3m/test/01867.jpg,2048,1536
uc3m,test,,data_raw/uc3m/test/01871.jpg,2048,1536
uc3m,test,,data_raw/uc3m/test/01876.jpg,1536,2048
uc3m,test,,data_raw/uc3m/test/01883.jpg,2048,1536
uc3m,test,,data_raw/uc3m/test/01892.jpg,2048,1536
uc3m,test,,data_raw/uc3m/test/01896.jpg,2048,1536
uc3m,test,,data_raw/uc3m/test/01898.jpg,2048,1536
uc3m,test,,data_raw/uc3m/test/01902.jpg,2048,1536
uc3m,test,,data_raw/uc3m/test/01903.jpg,2048,1536
uc3m,test,,data_raw/uc3m/test/01910.jpg,2048,1536
uc3m,test,,data_raw/uc3m/test/01921.jpg,2048,1536
uc3m,test,,data_raw/uc3m/test/01924.jpg,2048,1536
uc3m,test,,data_raw/uc3m/test/01932.jpg,2016,4480
uc3m,test,,data_raw/uc3m/test/01941.jpg,2016,4480
uc3m,test,,data_raw/uc3m/test/01942.jpg,2016,4480
uc3m,test,,data_raw/uc3m/test/01945.jpg,2016,4480
uc3m,test,,data_raw/uc3m/test/01950.jpg,2016,4480
uc3m,test,,data_raw/uc3m/test/01963.jpg,2016,4480
uc3m,test,,data_raw/uc3m/test/01969.jpg,2016,4480
uc3m,test,,data_raw/uc3m/test/01974.jpg,2016,4480
