source,split,image_path,vehicle_id,plate_id,plate_text,x1,y1,x2,y2,x3,y3,x4,y4,aspect_ratio,n_rows,plate_shape,lighting,masked_chars,view,format,glare,blur
uc3m,train,data_raw/uc3m/train/00001.jpg,,AN-074*C*V,074*C*V,2088.0,1637.0,3061.0,1406.0,3090.0,1613.0,2127.0,1873.0,4.456553,1,single_row,night,2,,,,
uc3m,train,data_raw/uc3m/train/00002.jpg,,AN-*385*MW,*385*MW,2065.0,1420.0,2847.0,1320.0,2872.0,1497.0,2097.0,1621.0,4.1152864,1,single_row,night,2,,,,
uc3m,train,data_raw/uc3m/train/00002.jpg,,AN-38*3*PV,38*3*PV,4659.0,1516.0,5000.0,1439.0,4993.0,1551.0,4656.0,1632.0,3.049993,1,single_row,night,2,,,,
uc3m,train,data_raw/uc3m/train/00003.jpg,,DN-01*3*TD,01*3*TD,2377.0,1929.0,3072.0,1774.0,3109.0,1927.0,2414.0,2114.0,4.1372433,1,single_row,night,2,,,,
uc3m,train,data_raw/uc3m/train/00003.jpg,,AN-874**HP,874**HP,4173.0,944.0,4524.0,908.0,4550.0,1046.0,4196.0,1078.0,2.5626516,1,single_row,night,2,,,,
uc3m,train,data_raw/uc3m/train/00004.jpg,,DN-01*3*TD,01*3*TD,1828.0,2073.0,2771.0,1934.0,2796.0,2125.0,1855.0,2274.0,4.8197937,1,single_row,night,2,,,,
uc3m,train,data_raw/uc3m/train/00005.jpg,,AN-874**HP,874**HP,2300.0,1468.0,2835.0,1424.0,2851.0,1531.0,2316.0,1575.0,4.9617157,1,single_row,night,2,,,,
uc3m,train,data_raw/uc3m/train/00006.jpg,,AN-191*LJ*,191*LJ*,2576.0,1763.0,2806.0,1692.0,2807.0,1767.0,2578.0,1843.0,3.1089866,1,single_row,night,2,,,,
uc3m,train,data_raw/uc3m/train/00006.jpg,,AN-3*24*HW,3*24*HW,3114.0,1472.0,3254.0,1437.0,3262.0,1495.0,3120.0,1529.0,2.505716,1,single_row,night,2,,,,
uc3m,train,data_raw/uc3m/train/00007.jpg,,AN-191*LJ*,191*LJ*,1573.0,1921.0,2578.0,1854.0,2586.0,2030.0,1610.0,2100.0,5.531831,1,single_row,night,2,,,,
uc3m,train,data_raw/uc3m/train/00008.jpg,,AN-3*24*HW,3*24*HW,2361.0,2132.0,3286.0,1970.0,3302.0,2156.0,2399.0,2330.0,4.786732,1,single_row,night,2,,,,
uc3m,train,data_raw/uc3m/train/00009.jpg,,AN-79*2*MS,79*2*MS,2521.0,1675.0,3198.0,1559.0,3244.0,1705.0,2568.0,1837.0,4.275401,1,single_row,night,2,,,,
uc3m,train,data_raw/uc3m/train/00010.jpg,,AN-6*14*BM,6*14*BM,2156.0,1935.0,3111.0,1810.0,3128.0,1985.0,2185.0,2134.0,5.088124,1,single_row,night,2,,,,
uc3m,train,data_raw/uc3m/train/00011.jpg,,BN-695*B*D,695*B*D,2524.0,1511.0,3024.0,1520.0,3020.0,1890.0,2507.0,1874.0,1.381652,2,two_row,night,2,,,,
uc3m,train,data_raw/uc3m/train/00012.jpg,,AN-M5*73X*,M5*73X*,2572.0,1954.0,2915.0,1867.0,2914.0,1952.0,2576.0,2042.0,4.065002,1,single_row,night,2,,,,
uc3m,train,data_raw/uc3m/train/00013.jpg,,BN-68*1LT*,68*1LT*,2779.0,1599.0,3057.0,1488.0,3171.0,1721.0,2898.0,1842.0,1.1282861,2,two_row,night,2,,,,
uc3m,train,data_raw/uc3m/train/00017.jpg,,AN-64*5*GZ,64*5*GZ,1715.0,2181.0,2590.0,2278.0,2578.0,2457.0,1724.0,2354.0,4.9358273,1,single_row,night,2,,,,
uc3m,train,data_raw/uc3m/train/00018.jpg,,AN-710*JZ*,710*JZ*,1924.0,2295.0,2853.0,2365.0,2853.0,2540.0,1932.0,2457.0,5.505279,1,single_row,night,2,,,,
uc3m,train,data_raw/uc3m/train/00019.jpg,,AN-88*0CC*,88*0CC*,1799.0,2352.0,2662.0,2454.0,2658.0,2629.0,1801.0,2514.0,5.14359,1,single_row,night,2,,,,
uc3m,train,data_raw/uc3m/train/00020.jpg,,AN-16*9*PZ,16*9*PZ,603.0,2171.0,1384.0,2231.0,1392.0,2407.0,636.0,2335.0,4.491592,1,single_row,night,2,,,,
uc3m,train,data_raw/uc3m/train/00021.jpg,,AN-402*J*P,402*J*P,2161.0,1861.0,2868.0,1930.0,2867.0,2076.0,2168.0,1993.0,5.083846,1,single_row,night,2,,,,
uc3m,train,data_raw/uc3m/train/00023.jpg,,AD-0*54*PX,0*54*PX,2153.0,1770.0,3120.0,2074.0,3107.0,2265.0,2166.0,1954.0,5.3331127,1,single_row,day,2,,,,
uc3m,train,data_raw/uc3m/train/00025.jpg,,AD-496**TM,496**TM,2674.0,1084.0,2946.0,1042.0,2955.0,1098.0,2683.0,1138.0,4.9356885,1,single_row,day,2,,,,
uc3m,train,data_raw/uc3m/train/00026.jpg,,AD-24*0JV*,24*0JV*,1792.0,2221.0,2605.0,2150.0,2621.0,2307.0,1826.0,2368.0,5.226637,1,single_row,day,2,,,,
uc3m,train,data_raw/uc3m/train/00026.jpg,,AD-496**TM,496**TM,3775.0,1125.0,4079.0,1091.0,4080.0,1154.0,3777.0,1186.0,4.92242,1,single_row,day,2,,,,
uc3m,train,data_raw/uc3m/train/00027.jpg,,AD-86*7KT*,86*7KT*,2421.0,1608.0,3321.0,1661.0,3315.0,1836.0,2438.0,1771.0,5.253785,1,single_row,day,2,,,,
uc3m,train,data_raw/uc3m/train/00028.jpg,,AD-1*15*GX,1*15*GX,2057.0,1930.0,2980.0,2023.0,2974.0,2203.0,2063.0,2101.0,5.251534,1,single_row,day,2,,,,
uc3m,train,data_raw/uc3m/train/00029.jpg,,AD-0*10*LV,0*10*LV,2202.0,1618.0,2463.0,1612.0,2464.0,1662.0,2204.0,1666.0,5.3145432,1,single_row,day,2,,,,
uc3m,train,data_raw/uc3m/train/00029.jpg,,AD-274**KC,274**KC,4471.0,1719.0,4743.0,1715.0,4737.0,1771.0,4462.0,1773.0,4.925358,1,single_row,day,2,,,,
uc3m,train,data_raw/uc3m/train/00029.jpg,,AD-*897JY*,*897JY*,3303.0,1428.0,3415.0,1426.0,3415.0,1449.0,3304.0,1450.0,4.9535522,1,single_row,day,2,,,,
uc3m,train,data_raw/uc3m/train/00030.jpg,,AD-0*10*LV,0*10*LV,296.0,1816.0,634.0,1806.0,636.0,1861.0,300.0,1876.0,5.8564315,1,single_row,day,2,,,,
uc3m,train,data_raw/uc3m/train/00030.jpg,,AD-274**KC,274**KC,2645.0,1887.0,2859.0,1881.0,2856.0,1930.0,2642.0,1935.0,4.40542,1,single_row,day,2,,,,
uc3m,train,data_raw/uc3m/train/00030.jpg,,AD-*897JY*,*897JY*,1613.0,1611.0,1726.0,1611.0,1727.0,1635.0,1613.0,1634.0,4.8277416,1,single_row,day,2,,,,
uc3m,train,data_raw/uc3m/train/00030.jpg,,AD-433**NP,433**NP,4178.0,1639.0,4293.0,1636.0,4301.0,1669.0,4185.0,1672.0,3.4137619,1,single_row,day,2,,,,
uc3m,train,data_raw/uc3m/train/00031.jpg,,AD-4*83*PB,4*83*PB,2720.0,1649.0,3699.0,1674.0,3707.0,1870.0,2753.0,1828.0,5.114614,1,single_row,day,2,,,,
uc3m,train,data_raw/uc3m/train/00031.jpg,,AD-335*L*P,335*L*P,695.0,1122.0,892.0,1106.0,905.0,1163.0,705.0,1173.0,3.603017,1,single_row,day,2,,,,
uc3m,train,data_raw/uc3m/train/00032.jpg,,AD-572**XF,572**XF,2564.0,1409.0,2902.0,1391.0,2905.0,1468.0,2565.0,1477.0,4.6778646,1,single_row,day,2,,,,
uc3m,train,data_raw/uc3m/train/00032.jpg,,AD-335*L*P,335*L*P,149.0,1765.0,461.0,1743.0,472.0,1811.0,165.0,1831.0,4.535418,1,single_row,day,2,,,,
uc3m,train,data_raw/uc3m/train/00033.jpg,,AD-23*6KZ*,23*6KZ*,1290.0,1790.0,2190.0,1790.0,2178.0,2020.0,1270.0,1990.0,4.1930256,1,single_row,day,2,,,,
uc3m,train,data_raw/uc3m/train/00034.jpg,,AD-948**FC,948**FC,2286.0,668.0,2804.0,690.0,2794.0,806.0,2279.0,777.0,4.583474,1,single_row,day,2,,,,
uc3m,train,data_raw/uc3m/train/00036.jpg,,AD-87*2*GT,87*2*GT,1982.0,2195.0,2957.0,2128.0,2949.0,2290.0,1990.0,2374.0,5.6827974,1,single_row,day,2,,,,
uc3m,train,data_raw/uc3m/train/00040.jpg,,AD-36*7LV*,36*7LV*,2188.0,1839.0,2378.0,1799.0,2381.0,1838.0,2192.0,1874.0,5.199718,1,single_row,day,2,,,,
uc3m,train,data_raw/uc3m/train/00041.jpg,,AD-544**ZR,544**ZR,1968.0,2938.0,2141.0,2925.0,2145.0,2964.0,1975.0,2977.0,4.3637395,1,single_row,day,2,,,,
uc3m,train,data_raw/uc3m/train/00042.jpg,,AD-71*1*SW,71*1*SW,2562.0,2105.0,2809.0,2100.0,2807.0,2150.0,2558.0,2156.0,4.902564,1,single_row,day,2,,,,
uc3m,train,data_raw/uc3m/train/00043.jpg,,AD-050*FS*,050*FS*,2712.0,2808.0,2938.0,2784.0,2948.0,2835.0,2718.0,2859.0,4.437735,1,single_row,day,2,,,,
uc3m,train,data_raw/uc3m/train/00044.jpg,,AD-550*K*J,550*K*J,2679.0,2653.0,2887.0,2654.0,2885.0,2693.0,2678.0,2689.0,5.5290794,1,single_row,day,2,,,,
uc3m,train,data_raw/uc3m/train/00044.jpg,,AD-7*97*PV,7*97*PV,1860.0,2581.0,1986.0,2582.0,1986.0,2608.0,1860.0,2608.0,4.7547917,1,single_row,day,2,,,,
uc3m,train,data_raw/uc3m/train/00044.jpg,,AD-75*8*HV,75*8*HV,1369.0,2495.0,1470.0,2496.0,1468.0,2514.0,1369.0,2514.0,5.3894043,1,single_row,day,2,,,,
uc3m,train,data_raw/uc3m/train/00045.jpg,,AD-550*K*J,550*K*J,2545.0,2494.0,2793.0,2491.0,2794.0,2538.0,2546.0,2542.0,5.2204266,1,single_row,day,2,,,,
uc3m,train,data_raw/uc3m/train/00046.jpg,,AD-599**DS,599**DS,1895.0,1732.0,3084.0,1763.0,3082.0,1989.0,1899.0,1957.0,5.2607613,1,single_row,day,2,,,,
uc3m,train,data_raw/uc3m/train/00047.jpg,,AD-188*J*M,188*J*M,2337.0,1560.0,3503.0,1534.0,3498.0,1779.0,2334.0,1802.0,4.784772,1,single_row,day,2,,,,
uc3m,train,data_raw/uc3m/train/00048.jpg,,AD-316**VX,316**VX,1460.0,1293.0,2304.0,1272.0,2286.0,1479.0,1455.0,1496.0,4.078045,1,single_row,day,2,,,,
uc3m,train,data_raw/uc3m/train/00049.jpg,,AD-85*1B*D,85*1B*D,2728.0,1861.0,3148.0,1894.0,3130.0,2006.0,2717.0,1961.0,3.9092565,1,single_row,day,2,,,,
uc3m,train,data_raw/uc3m/train/00050.jpg,,AD-0*04*YN,0*04*YN,2292.0,1868.0,3425.0,1763.0,3428.0,1968.0,2307.0,2082.0,5.3978143,1,single_row,day,2,,,,
uc3m,train,data_raw/uc3m/train/00051.jpg,,AD-387**BG,387**BG,2298.0,2401.0,3416.0,2418.0,3392.0,2626.0,2282.0,2621.0,5.1821914,1,single_row,day,2,,,,
uc3m,train,data_raw/uc3m/train/00052.jpg,,AD-19*3*RZ,19*3*RZ,2251.0,2233.0,3076.0,2041.0,3111.0,2212.0,2277.0,2389.0,5.1086216,1,single_row,day,2,,,,
uc3m,train,data_raw/uc3m/train/00053.jpg,,AD-15*8*CJ,15*8*CJ,3096.0,2647.0,3223.0,2645.0,3223.0,2671.0,3097.0,2672.0,4.9592266,1,single_row,day,2,,,,
uc3m,train,data_raw/uc3m/train/00053.jpg,,AD-24*2*BV,24*2*BV,916.0,2766.0,1078.0,2764.0,1079.0,2811.0,915.0,2808.0,3.662441,1,single_row,day,2,,,,
uc3m,train,data_raw/uc3m/train/00053.jpg,,AD-27*1K*K,27*1K*K,2214.0,2671.0,2337.0,2670.0,2337.0,2699.0,2213.0,2701.0,4.185601,1,single_row,day,2,,,,
uc3m,train,data_raw/uc3m/train/00054.jpg,,AD-6*41C*R,6*41C*R,2676.0,2499.0,2794.0,2504.0,2794.0,2528.0,2676.0,2523.0,4.9210787,1,single_row,day,2,,,,
uc3m,train,data_raw/uc3m/train/00055.jpg,,AD-7*74FD*,7*74FD*,2173.0,2722.0,2314.0,2725.0,2314.0,2759.0,2173.0,2756.0,4.1479974,1,single_row,day,2,,,,
uc3m,train,data_raw/uc3m/train/00055.jpg,,AD-08*0LP*,08*0LP*,1745.0,2493.0,1844.0,2492.0,1849.0,2528.0,1748.0,2531.0,2.686535,1,single_row,day,2,,,,
uc3m,train,data_raw/uc3m/train/00056.jpg,,AD-96*1*MV,96*1*MV,2007.0,2637.0,2187.0,2631.0,2186.0,2672.0,2004.0,2675.0,4.576301,1,single_row,day,2,,,,
uc3m,train,data_raw/uc3m/train/00057.jpg,,AD-44*1*XZ,44*1*XZ,1159.0,2685.0,1480.0,2694.0,1482.0,2801.0,1164.0,2778.0,3.1973379,1,single_row,day,2,,,,
uc3m,train,data_raw/uc3m/train/00058.jpg,,AD-92*2*ST,92*2*ST,1810.0,2755.0,2081.0,2760.0,2071.0,2838.0,1797.0,2828.0,3.568555,1,single_row,day,2,,,,
uc3m,train,data_raw/uc3m/train/00059.jpg,,AD-52*4K*W,52*4K*W,1638.0,2815.0,1924.0,2813.0,1906.0,2900.0,1618.0,2897.0,3.3133314,1,single_row,day,2,,,,
uc3m,train,data_raw/uc3m/train/00060.jpg,,AD-927*FS*,927*FS*,2112.0,2725.0,2354.0,2709.0,2355.0,2769.0,2111.0,2781.0,4.196128,1,single_row,day,2,,,,
uc3m,train,data_raw/uc3m/train/00061.jpg,,AD-5*13*BR,5*13*BR,464.0,2842.0,784.0,2830.0,758.0,2936.0,446.0,2943.0,2.9863172,1,single_row,day,2,,,,
uc3m,train,data_raw/uc3m/train/00062.jpg,,AD-75*0CR*,75*0CR*,2938.0,2475.0,3079.0,2466.0,3084.0,2495.0,2943.0,2502.0,4.965297,1,single_row,day,2,,,,
uc3m,train,data_raw/uc3m/train/00063.jpg,,AD-2*52*GV,2*52*GV,1357.0,2656.0,1683.0,2660.0,1679.0,2728.0,1357.0,2728.0,4.624863,1,single_row,day,2,,,,
uc3m,train,data_raw/uc3m/train/00064.jpg,,AD-151**ZY,151**ZY,2164.0,2618.0,2421.0,2604.0,2420.0,2665.0,2161.0,2672.0,4.4875226,1,single_row,day,2,,,,
uc3m,train,data_raw/uc3m/train/00065.jpg,,AD-55*5*XV,55*5*XV,3311.0,2647.0,3536.0,2624.0,3546.0,2671.0,3320.0,2693.0,4.774764,1,single_row,day,2,,,,
uc3m,train,data_raw/uc3m/train/00066.jpg,,AD-982*JZ*,982*JZ*,1965.0,2641.0,2291.0,2643.0,2286.0,2721.0,1955.0,2715.0,4.2992144,1,single_row,day,2,,,,
uc3m,train,data_raw/uc3m/train/00067.jpg,,AD-0*35*XN,0*35*XN,2435.0,2750.0,2671.0,2745.0,2667.0,2800.0,2429.0,2800.0,4.4932237,1,single_row,day,2,,,,
uc3m,train,data_raw/uc3m/train/00068.jpg,,AD-330**NJ,330**NJ,2885.0,2904.0,3039.0,2887.0,3044.0,2924.0,2891.0,2943.0,4.025133,1,single_row,day,2,,,,
uc3m,train,data_raw/uc3m/train/00069.jpg,,AD-*343*SS,*343*SS,2881.0,2425.0,3081.0,2407.0,3086.0,2447.0,2889.0,2467.0,4.801231,1,single_row,day,2,,,,
uc3m,train,data_raw/uc3m/train/00070.jpg,,AD-05*6*BV,05*6*BV,2531.0,2414.0,2717.0,2418.0,2712.0,2454.0,2528.0,2447.0,5.3276815,1,single_row,day,2,,,,
uc3m,train,data_raw/uc3m/train/00071.jpg,,AD-599*F*W,599*F*W,2788.0,2565.0,2920.0,2564.0,2924.0,2601.0,2791.0,2600.0,3.6631622,1,single_row,day,2,,,,
uc3m,train,data_raw/uc3m/train/00072.jpg,,AD-907**CV,907**CV,3742.0,2752.0,4064.0,2711.0,4074.0,2784.0,3749.0,2825.0,4.4360685,1,single_row,day,2,,,,
uc3m,train,data_raw/uc3m/train/00073.jpg,,AD-72*3*PV,72*3*PV,2288.0,2073.0,2563.0,2073.0,2561.0,2127.0,2291.0,2125.0,5.1355968,1,single_row,day,2,,,,
uc3m,train,data_raw/uc3m/train/00074.jpg,,AD-977*KP*,977*KP*,2501.0,2276.0,2843.0,2252.0,2845.0,2317.0,2502.0,2340.0,5.320977,1,single_row,day,2,,,,
uc3m,train,data_raw/uc3m/train/00074.jpg,,AD-342*J*V,342*J*V,4359.0,2370.0,4727.0,2350.0,4730.0,2424.0,4363.0,2441.0,5.069364,1,single_row,day,2,,,,
uc3m,train,data_raw/uc3m/train/00078.jpg,,AD-62*2*CX,62*2*CX,2084.0,2376.0,2267.0,2374.0,2258.0,2421.0,2076.0,2421.0,3.9013765,1,single_row,day,2,,,,
uc3m,train,data_raw/uc3m/train/00078.jpg,,AD-98*8B*C,98*8B*C,1436.0,2350.0,1585.0,2348.0,1585.0,2386.0,1435.0,2387.0,3.986172,1,single_row,day,2,,,,
uc3m,train,data_raw/uc3m/train/00078.jpg,,AD-97*2F*C,97*2F*C,4379.0,2410.0,4672.0,2409.0,4668.0,2464.0,4378.0,2466.0,5.2450438,1,single_row,day,2,,,,
uc3m,train,data_raw/uc3m/train/00079.jpg,,AD-1*25*RM,1*25*RM,792.0,2677.0,1148.0,2637.0,1163.0,2714.0,805.0,2747.0,4.796425,1,single_row,day,2,,,,
uc3m,train,data_raw/uc3m/train/00079.jpg,,AD-67*2*WW,67*2*WW,2533.0,2263.0,2799.0,2246.0,2812.0,2307.0,2544.0,2328.0,4.172946,1,single_row,day,2,,,,
uc3m,train,data_raw/uc3m/train/00079.jpg,,AD-098**WY,098**WY,3336.0,2203.0,3534.0,2188.0,3545.0,2237.0,3350.0,2256.0,3.755718,1,single_row,day,2,,,,
uc3m,train,data_raw/uc3m/train/00079.jpg,,AD-6*26*DN,6*26*DN,4232.0,2119.0,4401.0,2102.0,4417.0,2148.0,4245.0,2165.0,3.551023,1,single_row,day,2,,,,
uc3m,train,data_raw/uc3m/train/00080.jpg,,AD-*303*NT,*303*NT,2615.0,2171.0,2900.0,2165.0,2903.0,2225.0,2615.0,2228.0,4.8949733,1,single_row,day,2,,,,
uc3m,train,data_raw/uc3m/train/00081.jpg,,AD-*088*HK,*088*HK,2740.0,2075.0,2942.0,2073.0,2943.0,2114.0,2743.0,2116.0,4.8954105,1,single_row,day,2,,,,
uc3m,train,data_raw/uc3m/train/00082.jpg,,AD-48*0*NZ,48*0*NZ,2403.0,2385.0,2759.0,2372.0,2772.0,2461.0,2422.0,2474.0,3.904277,1,single_row,day,2,,,,
uc3m,train,data_raw/uc3m/train/00083.jpg,,AD-*058C*P,*058C*P,2469.0,2507.0,2886.0,2502.0,2888.0,2591.0,2473.0,2592.0,4.778588,1,single_row,day,2,,,,
uc3m,train,data_raw/uc3m/train/00084.jpg,,AD-*508F*J,*508F*J,3036.0,2427.0,3309.0,2418.0,3310.0,2475.0,3037.0,2480.0,4.964579,1,single_row,day,2,,,,
uc3m,train,data_raw/uc3m/train/00085.jpg,,AD-879**BG,879**BG,2286.0,2686.0,2565.0,2700.0,2561.0,2760.0,2283.0,2745.0,4.6787868,1,single_row,day,2,,,,
uc3m,train,data_raw/uc3m/train/00086.jpg,,AD-25*2GX*,25*2GX*,3795.0,2611.0,4103.0,2595.0,4110.0,2655.0,3799.0,2669.0,5.227818,1,single_row,day,2,,,,
uc3m,train,data_raw/uc3m/train/00086.jpg,,AD-676*L*M,676*L*M,503.0,2624.0,735.0,2612.0,729.0,2658.0,498.0,2665.0,5.2845044,1,single_row,day,2,,,,
uc3m,train,data_raw/uc3m/train/00087.jpg,,AD-676*L*M,676*L*M,1338.0,2594.0,1727.0,2595.0,1712.0,2686.0,1314.0,2677.0,4.406376,1,single_row,day,2,,,,
uc3m,train,data_raw/uc3m/train/00088.jpg,,AD-988**RG,988**RG,3403.0,2465.0,3956.0,2438.0,3990.0,2545.0,3433.0,2566.0,5.1051683,1,single_row,day,2,,,,
uc3m,train,data_raw/uc3m/train/00089.jpg,,AD-11*8F*G,11*8F*G,2640.0,2607.0,3035.0,2584.0,3051.0,2661.0,2655.0,2684.0,5.043767,1,single_row,day,2,,,,
uc3m,train,data_raw/uc3m/train/00090.jpg,,AD-0*21*HY,0*21*HY,960.0,2027.0,1542.0,2032.0,1527.0,2153.0,950.0,2144.0,4.842608,1,single_row,day,2,,,,
uc3m,train,data_raw/uc3m/train/00092.jpg,,AD-22*7*CL,22*7*CL,2762.0,2339.0,3172.0,2315.0,3188.0,2399.0,2778.0,2423.0,4.8029556,1,single_row,day,2,,,,
uc3m,train,data_raw/uc3m/train/00092.jpg,,AD-0*66*RF,0*66*RF,1427.0,2491.0,1594.0,2483.0,1595.0,2514.0,1427.0,2523.0,5.322962,1,single_row,day,2,,,,
uc3m,train,data_raw/uc3m/train/00094.jpg,,AD-*577*GH,*577*GH,4490.0,2617.0,5017.0,2402.0,5120.0,2650.0,4597.0,2925.0,1.951011,1,single_row,day,2,,,,
uc3m,train,data_raw/uc3m/train/00095.jpg,,AD-341*H*R,341*H*R,2294.0,2595.0,3407.0,2499.0,3422.0,2715.0,2302.0,2812.0,5.168302,1,single_row,day,2,,,,
uc3m,train,data_raw/uc3m/train/00096.jpg,,AD-441**WN,441**WN,1679.0,2205.0,2693.0,2100.0,2716.0,2310.0,1703.0,2411.0,4.8667116,1,single_row,day,2,,,,
uc3m,train,data_raw/uc3m/train/00097.jpg,,AD-67*7*BT,67*7*BT,1390.0,2469.0,2391.0,2401.0,2402.0,2596.0,1398.0,2667.0,5.1079025,1,single_row,day,2,,,,
uc3m,train,data_raw/uc3m/train/00098.jpg,,AD-*338*TF,*338*TF,2311.0,1915.0,3296.0,1815.0,3326.0,2011.0,2330.0,2122.0,4.9051228,1,single_row,day,2,,,,
uc3m,train,data_raw/uc3m/train/00099.jpg,,AD-02*7*HD,02*7*HD,1875.0,2055.0,2425.0,2027.0,2432.0,2130.0,1884.0,2162.0,5.2211075,1,single_row,day,2,,,,
uc3m,train,data_raw/uc3m/train/00100.jpg,,AD-5*44*GX,5*44*GX,3196.0,2756.0,3640.0,2782.0,3637.0,2864.0,3194.0,2835.0,5.5171833,1,single_row,day,2,,,,
uc3m,train,data_raw/uc3m/train/00100.jpg,,AD-70*0*JM,70*0*JM,1399.0,2566.0,1714.0,2567.0,1712.0,2635.0,1394.0,2629.0,4.8241277,1,single_row,day,2,,,,
uc3m,train,data_raw/uc3m/train/00100.jpg,,AD-2*85B*R,2*85B*R,499.0,2598.0,777.0,2600.0,775.0,2657.0,496.0,2656.0,4.8388186,1,single_row,day,2,,,,
uc3m,train,data_raw/uc3m/train/00101.jpg,,AD-2*48F*P,2*48F*P,4159.0,3062.0,4606.0,3030.0,4631.0,3126.0,4184.0,3158.0,4.5174975,1,single_row,day,2,,,,
uc3m,train,data_raw/uc3m/train/00101.jpg,,AD-56*6GB*,56*6GB*,402.0,3027.0,688.0,3014.0,687.0,3068.0,403.0,3079.0,5.381195,1,single_row,day,2,,,,
uc3m,train,data_raw/uc3m/train/00102.jpg,,AD-*769F*Y,*769F*Y,3280.0,2005.0,3983.0,1873.0,4051.0,2132.0,3356.0,2325.0,2.407635,1,single_row,day,2,,,,
uc3m,train,data_raw/uc3m/train/00105.jpg,,AD-*040*NX,*040*NX,884.0,2447.0,1794.0,2470.0,1798.0,2672.0,896.0,2637.0,4.6199937,1,single_row,day,2,,,,
uc3m,train,data_raw/uc3m/train/00106.jpg,,AD-00*1*DM,00*1*DM,3362.0,2913.0,4716.0,2964.0,4710.0,3224.0,3362.0,3156.0,5.376346,1,single_row,day,2,,,,
uc3m,train,data_raw/uc3m/train/00107.jpg,,AN-M94*0W*,M94*0W*,2078.0,2941.0,3424.0,2958.0,3421.0,3217.0,2085.0,3180.0,5.38549,1,single_row,night,2,,,,
uc3m,train,data_raw/uc3m/train/00108.jpg,,AD-84*2*MX,84*2*MX,3661.0,2720.0,4895.0,2765.0,4890.0,2995.0,3653.0,2949.0,5.3848157,1,single_row,day,2,,,,
uc3m,train,data_raw/uc3m/train/00108.jpg,,AD-9*17*NB,9*17*NB,4.0,2288.0,751.0,2284.0,755.0,2471.0,4.0,2471.0,4.0482097,1,single_row,day,2,,,,
uc3m,train,data_raw/uc3m/train/00109.jpg,,AD-314**BW,314**BW,762.0,1978.0,1087.0,1988.0,1089.0,2074.0,763.0,2061.0,3.8538465,1,single_row,day,2,,,,
uc3m,train,data_raw/uc3m/train/00109.jpg,,AD-2*37DY*,2*37DY*,2468.0,2088.0,2909.0,2110.0,2907.0,2209.0,2466.0,2182.0,4.5760846,1,single_row,day,2,,,,
uc3m,train,data_raw/uc3m/train/00109.jpg,,AD-*019F*Y,*019F*Y,4461.0,2215.0,5182.0,2255.0,5178.0,2395.0,4462.0,2348.0,5.2722664,1,single_row,day,2,,,,
uc3m,train,data_raw/uc3m/train/00110.jpg,,AD-49*9KW*,49*9KW*,3735.0,1927.0,4825.0,1921.0,4825.0,2118.0,3741.0,2115.0,5.6454034,1,single_row,day,2,,,,
uc3m,train,data_raw/uc3m/train/00110.jpg,,AD-180*FH*,180*FH*,317.0,2507.0,1063.0,2167.0,1092.0,2389.0,349.0,2746.0,3.5356493,1,single_row,day,2,,,,
uc3m,train,data_raw/uc3m/train/00111.jpg,,AD-8*21G*T,8*21G*T,2947.0,3310.0,3379.0,3322.0,3397.0,3443.0,2957.0,3421.0,3.7330496,1,single_row,day,2,,,,
uc3m,train,data_raw/uc3m/train/00111.jpg,,AD-12*5*HT,12*5*HT,2211.0,2900.0,2421.0,2876.0,2438.0,2921.0,2226.0,2946.0,4.4029956,1,single_row,day,2,,,,
uc3m,train,data_raw/uc3m/train/00111.jpg,,AD-22*5G*N,22*5G*N,1196.0,3222.0,1481.0,3182.0,1487.0,3245.0,1201.0,3289.0,4.423638,1,single_row,day,2,,,,
uc3m,train,data_raw/uc3m/train/00112.jpg,,AD-22*5G*N,22*5G*N,2522.0,3146.0,2938.0,3096.0,2948.0,3194.0,2531.0,3242.0,4.302818,1,single_row,day,2,,,,
uc3m,train,data_raw/uc3m/train/00112.jpg,,AD-12*5*HT,12*5*HT,3912.0,2711.0,4202.0,2691.0,4226.0,2759.0,3936.0,2781.0,3.9800014,1,single_row,day,2,,,,
uc3m,train,data_raw/uc3m/train/00112.jpg,,AD-M*429P*,M*429P*,4559.0,2723.0,4721.0,2720.0,4720.0,2767.0,4558.0,2764.0,3.6814945,1,single_row,day,2,,,,
uc3m,train,data_raw/uc3m/train/00113.jpg,,AD-CA*872B*,CA*872B*,2600.0,3055.0,2972.0,3036.0,2977.0,3114.0,2604.0,3133.0,4.7738137,1,single_row,day,2,,,,
uc3m,train,data_raw/uc3m/train/00113.jpg,,AD-116*C*J,116*C*J,1145.0,3083.0,1447.0,3068.0,1454.0,3136.0,1150.0,3148.0,4.54214,1,single_row,day,2,,,,
uc3m,train,data_raw/uc3m/train/00113.jpg,,AD-57*8C*N,57*8C*N,4462.0,2926.0,4902.0,2910.0,4908.0,2990.0,4473.0,3004.0,5.5065107,1,single_row,day,2,,,,
uc3m,train,data_raw/uc3m/train/00114.jpg,,AD-116*C*J,116*C*J,3492.0,3240.0,4271.0,3287.0,4298.0,3462.0,3515.0,3402.0,4.5956388,1,single_row,day,2,,,,
uc3m,train,data_raw/uc3m/train/00114.jpg,,AD-M*429P*,M*429P*,1048.0,3120.0,1393.0,3151.0,1370.0,3277.0,1031.0,3241.0,2.7462144,1,single_row,day,2,,,,
uc3m,train,data_raw/uc3m/train/00115.jpg,,AD-64*9C*K,64*9C*K,1799.0,2607.0,3061.0,2692.0,3057.0,2933.0,1815.0,2833.0,5.3697276,1,single_row,day,2,,,,
uc3m,train,data_raw/uc3m/train/00116.jpg,,AD-467*BS*,467*BS*,2057.0,2882.0,2400.0,2885.0,2405.0,2979.0,2060.0,2972.0,3.735875,1,single_row,day,2,,,,
uc3m,train,data_raw/uc3m/train/00117.jpg,,AD-126**NN,126**NN,1353.0,2303.0,2576.0,2396.0,2580.0,2680.0,1361.0,2542.0,4.689403,1,single_row,day,2,,,,
uc3m,train,data_raw/uc3m/train/00118.jpg,,AD-0*56CZ*,0*56CZ*,2416.0,3010.0,3643.0,3020.0,3645.0,3253.0,2425.0,3222.0,5.497388,1,single_row,day,2,,,,
uc3m,train,data_raw/uc3m/train/00119.jpg,,AD-861**CR,861**CR,3342.0,2075.0,4449.0,2080.0,4456.0,2287.0,3345.0,2280.0,5.3817444,1,single_row,day,2,,,,
uc3m,train,data_raw/uc3m/train/00121.jpg,,AD-792**WW,792**WW,2855.0,2896.0,3875.0,2876.0,3890.0,3084.0,2859.0,3102.0,4.948039,1,single_row,day,2,,,,
uc3m,train,data_raw/uc3m/train/00124.jpg,,AD-43*5C*V,43*5C*V,2534.0,2733.0,2894.0,2726.0,2893.0,2807.0,2534.0,2807.0,4.638964,1,single_row,day,2,,,,
uc3m,train,data_raw/uc3m/train/00125.jpg,,AD-75*3*RR,75*3*RR,3227.0,2537.0,3564.0,2506.0,3564.0,2598.0,3222.0,2621.0,3.867161,1,single_row,day,2,,,,
uc3m,train,data_raw/uc3m/train/00126.jpg,,AD-03*0KZ*,03*0KZ*,2323.0,2948.0,2810.0,2937.0,2795.0,3052.0,2312.0,3055.0,4.339903,1,single_row,day,2,,,,
uc3m,train,data_raw/uc3m/train/00127.jpg,,AD-48*0*NZ,48*0*NZ,2744.0,2831.0,3097.0,2828.0,3090.0,2903.0,2739.0,2903.0,4.772989,1,single_row,day,2,,,,
uc3m,train,data_raw/uc3m/train/00128.jpg,,AD-187*CZ*,187*CZ*,1588.0,2316.0,2085.0,2330.0,2059.0,2449.0,1566.0,2433.0,4.112208,1,single_row,day,2,,,,
uc3m,train,data_raw/uc3m/train/00130.jpg,,AD-676*L*M,676*L*M,3255.0,2040.0,3637.0,2045.0,3624.0,2126.0,3237.0,2115.0,4.832611,1,single_row,day,2,,,,
uc3m,train,data_raw/uc3m/train/00131.jpg,,AD-22*7*CL,22*7*CL,2871.0,1853.0,3221.0,1835.0,3233.0,1904.0,2882.0,1923.0,4.9822764,1,single_row,day,2,,,,
uc3m,train,data_raw/uc3m/train/00131.jpg,,AD-0*66*RF,0*66*RF,1726.0,1996.0,1881.0,1991.0,1883.0,2021.0,1727.0,2027.0,5.094665,1,single_row,day,2,,,,
uc3m,train,data_raw/uc3m/train/00134.jpg,,AD-54*8*GC,54*8*GC,2469.0,2478.0,2608.0,2483.0,2604.0,2513.0,2464.0,2506.0,4.75681,1,single_row,day,2,,,,
uc3m,train,data_raw/uc3m/train/00135.jpg,,AD-*441*TB,*441*TB,2535.0,2249.0,2714.0,2240.0,2716.0,2274.0,2537.0,2282.0,5.339815,1,single_row,day,2,,,,
uc3m,train,data_raw/uc3m/train/00136.jpg,,AD-6*65*DV,6*65*DV,2758.0,1960.0,3090.0,1970.0,3088.0,2036.0,2756.0,2023.0,5.1479506,1,single_row,day,2,,,,
uc3m,train,data_raw/uc3m/train/00137.jpg,,AD-6*65*DV,6*65*DV,2191.0,2374.0,2549.0,2371.0,2548.0,2441.0,2188.0,2449.0,4.950133,1,single_row,day,2,,,,
uc3m,train,data_raw/uc3m/train/00137.jpg,,AD-3*25*GP,3*25*GP,3466.0,2310.0,3635.0,2309.0,3635.0,2345.0,3466.0,2346.0,4.6945267,1,single_row,day,2,,,,
uc3m,train,data_raw/uc3m/train/00138.jpg,,AD-6*65*DV,6*65*DV,1462.0,2443.0,2031.0,2388.0,2042.0,2501.0,1470.0,2554.0,5.0978193,1,single_row,day,2,,,,
uc3m,train,data_raw/uc3m/train/00138.jpg,,AD-3*25*GP,3*25*GP,3068.0,2235.0,3291.0,2213.0,3297.0,2263.0,3074.0,2284.0,4.493061,1,single_row,day,2,,,,
uc3m,train,data_raw/uc3m/train/00140.jpg,,AD-47*3F*X,47*3F*X,2483.0,2350.0,3239.0,2451.0,3217.0,2604.0,2465.0,2497.0,5.0295143,1,single_row,day,2,,,,
uc3m,train,data_raw/uc3m/train/00141.jpg,,AD-958**GR,958**GR,274.0,2717.0,1024.0,2705.0,1029.0,2882.0,277.0,2886.0,4.3401294,1,single_row,day,2,,,,
uc3m,train,data_raw/uc3m/train/00142.jpg,,AD-90*2B*R,90*2B*R,3091.0,2896.0,4025.0,2902.0,4034.0,3094.0,3098.0,3069.0,5.119313,1,single_row,day,2,,,,
uc3m,train,data_raw/uc3m/train/00142.jpg,,AD-11*1D*W,11*1D*W,90.0,2762.0,702.0,2758.0,714.0,2887.0,104.0,2886.0,4.8045573,1,single_row,day,2,,,,
uc3m,train,data_raw/uc3m/train/00143.jpg,,AD-01*9H*F,01*9H*F,3947.0,2875.0,4838.0,2928.0,4830.0,3097.0,3943.0,3031.0,5.4791055,1,single_row,day,2,,,,
uc3m,train,data_raw/uc3m/train/00143.jpg,,AD-*465*HV,*465*HV,719.0,2669.0,1253.0,2709.0,1246.0,2838.0,709.0,2793.0,4.2366347,1,single_row,day,2,,,,
uc3m,train,data_raw/uc3m/train/00144.jpg,,AD-89*1*RZ,89*1*RZ,3780.0,2825.0,4716.0,2852.0,4715.0,3037.0,3777.0,2994.0,5.2972293,1,single_row,day,2,,,,
uc3m,train,data_raw/uc3m/train/00145.jpg,,AD-Z44*6*N,Z44*6*N,359.0,2725.0,975.0,2751.0,990.0,2892.0,388.0,2854.0,4.451384,1,single_row,day,2,,,,
uc3m,train,data_raw/uc3m/train/00146.jpg,,AD-736**DT,736**DT,875.0,2609.0,1513.0,2614.0,1519.0,2758.0,876.0,2739.0,4.6740813,1,single_row,day,2,,,,
uc3m,train,data_raw/uc3m/train/00147.jpg,,AD-40*6CZ*,40*6CZ*,2777.0,2957.0,3811.0,2948.0,3816.0,3163.0,2792.0,3140.0,5.1628857,1,single_row,day,2,,,,
uc3m,train,data_raw/uc3m/train/00148.jpg,,AD-22*2*WR,22*2*WR,4162.0,2884.0,5170.0,2915.0,5176.0,3114.0,4162.0,3061.0,5.381314,1,single_row,day,2,,,,
uc3m,train,data_raw/uc3m/train/00150.jpg,,AD-8*07*SX,8*07*SX,1626.0,2809.0,1853.0,2811.0,1855.0,2894.0,1626.0,2884.0,2.8870728,1,single_row,day,2,,,,
uc3m,train,data_raw/uc3m/train/00152.jpg,,AD-*417*HV,*417*HV,2982.0,3142.0,3386.0,3148.0,3391.0,3231.0,2986.0,3224.0,4.8963084,1,single_row,day,2,,,,
uc3m,train,data_raw/uc3m/train/00152.jpg,,AD-64*3*VP,64*3*VP,3962.0,2828.0,4213.0,2836.0,4221.0,2887.0,3966.0,2880.0,4.8779817,1,single_row,day,2,,,,
uc3m,train,data_raw/uc3m/train/00152.jpg,,AD-45*9*SS,45*9*SS,4575.0,2961.0,4747.0,2964.0,4752.0,2999.0,4586.0,2998.0,4.5706882,1,single_row,day,2,,,,
uc3m,train,data_raw/uc3m/train/00154.jpg,,AD-M1*57P*,M1*57P*,1389.0,2954.0,2089.0,2963.0,2088.0,3103.0,1377.0,3088.0,5.140297,1,single_row,day,2,,,,
uc3m,train,data_raw/uc3m/train/00154.jpg,,AD-3*39H*S,3*39H*S,3119.0,2762.0,3444.0,2780.0,3443.0,2848.0,3121.0,2830.0,4.7634244,1,single_row,day,2,,,,
uc3m,train,data_raw/uc3m/train/00154.jpg,,AD-48*2LK*,48*2LK*,3918.0,2616.0,4163.0,2633.0,4164.0,2686.0,3917.0,2666.0,4.789363,1,single_row,day,2,,,,
uc3m,train,data_raw/uc3m/train/00156.jpg,,AD-19*7*NV,19*7*NV,3654.0,2703.0,4175.0,2463.0,4248.0,2666.0,3742.0,2968.0,2.3494852,1,single_row,day,2,,,,
uc3m,train,data_raw/uc3m/train/00157.jpg,,AD-5*15*NV,5*15*NV,3535.0,1928.0,3942.0,1830.0,3982.0,2010.0,3586.0,2131.0,2.115081,1,single_row,day,2,,,,
uc3m,train,data_raw/uc3m/train/00158.jpg,,AD-99*0*GB,99*0*GB,4205.0,2451.0,4844.0,2318.0,4978.0,2582.0,4363.0,2792.0,1.9386604,1,single_row,day,2,,,,
uc3m,train,data_raw/uc3m/train/00160.jpg,,AD-26*2GZ*,26*2GZ*,2687.0,2911.0,3211.0,2666.0,3278.0,2849.0,2752.0,3125.0,2.801356,1,single_row,day,2,,,,
uc3m,train,data_raw/uc3m/train/00161.jpg,,AD-03*7*TD,03*7*TD,1647.0,2557.0,1970.0,2558.0,1962.0,2625.0,1632.0,2620.0,4.9384007,1,single_row,day,2,,,,
uc3m,train,data_raw/uc3m/train/00162.jpg,,AD-146*F*M,146*F*M,2582.0,2757.0,2901.0,2760.0,2892.0,2832.0,2575.0,2824.0,4.5461144,1,single_row,day,2,,,,
uc3m,train,data_raw/uc3m/train/00163.jpg,,AD-87*7*XM,87*7*XM,2463.0,2637.0,2804.0,2644.0,2794.0,2716.0,2453.0,2710.0,4.660185,1,single_row,day,2,,,,
uc3m,train,data_raw/uc3m/train/00164.jpg,,AD-91*9*RD,91*9*RD,2590.0,3107.0,2941.0,3102.0,2941.0,3172.0,2591.0,3178.0,4.972,1,single_row,day,2,,,,
uc3m,train,data_raw/uc3m/train/00165.jpg,,AN-16*0B*N,16*0B*N,2409.0,3415.0,2868.0,3412.0,2878.0,3514.0,2412.0,3523.0,4.3941183,1,single_row,night,2,,,,
uc3m,train,data_raw/uc3m/train/00165.jpg,,AN-12*3GJ*,12*3GJ*,3793.0,3063.0,4068.0,3068.0,4079.0,3145.0,3801.0,3137.0,3.6341233,1,single_row,night,2,,,,
uc3m,train,data_raw/uc3m/train/00167.jpg,,AN-914*F*P,914*F*P,1933.0,2760.0,2504.0,2757.0,2512.0,2877.0,1937.0,2884.0,4.690568,1,single_row,night,2,,,,
uc3m,train,data_raw/uc3m/train/00167.jpg,,AN-M257**T,M257**T,3045.0,2731.0,3335.0,2731.0,3346.0,2803.0,3054.0,2800.0,4.086615,1,single_row,night,2,,,,
uc3m,train,data_raw/uc3m/train/00167.jpg,,AD-509*C*F,509*C*F,4157.0,2702.0,4359.0,2697.0,4383.0,2764.0,4174.0,2768.0,2.9506972,1,single_row,day,2,,,,
uc3m,train,data_raw/uc3m/train/00168.jpg,,AN-M257**T,M257**T,1276.0,2653.0,1874.0,2665.0,1875.0,2792.0,1273.0,2773.0,4.8591857,1,single_row,night,2,,,,
uc3m,train,data_raw/uc3m/train/00168.jpg,,AN-509*C*F,509*C*F,3472.0,2645.0,3807.0,2647.0,3829.0,2734.0,3490.0,2736.0,3.6931822,1,single_row,night,2,,,,
uc3m,train,data_raw/uc3m/train/00168.jpg,,AN-89*0B*S,89*0B*S,4077.0,2806.0,4255.0,2802.0,4281.0,2862.0,4088.0,2866.0,2.9360158,1,single_row,night,2,,,,
uc3m,train,data_raw/uc3m/train/00168.jpg,,AN-24*1*DW,24*1*DW,4463.0,2600.0,4659.0,2605.0,4663.0,2656.0,4469.0,2648.0,3.9207072,1,single_row,night,2,,,,
uc3m,train,data_raw/uc3m/train/00170.jpg,,AD-24*1*DW,24*1*DW,1821.0,2745.0,2465.0,2782.0,2462.0,2912.0,1812.0,2877.0,4.940148,1,single_row,day,2,,,,
uc3m,train,data_raw/uc3m/train/00170.jpg,,AD-*300LV*,*300LV*,3555.0,2980.0,3876.0,2983.0,3892.0,3053.0,3567.0,3050.0,4.5231676,1,single_row,day,2,,,,
uc3m,train,data_raw/uc3m/train/00170.jpg,,AD-189**XZ,189**XZ,4446.0,3015.0,4654.0,3020.0,4657.0,3075.0,4449.0,3070.0,3.7772958,1,single_row,day,2,,,,
uc3m,train,data_raw/uc3m/train/00171.jpg,,AD-189**XZ,189**XZ,3086.0,2890.0,3444.0,2901.0,3443.0,2985.0,3089.0,2979.0,4.1155334,1,single_row,day,2,,,,
uc3m,train,data_raw/uc3m/train/00172.jpg,,AD-34*4*SX,34*4*SX,1680.0,3212.0,1957.0,3197.0,1964.0,3266.0,1683.0,3283.0,3.9804125,1,single_row,day,2,,,,
uc3m,train,data_raw/uc3m/train/00172.jpg,,AD-471**ZN,471**ZN,3796.0,3183.0,4173.0,3195.0,4170.0,3274.0,3798.0,3263.0,4.710488,1,single_row,day,2,,,,
uc3m,train,data_raw/uc3m/train/00174.jpg,,AD-814*FP*,814*FP*,3940.0,2990.0,4715.0,3008.0,4716.0,3149.0,3938.0,3130.0,5.527909,1,single_row,day,2,,,,
uc3m,train,data_raw/uc3m/train/00174.jpg,,AD-294**ZP,294**ZP,1550.0,2935.0,1977.0,2947.0,1968.0,3038.0,1542.0,3024.0,4.720052,1,single_row,day,2,,,,
uc3m,train,data_raw/uc3m/train/00174.jpg,,AD-395**TX,395**TX,697.0,2927.0,867.0,2933.0,851.0,2988.0,684.0,2977.0,3.0976715,1,single_row,day,2,,,,
uc3m,train,data_raw/uc3m/train/00175.jpg,,AD-395**TX,395**TX,3500.0,2775.0,3814.0,2769.0,3807.0,2850.0,3492.0,2857.0,3.8434258,1,single_row,day,2,,,,
uc3m,train,data_raw/uc3m/train/00175.jpg,,AD-9*08*TW,9*08*TW,2669.0,2925.0,2855.0,2921.0,2850.0,2972.0,2661.0,2974.0,3.7173297,1,single_row,day,2,,,,
uc3m,train,data_raw/uc3m/train/00176.jpg,,AD-*876K*X,*876K*X,954.0,2990.0,1582.0,2988.0,1584.0,3101.0,954.0,3112.0,5.35321,1,single_row,day,2,,,,
uc3m,train,data_raw/uc3m/train/00176.jpg,,AD-59*1CC*,59*1CC*,2956.0,3049.0,3341.0,3053.0,3344.0,3139.0,2957.0,3133.0,4.540016,1,single_row,day,2,,,,
uc3m,train,data_raw/uc3m/train/00176.jpg,,AD-84*0*VX,84*0*VX,4020.0,3169.0,4252.0,3159.0,4265.0,3226.0,4032.0,3233.0,3.4890802,1,single_row,day,2,,,,
uc3m,train,data_raw/uc3m/train/00176.jpg,,AD-65*3JH*,65*3JH*,4556.0,2897.0,4740.0,2899.0,4756.0,2949.0,4566.0,2950.0,3.5140822,1,single_row,day,2,,,,
uc3m,train,data_raw/uc3m/train/00177.jpg,,AD-929*HZ*,929*HZ*,1907.0,2489.0,2194.0,2490.0,2184.0,2561.0,1896.0,2558.0,4.0616574,1,single_row,day,2,,,,
uc3m,train,data_raw/uc3m/train/00177.jpg,,AD-*015*RT,*015*RT,1485.0,2483.0,1696.0,2480.0,1687.0,2532.0,1477.0,2534.0,4.0329885,1,single_row,day,2,,,,
uc3m,train,data_raw/uc3m/train/00177.jpg,,AD-445**WR,445**WR,2978.0,2840.0,3394.0,2852.0,3389.0,2948.0,2971.0,2929.0,4.5015225,1,single_row,day,2,,,,
uc3m,train,data_raw/uc3m/train/00178.jpg,,AD-4*02*YD,4*02*YD,2805.0,3083.0,3317.0,3067.0,3321.0,3175.0,2806.0,3190.0,4.777173,1,single_row,day,2,,,,
uc3m,train,data_raw/uc3m/train/00178.jpg,,AD-72*7FF*,72*7FF*,3938.0,2622.0,4305.0,2614.0,4316.0,2699.0,3945.0,2702.0,4.445994,1,single_row,day,2,,,,
uc3m,train,data_raw/uc3m/train/00178.jpg,,AD-65*3JH*,65*3JH*,2.0,2675.0,941.0,2669.0,941.0,2854.0,2.0,2871.0,4.9295883,1,single_row,day,2,,,,
uc3m,train,data_raw/uc3m/train/00179.jpg,,AD-*368CC*,*368CC*,3640.0,2488.0,4068.0,2466.0,4075.0,2562.0,3640.0,2581.0,4.565165,1,single_row,day,2,,,,
uc3m,train,data_raw/uc3m/train/00179.jpg,,AD-677**BN,677**BN,2652.0,2840.0,2951.0,2825.0,2953.0,2899.0,2650.0,2912.0,4.126224,1,single_row,day,2,,,,
uc3m,train,data_raw/uc3m/train/00182.jpg,,AD-66*2*WN,66*2*WN,2059.0,3324.0,2463.0,3305.0,2458.0,3390.0,2052.0,3407.0,4.8135514,1,single_row,day,2,,,,
uc3m,train,data_raw/uc3m/train/00183.jpg,,AD-*833F*N,*833F*N,1089.0,2828.0,1559.0,2817.0,1548.0,2909.0,1077.0,2923.0,4.9962096,1,single_row,day,2,,,,
uc3m,train,data_raw/uc3m/train/00184.jpg,,AD-28*4*WP,28*4*WP,2200.0,2881.0,2679.0,2923.0,2653.0,3042.0,2169.0,2985.0,4.2034745,1,single_row,day,2,,,,
uc3m,train,data_raw/uc3m/train/00185.jpg,,AD-086**TB,086**TB,2809.0,2728.0,3208.0,2731.0,3210.0,2800.0,2809.0,2800.0,5.672673,1,single_row,day,2,,,,
uc3m,train,data_raw/uc3m/train/00189.jpg,,AD-81*7*MR,81*7*MR,790.0,1862.0,1685.0,1879.0,1675.0,2055.0,773.0,2031.0,5.192979,1,single_row,day,2,,,,
uc3m,train,data_raw/uc3m/train/00190.jpg,,AD-03*4*FN,03*4*FN,2735.0,2004.0,3620.0,2006.0,3619.0,2184.0,2725.0,2175.0,5.093253,1,single_row,day,2,,,,
uc3m,train,data_raw/uc3m/train/00191.jpg,,AD-222**WM,222**WM,3594.0,2692.0,4747.0,2707.0,4750.0,2927.0,3592.0,2895.0,5.464241,1,single_row,day,2,,,,
uc3m,train,data_raw/uc3m/train/00192.jpg,,AD-16*6*BF,16*6*BF,1286.0,2978.0,1588.0,2977.0,1591.0,3048.0,1283.0,3047.0,4.3531694,1,single_row,day,2,,,,
uc3m,train,data_raw/uc3m/train/00193.jpg,,AD-109*C*Y,109*C*Y,2106.0,2470.0,2398.0,2482.0,2395.0,2557.0,2103.0,2543.0,3.9466355,1,single_row,day,2,,,,
uc3m,train,data_raw/uc3m/train/00194.jpg,,AD-278*H*H,278*H*H,1910.0,2638.0,2190.0,2642.0,2191.0,2704.0,1910.0,2698.0,4.598816,1,single_row,day,2,,,,
uc3m,train,data_raw/uc3m/train/00195.jpg,,AD-173**SM,173**SM,3957.0,2584.0,4370.0,2552.0,4387.0,2634.0,3969.0,2664.0,5.061466,1,single_row,day,2,,,,
uc3m,train,data_raw/uc3m/train/00196.jpg,,AD-91*0*SD,91*0*SD,4529.0,2825.0,5073.0,2775.0,5109.0,2888.0,4561.0,2938.0,4.645702,1,single_row,day,2,,,,
uc3m,train,data_raw/uc3m/train/00197.jpg,,AD-*744*FM,*744*FM,4132.0,2745.0,4593.0,2699.0,4619.0,2807.0,4146.0,2849.0,4.3428135,1,single_row,day,2,,,,
uc3m,train,data_raw/uc3m/train/00197.jpg,,AD-6*59D*D,6*59D*D,2231.0,2520.0,2424.0,2507.0,2426.0,2546.0,2234.0,2557.0,5.0641813,1,single_row,day,2,,,,
uc3m,train,data_raw/uc3m/train/00198.jpg,,AD-6*59D*D,6*59D*D,3152.0,2461.0,3555.0,2421.0,3567.0,2505.0,3161.0,2541.0,4.914039,1,single_row,day,2,,,,
uc3m,train,data_raw/uc3m/train/00199.jpg,,AD-676**RB,676**RB,3523.0,2324.0,3942.0,2281.0,3959.0,2369.0,3538.0,2409.0,4.7976284,1,single_row,day,2,,,,
uc3m,train,data_raw/uc3m/train/00199.jpg,,AD-*651HY*,*651HY*,2236.0,2036.0,2449.0,2019.0,2455.0,2065.0,2240.0,2081.0,4.688059,1,single_row,day,2,,,,
uc3m,train,data_raw/uc3m/train/00200.jpg,,AD-881**WZ,881**WZ,2970.0,2183.0,3245.0,2158.0,3250.0,2213.0,2975.0,2235.0,5.1365952,1,single_row,day,2,,,,
uc3m,train,data_raw/uc3m/train/00202.jpg,,AD-585*C*N,585*C*N,395.0,2362.0,874.0,2386.0,874.0,2485.0,390.0,2455.0,5.0200806,1,single_row,day,2,,,,
uc3m,train,data_raw/uc3m/train/00203.jpg,,AD-5*25*FJ,5*25*FJ,4194.0,2331.0,4392.0,2321.0,4397.0,2361.0,4199.0,2370.0,4.978706,1,single_row,day,2,,,,
uc3m,train,data_raw/uc3m/train/00205.jpg,,AD-27*6*DP,27*6*DP,3078.0,2165.0,3619.0,2164.0,3616.0,2273.0,3074.0,2266.0,5.154406,1,single_row,day,2,,,,
uc3m,train,data_raw/uc3m/train/00205.jpg,,AD-98*8HX*,98*8HX*,653.0,2142.0,960.0,2136.0,954.0,2214.0,642.0,2216.0,4.045026,1,single_row,day,2,,,,
uc3m,train,data_raw/uc3m/train/00206.jpg,,AD-15*3FY*,15*3FY*,1513.0,2510.0,1793.0,2507.0,1788.0,2570.0,1507.0,2571.0,4.5064397,1,single_row,day,2,,,,
uc3m,train,data_raw/uc3m/train/00208.jpg,,AD-05*0*VN,05*0*VN,3805.0,3015.0,4098.0,3005.0,4107.0,3060.0,3815.0,3070.0,5.2434387,1,single_row,day,2,,,,
uc3m,train,data_raw/uc3m/train/00209.jpg,,AD-*496*WT,*496*WT,1008.0,3082.0,1256.0,3082.0,1259.0,3145.0,1012.0,3143.0,3.9854958,1,single_row,day,2,,,,
uc3m,train,data_raw/uc3m/train/00210.jpg,,AD-321**CH,321**CH,3623.0,2964.0,3905.0,2955.0,3913.0,3008.0,3630.0,3019.0,5.1846695,1,single_row,day,2,,,,
uc3m,train,data_raw/uc3m/train/00212.jpg,,AN-932**NR,932**NR,3971.0,2986.0,4368.0,2956.0,4392.0,3040.0,3985.0,3069.0,4.6997385,1,single_row,night,2,,,,
uc3m,train,data_raw/uc3m/train/00213.jpg,,AD-2*28L*L,2*28L*L,881.0,3190.0,1129.0,3188.0,1129.0,3249.0,878.0,3251.0,4.087825,1,single_row,day,2,,,,
uc3m,train,data_raw/uc3m/train/00214.jpg,,AD-47*4*SF,47*4*SF,1356.0,2939.0,1601.0,2944.0,1598.0,3000.0,1354.0,2993.0,4.442093,1,single_row,day,2,,,,
uc3m,train,data_raw/uc3m/train/00216.jpg,,AN-674**SZ,674**SZ,3331.0,2828.0,3663.0,2813.0,3676.0,2880.0,3341.0,2894.0,4.945312,1,single_row,night,2,,,,
uc3m,train,data_raw/uc3m/train/00219.jpg,,AD-5*35*GD,5*35*GD,3609.0,2122.0,4067.0,2091.0,4086.0,2185.0,3624.0,2211.0,4.9516425,1,single_row,day,2,,,,
uc3m,train,data_raw/uc3m/train/00221.jpg,,AD-48*3*TW,48*3*TW,2385.0,2322.0,2676.0,2307.0,2682.0,2362.0,2390.0,2379.0,5.187968,1,single_row,day,2,,,,
uc3m,train,data_raw/uc3m/train/00222.jpg,,AD-899*C*R,899*C*R,3661.0,2225.0,4154.0,2208.0,4167.0,2308.0,3675.0,2325.0,4.883573,1,single_row,day,2,,,,
uc3m,train,data_raw/uc3m/train/00224.jpg,,AD-*043B*S,*043B*S,3423.0,1814.0,3858.0,1824.0,3858.0,1917.0,3424.0,1905.0,4.7242107,1,single_row,day,2,,,,
uc3m,train,data_raw/uc3m/train/00225.jpg,,AD-01*9J*Y,01*9J*Y,3135.0,2369.0,3947.0,2377.0,3947.0,2537.0,3129.0,2515.0,5.325748,1,single_row,day,2,,,,
uc3m,train,data_raw/uc3m/train/00226.jpg,,AD-35*1*WW,35*1*WW,3216.0,2371.0,4107.0,2429.0,4100.0,2608.0,3209.0,2530.0,5.283304,1,single_row,day,2,,,,
uc3m,train,data_raw/uc3m/train/00228.jpg,,AD-*035*HP,*035*HP,1085.0,2019.0,1874.0,2010.0,1864.0,2176.0,1076.0,2175.0,4.889169,1,single_row,day,2,,,,
uc3m,train,data_raw/uc3m/train/00230.jpg,,AD-35*0GN*,35*0GN*,1359.0,2795.0,2074.0,2803.0,2075.0,2955.0,1354.0,2941.0,4.817961,1,single_row,day,2,,,,
uc3m,train,data_raw/uc3m/train/00231.jpg,,AD-*421*DJ,*421*DJ,3410.0,2089.0,4354.0,2073.0,4373.0,2259.0,3424.0,2270.0,5.1374636,1,single_row,day,2,,,,
uc3m,train,data_raw/uc3m/train/00231.jpg,,AD-26*3*FP,26*3*FP,56.0,2179.0,506.0,2175.0,485.0,2275.0,27.0,2279.0,4.4014997,1,single_row,day,2,,,,
uc3m,train,data_raw/uc3m/train/00232.jpg,,AD-50*2*PG,50*2*PG,2680.0,2955.0,3535.0,3026.0,3535.0,3193.0,2686.0,3111.0,5.294993,1,single_row,day,2,,,,
uc3m,train,data_raw/uc3m/train/00233.jpg,,AD-971*JX*,971*JX*,3539.0,3152.0,4652.0,3252.0,4650.0,3462.0,3529.0,3351.0,5.482974,1,single_row,day,2,,,,
uc3m,train,data_raw/uc3m/train/00233.jpg,,AD-585*C*N,585*C*N,599.0,2213.0,1050.0,2238.0,1029.0,2331.0,572.0,2302.0,4.829449,1,single_row,day,2,,,,
uc3m,train,data_raw/uc3m/train/00234.jpg,,AD-M45*5*V,M45*5*V,2381.0,2544.0,2560.0,2548.0,2559.0,2585.0,2381.0,2580.0,4.8910794,1,single_row,day,2,,,,
uc3m,train,data_raw/uc3m/train/00235.jpg,,AD-615**XR,615**XR,3338.0,2569.0,3532.0,2554.0,3541.0,2595.0,3344.0,2606.0,4.931894,1,single_row,day,2,,,,
uc3m,train,data_raw/uc3m/train/00237.jpg,,AD-15*9*BV,15*9*BV,3212.0,2487.0,3400.0,2481.0,3401.0,2517.0,3212.0,2522.0,5.3111005,1,single_row,day,2,,,,
uc3m,train,data_raw/uc3m/train/00238.jpg,,AD-18*4*NZ,18*4*NZ,1926.0,2256.0,2077.0,2250.0,2074.0,2281.0,1922.0,2288.0,4.7840643,1,single_row,day,2,,,,
uc3m,train,data_raw/uc3m/train/00239.jpg,,AD-178*B*N,178*B*N,2499.0,2298.0,2624.0,2296.0,2626.0,2322.0,2499.0,2324.0,4.839616,1,single_row,day,2,,,,
uc3m,train,data_raw/uc3m/train/00240.jpg,,AD-09*8*FD,09*8*FD,3481.0,2034.0,3762.0,2036.0,3770.0,2094.0,3486.0,2092.0,4.8389316,1,single_row,day,2,,,,
uc3m,train,data_raw/uc3m/train/00241.jpg,,AD-0*06*RZ,0*06*RZ,3185.0,2304.0,3450.0,2295.0,3461.0,2354.0,3192.0,2360.0,4.587448,1,single_row,day,2,,,,
uc3m,train,data_raw/uc3m/train/00241.jpg,,AD-723**ZD,723**ZD,2003.0,2265.0,2110.0,2262.0,2111.0,2285.0,2002.0,2286.0,4.9050756,1,single_row,day,2,,,,
uc3m,train,data_raw/uc3m/train/00242.jpg,,AD-723**ZD,723**ZD,3756.0,2200.0,4094.0,2188.0,4106.0,2272.0,3768.0,2281.0,4.056288,1,single_row,day,2,,,,
uc3m,train,data_raw/uc3m/train/00242.jpg,,AD-488**ZV,488**ZV,1954.0,2167.0,2080.0,2165.0,2080.0,2189.0,1954.0,2191.0,5.2506614,1,single_row,day,2,,,,
uc3m,train,data_raw/uc3m/train/00243.jpg,,AD-9*78*WM,9*78*WM,3002.0,2210.0,3277.0,2202.0,3287.0,2262.0,3011.0,2270.0,4.536933,1,single_row,day,2,,,,
uc3m,train,data_raw/uc3m/train/00244.jpg,,AD-88*8*FK,88*8*FK,2397.0,2045.0,2575.0,2042.0,2575.0,2078.0,2398.0,2082.0,4.863079,1,single_row,day,2,,,,
uc3m,train,data_raw/uc3m/train/00245.jpg,,AD-688*F*Y,688*F*Y,2004.0,2506.0,2232.0,2499.0,2228.0,2549.0,2000.0,2554.0,4.6392784,1,single_row,day,2,,,,
uc3m,train,data_raw/uc3m/train/00246.jpg,,AD-799*HG*,799*HG*,3543.0,2625.0,3786.0,2621.0,3788.0,2668.0,3544.0,2671.0,5.2341056,1,single_row,day,2,,,,
uc3m,train,data_raw/uc3m/train/00246.jpg,,AD-76*1*WX,76*1*WX,1440.0,2620.0,1619.0,2617.0,1619.0,2650.0,1439.0,2653.0,5.438905,1,single_row,day,2,,,,
uc3m,train,data_raw/uc3m/train/00248.jpg,,AD-M4*99U*,M4*99U*,4015.0,2654.0,4341.0,2629.0,4352.0,2699.0,4026.0,2723.0,4.646045,1,single_row,day,2,,,,
uc3m,train,data_raw/uc3m/train/00249.jpg,,AD-19*0DW*,19*0DW*,3748.0,2419.0,4116.0,2399.0,4133.0,2480.0,3763.0,2500.0,4.4754434,1,single_row,day,2,,,,
uc3m,train,data_raw/uc3m/train/00250.jpg,,AD-4*41FX*,4*41FX*,3876.0,1991.0,4275.0,1963.0,4296.0,2055.0,3892.0,2083.0,4.287415,1,single_row,day,2,,,,
uc3m,train,data_raw/uc3m/train/00252.jpg,,AD-7*36DH*,7*36DH*,1936.0,2976.0,2357.0,2946.0,2363.0,3026.0,1939.0,3059.0,5.1895857,1,single_row,day,2,,,,
uc3m,train,data_raw/uc3m/train/00252.jpg,,AD-06*5DZ*,06*5DZ*,3174.0,2803.0,3396.0,2791.0,3408.0,2844.0,3185.0,2856.0,4.108442,1,single_row,day,2,,,,
uc3m,train,data_raw/uc3m/train/00252.jpg,,AD-88*7*FR,88*7*FR,3644.0,2573.0,3794.0,2571.0,3801.0,2607.0,3650.0,2610.0,4.059507,1,single_row,day,2,,,,
uc3m,train,data_raw/uc3m/train/00253.jpg,,AD-88*7*FR,88*7*FR,2046.0,2650.0,2370.0,2651.0,2374.0,2717.0,2048.0,2718.0,4.8453264,1,single_row,day,2,,,,
uc3m,train,data_raw/uc3m/train/00253.jpg,,AD-64*1*PP,64*1*PP,3107.0,2806.0,3306.0,2800.0,3316.0,2849.0,3116.0,2857.0,3.9219854,1,single_row,day,2,,,,
uc3m,train,data_raw/uc3m/train/00253.jpg,,AD-3*04DL*,3*04DL*,3449.0,2652.0,3591.0,2655.0,3594.0,2693.0,3451.0,2692.0,3.6464338,1,single_row,day,2,,,,
uc3m,train,data_raw/uc3m/train/00254.jpg,,AD-64*1*PP,64*1*PP,1951.0,2691.0,2337.0,2687.0,2342.0,2767.0,1954.0,2774.0,4.7428617,1,single_row,day,2,,,,
uc3m,train,data_raw/uc3m/train/00254.jpg,,AD-3*04DL*,3*04DL*,2872.0,2458.0,3092.0,2466.0,3093.0,2517.0,2872.0,2509.0,4.3259583,1,single_row,day,2,,,,
uc3m,train,data_raw/uc3m/train/00255.jpg,,AD-3*04DL*,3*04DL*,1275.0,2494.0,1738.0,2506.0,1737.0,2591.0,1270.0,2585.0,5.2808986,1,single_row,day,2,,,,
uc3m,train,data_raw/uc3m/train/00255.jpg,,AD-51*5*FX,51*5*FX,3325.0,2578.0,3494.0,2591.0,3499.0,2630.0,3328.0,2621.0,4.1339545,1,single_row,day,2,,,,
uc3m,train,data_raw/uc3m/train/00257.jpg,,AD-755**TT,755**TT,1826.0,2730.0,2239.0,2714.0,2250.0,2800.0,1830.0,2819.0,4.7428017,1,single_row,day,2,,,,
uc3m,train,data_raw/uc3m/train/00257.jpg,,AD-095**TB,095**TB,3206.0,2549.0,3457.0,2544.0,3460.0,2604.0,3208.0,2611.0,4.1205344,1,single_row,day,2,,,,
uc3m,train,data_raw/uc3m/train/00257.jpg,,AD-14*1*PG,14*1*PG,3689.0,2564.0,3824.0,2558.0,3833.0,2599.0,3698.0,2605.0,3.2192843,1,single_row,day,2,,,,
uc3m,train,data_raw/uc3m/train/00258.jpg,,AD-095**TB,095**TB,1031.0,2543.0,1748.0,2525.0,1743.0,2653.0,1027.0,2689.0,5.231143,1,single_row,day,2,,,,
uc3m,train,data_raw/uc3m/train/00258.jpg,,AD-14*1*PG,14*1*PG,2907.0,2462.0,3145.0,2449.0,3155.0,2511.0,2914.0,2524.0,3.8316581,1,single_row,day,2,,,,
uc3m,train,data_raw/uc3m/train/00258.jpg,,AD-2*55*CL,2*55*CL,3543.0,2246.0,3690.0,2249.0,3699.0,2292.0,3554.0,2294.0,3.1343288,1,single_row,day,2,,,,
uc3m,train,data_raw/uc3m/train/00259.jpg,,AD-*131*WM,*131*WM,3514.0,2125.0,4033.0,2106.0,4028.0,2212.0,3509.0,2221.0,5.134418,1,single_row,day,2,,,,
uc3m,train,data_raw/uc3m/train/00259.jpg,,AD-*993*CV,*993*CV,2410.0,2231.0,2568.0,2227.0,2566.0,2264.0,2407.0,2267.0,4.332934,1,single_row,day,2,,,,
uc3m,train,data_raw/uc3m/train/00259.jpg,,AD-129*F*T,129*F*T,1936.0,2118.0,2056.0,2111.0,2052.0,2138.0,1934.0,2145.0,4.3850894,1,single_row,day,2,,,,
uc3m,train,data_raw/uc3m/train/00260.jpg,,AD-3*20D*D,3*20D*D,2066.0,2331.0,2396.0,2318.0,2402.0,2387.0,2071.0,2403.0,4.6781077,1,single_row,day,2,,,,
uc3m,train,data_raw/uc3m/train/00260.jpg,,AD-*033CC*,*033CC*,3089.0,2095.0,3312.0,2095.0,3319.0,2144.0,3094.0,2143.0,4.582806,1,single_row,day,2,,,,
uc3m,train,data_raw/uc3m/train/00260.jpg,,AD-394**FL,394**FL,3873.0,2108.0,4024.0,2112.0,4029.0,2150.0,3877.0,2146.0,3.9602242,1,single_row,day,2,,,,
uc3m,train,data_raw/uc3m/train/00261.jpg,,AD-*033CC*,*033CC*,888.0,2151.0,1392.0,2141.0,1398.0,2227.0,891.0,2242.0,5.7053466,1,single_row,day,2,,,,
uc3m,train,data_raw/uc3m/train/00261.jpg,,AD-524*F*R,524*F*R,3084.0,2070.0,3243.0,2071.0,3248.0,2111.0,3090.0,2110.0,3.925347,1,single_row,day,2,,,,
uc3m,train,data_raw/uc3m/train/00262.jpg,,AD-276*KW*,276*KW*,3142.0,1943.0,3420.0,1928.0,3420.0,1987.0,3139.0,2001.0,4.781045,1,single_row,day,2,,,,
uc3m,train,data_raw/uc3m/train/00264.jpg,,AD-50*3*YM,50*3*YM,2632.0,2581.0,2847.0,2575.0,2854.0,2626.0,2637.0,2635.0,4.089242,1,single_row,day,2,,,,
uc3m,train,data_raw/uc3m/train/00265.jpg,,AD-305**VP,305**VP,3093.0,2367.0,3343.0,2364.0,3354.0,2413.0,3099.0,2415.0,5.1223264,1,single_row,day,2,,,,
uc3m,train,data_raw/uc3m/train/00267.jpg,,AD-449*KY*,449*KY*,2810.0,2126.0,3050.0,2122.0,3056.0,2171.0,2812.0,2176.0,4.8697734,1,single_row,day,2,,,,
uc3m,train,data_raw/uc3m/train/00269.jpg,,AD-6*19H*L,6*19H*L,4135.0,2345.0,4491.0,2345.0,4500.0,2423.0,4140.0,2423.0,4.5698934,1,single_row,day,2,,,,
uc3m,train,data_raw/uc3m/train/00271.jpg,,AD-80*9*YM,80*9*YM,3588.0,2422.0,3860.0,2420.0,3874.0,2474.0,3598.0,2477.0,4.9067817,1,single_row,day,2,,,,
uc3m,train,data_raw/uc3m/train/00272.jpg,,AD-39*4D*R,39*4D*R,3698.0,2685.0,3966.0,2674.0,3969.0,2732.0,3700.0,2741.0,4.7091484,1,single_row,day,2,,,,
uc3m,train,data_raw/uc3m/train/00273.jpg,,AD-899**ZT,899**ZT,4295.0,2659.0,4586.0,2648.0,4589.0,2715.0,4300.0,2728.0,4.260612,1,single_row,day,2,,,,
uc3m,train,data_raw/uc3m/train/00274.jpg,,AD-013**XY,013**XY,1841.0,2541.0,1991.0,2540.0,1988.0,2575.0,1837.0,2577.0,4.2188797,1,single_row,day,2,,,,
uc3m,train,data_raw/uc3m/train/00275.jpg,,AD-19*3KX*,19*3KX*,2267.0,2461.0,2439.0,2462.0,2428.0,2505.0,2258.0,2505.0,3.8300045,1,single_row,day,2,,,,
uc3m,train,data_raw/uc3m/train/00276.jpg,,AD-51*3BR*,51*3BR*,2725.0,2424.0,2935.0,2416.0,2939.0,2459.0,2728.0,2466.0,4.939094,1,single_row,day,2,,,,
uc3m,train,data_raw/uc3m/train/00277.jpg,,AD-776*HP*,776*HP*,2395.0,2215.0,2720.0,2219.0,2722.0,2286.0,2394.0,2282.0,4.8721437,1,single_row,day,2,,,,
uc3m,train,data_raw/uc3m/train/00277.jpg,,AD-84*9*YS,84*9*YS,1377.0,2231.0,1584.0,2236.0,1584.0,2274.0,1377.0,2268.0,5.5219646,1,single_row,day,2,,,,
uc3m,train,data_raw/uc3m/train/00278.jpg,,AD-84*9*YS,84*9*YS,2674.0,2256.0,3099.0,2254.0,3104.0,2344.0,2678.0,2338.0,4.9411592,1,single_row,day,2,,,,
uc3m,train,data_raw/uc3m/train/00279.jpg,,AN-M*222Y*,M*222Y*,1742.0,2775.0,2098.0,2759.0,2097.0,2847.0,1735.0,2859.0,4.1704664,1,single_row,night,2,,,,
uc3m,train,data_raw/uc3m/train/00280.jpg,,AD-34*1*JD,34*1*JD,4420.0,2668.0,5116.0,2657.0,5136.0,2800.0,4435.0,2815.0,4.7825522,1,single_row,day,2,,,,
uc3m,train,data_raw/uc3m/train/00281.jpg,,AD-505**PB,505**PB,1158.0,2772.0,1481.0,2769.0,1482.0,2839.0,1160.0,2837.0,4.776586,1,single_row,day,2,,,,
uc3m,train,data_raw/uc3m/train/00282.jpg,,AD-454**FZ,454**FZ,4155.0,2651.0,4772.0,2638.0,4791.0,2770.0,4173.0,2780.0,4.6857743,1,single_row,day,2,,,,
uc3m,train,data_raw/uc3m/train/00283.jpg,,AD-0*66HR*,0*66HR*,3268.0,2353.0,3721.0,2348.0,3723.0,2437.0,3266.0,2442.0,5.1113777,1,single_row,day,2,,,,
uc3m,train,data_raw/uc3m/train/00283.jpg,,AD-06*3KW*,06*3KW*,1821.0,2045.0,2039.0,2043.0,2041.0,2082.0,1822.0,2084.0,5.598201,1,single_row,day,2,,,,
uc3m,train,data_raw/uc3m/train/00284.jpg,,AD-23*6*BP,23*6*BP,232.0,3152.0,570.0,3139.0,572.0,3213.0,235.0,3224.0,4.6233945,1,single_row,day,2,,,,
uc3m,train,data_raw/uc3m/train/00285.jpg,,AD-280**DV,280**DV,1107.0,2839.0,1356.0,2838.0,1356.0,2890.0,1106.0,2889.0,4.891717,1,single_row,day,2,,,,
uc3m,train,data_raw/uc3m/train/00286.jpg,,AD-322**MC,322**MC,3382.0,3061.0,4141.0,3003.0,4176.0,3166.0,3410.0,3226.0,4.5785007,1,single_row,day,2,,,,
uc3m,train,data_raw/uc3m/train/00287.jpg,,AD-609*CN*,609*CN*,3292.0,2751.0,4018.0,2727.0,4032.0,2867.0,3300.0,2907.0,4.9157047,1,single_row,day,2,,,,
uc3m,train,data_raw/uc3m/train/00288.jpg,,AD-08*5KT*,08*5KT*,614.0,2787.0,934.0,2781.0,928.0,2850.0,607.0,2854.0,4.6922665,1,single_row,day,2,,,,
uc3m,train,data_raw/uc3m/train/00289.jpg,,AD-34*3CR*,34*3CR*,3800.0,2953.0,4155.0,2953.0,4154.0,3028.0,3799.0,3019.0,5.035761,1,single_row,day,2,,,,
uc3m,train,data_raw/uc3m/train/00291.jpg,,AD-761*KZ*,761*KZ*,3117.0,2184.0,3543.0,2178.0,3549.0,2260.0,3125.0,2268.0,5.1027684,1,single_row,day,2,,,,
uc3m,train,data_raw/uc3m/train/00292.jpg,,AN-8*09JZ*,8*09JZ*,3172.0,2735.0,3515.0,2733.0,3522.0,2806.0,3175.0,2806.0,4.778494,1,single_row,night,2,,,,
uc3m,train,data_raw/uc3m/train/00294.jpg,,AD-305**VP,305**VP,148.0,2333.0,722.0,2333.0,725.0,2462.0,144.0,2462.0,4.4750643,1,single_row,day,2,,,,
uc3m,train,data_raw/uc3m/train/00295.jpg,,AD-731*BC*,731*BC*,3509.0,2948.0,3812.0,2947.0,3829.0,3018.0,3522.0,3024.0,4.0640697,1,single_row,day,2,,,,
uc3m,train,data_raw/uc3m/train/00297.jpg,,AD-595*CC*,595*CC*,4231.0,2366.0,4627.0,2359.0,4639.0,2433.0,4240.0,2439.0,5.3535576,1,single_row,day,2,,,,
uc3m,train,data_raw/uc3m/train/00299.jpg,,AD-34*8C*B,34*8C*B,4091.0,2407.0,4691.0,2401.0,4704.0,2520.0,4098.0,2521.0,5.1556816,1,single_row,day,2,,,,
uc3m,train,data_raw/uc3m/train/00301.jpg,,AN-76*4B*Z,76*4B*Z,2739.0,2278.0,3126.0,2280.0,3135.0,2355.0,2738.0,2351.0,5.2780347,1,single_row,night,2,,,,
uc3m,train,data_raw/uc3m/train/00303.jpg,,AN-509*G*N,509*G*N,3328.0,2800.0,3951.0,2769.0,3978.0,2896.0,3348.0,2932.0,4.764848,1,single_row,night,2,,,,
uc3m,train,data_raw/uc3m/train/00304.jpg,,AN-17*7*PX,17*7*PX,3139.0,2815.0,3882.0,2827.0,3889.0,2981.0,3137.0,2965.0,4.9158545,1,single_row,night,2,,,,
uc3m,train,data_raw/uc3m/train/00304.jpg,,AN-116*JN*,116*JN*,203.0,2692.0,875.0,2696.0,869.0,2823.0,183.0,2817.0,5.3522635,1,single_row,night,2,,,,
uc3m,train,data_raw/uc3m/train/00305.jpg,,AN-*564FF*,*564FF*,2265.0,2128.0,3082.0,2121.0,3085.0,2280.0,2257.0,2278.0,5.3195724,1,single_row,night,2,,,,
uc3m,train,data_raw/uc3m/train/00306.jpg,,AN-76*3*WW,76*3*WW,1804.0,2495.0,2581.0,2500.0,2585.0,2650.0,1803.0,2643.0,5.230707,1,single_row,night,2,,,,
uc3m,train,data_raw/uc3m/train/00307.jpg,,AN-597**DD,597**DD,3583.0,2619.0,4436.0,2638.0,4440.0,2800.0,3583.0,2783.0,5.2457705,1,single_row,night,2,,,,
uc3m,train,data_raw/uc3m/train/00307.jpg,,AN-21*1*WC,21*1*WC,234.0,2024.0,986.0,2034.0,982.0,2176.0,216.0,2166.0,5.32318,1,single_row,night,2,,,,
uc3m,train,data_raw/uc3m/train/00309.jpg,,AN-19*4*WH,19*4*WH,492.0,2141.0,1107.0,2160.0,1088.0,2267.0,470.0,2256.0,5.4633036,1,single_row,night,2,,,,
uc3m,train,data_raw/uc3m/train/00309.jpg,,AN-285*F*J,285*F*J,4182.0,2858.0,4887.0,2844.0,4892.0,2990.0,4185.0,3002.0,4.8678346,1,single_row,night,2,,,,
uc3m,train,data_raw/uc3m/train/00313.jpg,,AN-858*BX*,858*BX*,3758.0,2000.0,4168.0,1992.0,4185.0,2083.0,3774.0,2094.0,4.369933,1,single_row,night,2,,,,
uc3m,train,data_raw/uc3m/train/00314.jpg,,AD-90*7*FX,90*7*FX,3061.0,2454.0,3312.0,2436.0,3326.0,2486.0,3071.0,2508.0,4.7509027,1,single_row,day,2,,,,
uc3m,train,data_raw/uc3m/train/00315.jpg,,AD-26*6*GG,26*6*GG,4438.0,1977.0,4918.0,1939.0,4945.0,2042.0,4460.0,2083.0,4.5088773,1,single_row,day,2,,,,
uc3m,train,data_raw/uc3m/train/00316.jpg,,AD-545**HG,545**HG,3370.0,2366.0,3833.0,2318.0,3850.0,2418.0,3387.0,2468.0,4.54582,1,single_row,day,2,,,,
uc3m,train,data_raw/uc3m/train/00317.jpg,,AD-103**HN,103**HN,3791.0,2353.0,4239.0,2320.0,4263.0,2423.0,3813.0,2457.0,4.24641,1,single_row,day,2,,,,
uc3m,train,data_raw/uc3m/train/00318.jpg,,AD-50*3*MV,50*3*MV,3039.0,1838.0,3409.0,1824.0,3420.0,1900.0,3049.0,1916.0,4.7713313,1,single_row,day,2,,,,
uc3m,train,data_raw/uc3m/train/00319.jpg,,AN-344**VD,344**VD,2991.0,2150.0,3371.0,2120.0,3387.0,2199.0,3002.0,2233.0,4.6715884,1,single_row,night,2,,,,
uc3m,train,data_raw/uc3m/train/00321.jpg,,AD-19*3*ZZ,19*3*ZZ,3121.0,2188.0,3529.0,2159.0,3544.0,2239.0,3131.0,2271.0,4.989669,1,single_row,day,2,,,,
uc3m,train,data_raw/uc3m/train/00322.jpg,,AD-TO68*4A*,TO68*4A*,2468.0,2083.0,2757.0,2066.0,2767.0,2127.0,2476.0,2140.0,4.86534,1,single_row,day,2,,,,
uc3m,train,data_raw/uc3m/train/00323.jpg,,AD-09*7*TY,09*7*TY,2603.0,1929.0,2924.0,1915.0,2925.0,1983.0,2606.0,2000.0,4.6074247,1,single_row,day,2,,,,
uc3m,train,data_raw/uc3m/train/00324.jpg,,AD-442*GR*,442*GR*,2566.0,1878.0,2929.0,1863.0,2942.0,1945.0,2579.0,1960.0,4.375956,1,single_row,day,2,,,,
uc3m,train,data_raw/uc3m/train/00325.jpg,,AN-006*H*Y,006*H*Y,1598.0,2242.0,1844.0,2256.0,1837.0,2304.0,1591.0,2289.0,5.1325073,1,single_row,night,2,,,,
uc3m,train,data_raw/uc3m/train/00328.jpg,,AN-77*1J*Z,77*1J*Z,3736.0,2762.0,4099.0,2739.0,4117.0,2817.0,3751.0,2839.0,4.608205,1,single_row,night,2,,,,
uc3m,train,data_raw/uc3m/train/00329.jpg,,AD-*383F*Y,*383F*Y,2500.0,2505.0,2660.0,2504.0,2661.0,2538.0,2499.0,2535.0,5.029268,1,single_row,day,2,,,,
uc3m,train,data_raw/uc3m/train/00330.jpg,,AD-25*3LV*,25*3LV*,1744.0,2836.0,2027.0,2821.0,2035.0,2883.0,1750.0,2898.0,4.5574927,1,single_row,day,2,,,,
uc3m,train,data_raw/uc3m/train/00331.jpg,,AD-524**TB,524**TB,3762.0,2894.0,4201.0,2848.0,4227.0,2948.0,3788.0,2992.0,4.3113728,1,single_row,day,2,,,,
uc3m,train,data_raw/uc3m/train/00332.jpg,,AD-62*3D*M,62*3D*M,3535.0,2904.0,4110.0,2897.0,4112.0,3008.0,3537.0,3016.0,5.1565623,1,single_row,day,2,,,,
uc3m,train,data_raw/uc3m/train/00333.jpg,,AD-64*2F*M,64*2F*M,1754.0,2741.0,1965.0,2735.0,1970.0,2794.0,1758.0,2799.0,3.6058538,1,single_row,day,2,,,,
uc3m,train,data_raw/uc3m/train/00334.jpg,,AD-835**FD,835**FD,4251.0,3007.0,4733.0,2981.0,4769.0,3081.0,4289.0,3110.0,4.45958,1,single_row,day,2,,,,
uc3m,train,data_raw/uc3m/train/00335.jpg,,AN-28*2*WX,28*2*WX,4356.0,2311.0,4857.0,2292.0,4879.0,2397.0,4378.0,2417.0,4.6523337,1,single_row,night,2,,,,
uc3m,train,data_raw/uc3m/train/00336.jpg,,AD-*999*VX,*999*VX,430.0,2775.0,724.0,2764.0,726.0,2824.0,431.0,2834.0,4.950993,1,single_row,day,2,,,,
uc3m,train,data_raw/uc3m/train/00336.jpg,,AD-0*06*TN,0*06*TN,4431.0,2502.0,4642.0,2500.0,4646.0,2539.0,4433.0,2540.0,5.4883156,1,single_row,day,2,,,,
uc3m,train,data_raw/uc3m/train/00338.jpg,,AN-42*0*DZ,42*0*DZ,2600.0,2324.0,2801.0,2339.0,2788.0,2412.0,2581.0,2391.0,2.848739,1,single_row,night,2,,,,
uc3m,train,data_raw/uc3m/train/00339.jpg,,AN-263*HT*,263*HT*,2320.0,2141.0,2685.0,2182.0,2672.0,2270.0,2300.0,2223.0,4.281598,1,single_row,night,2,,,,
uc3m,train,data_raw/uc3m/train/00341.jpg,,AD-91*0*SD,91*0*SD,2849.0,2192.0,3177.0,2162.0,3192.0,2226.0,2862.0,2261.0,4.8637614,1,single_row,day,2,,,,
uc3m,train,data_raw/uc3m/train/00342.jpg,,AD-*744*FM,*744*FM,2816.0,2312.0,3129.0,2292.0,3138.0,2361.0,2823.0,2382.0,4.4974008,1,single_row,day,2,,,,
uc3m,train,data_raw/uc3m/train/00342.jpg,,AD-6*59D*D,6*59D*D,1402.0,2117.0,1558.0,2114.0,1560.0,2146.0,1403.0,2151.0,4.738529,1,single_row,day,2,,,,
uc3m,train,data_raw/uc3m/train/00343.jpg,,AD-6*59D*D,6*59D*D,2808.0,2057.0,3157.0,2039.0,3159.0,2110.0,2811.0,2129.0,4.8779025,1,single_row,day,2,,,,
uc3m,train,data_raw/uc3m/train/00344.jpg,,AN-676**RB,676**RB,2823.0,2109.0,3055.0,2096.0,3058.0,2140.0,2828.0,2153.0,5.2353826,1,single_row,night,2,,,,
uc3m,train,data_raw/uc3m/train/00345.jpg,,AN-*651HY*,*651HY*,2969.0,1672.0,3291.0,1657.0,3299.0,1724.0,2974.0,1741.0,4.7402925,1,single_row,night,2,,,,
uc3m,train,data_raw/uc3m/train/00346.jpg,,AD-881**WZ,881**WZ,1795.0,1917.0,2036.0,1893.0,2042.0,1942.0,1800.0,1965.0,4.970849,1,single_row,day,2,,,,
uc3m,train,data_raw/uc3m/train/00347.jpg,,AN-67*0*ZW,67*0*ZW,3081.0,2591.0,3348.0,2589.0,3353.0,2643.0,3081.0,2645.0,4.9802265,1,single_row,night,2,,,,
uc3m,train,data_raw/uc3m/train/00349.jpg,,AD-43*2*GD,43*2*GD,1722.0,2926.0,1900.0,2915.0,1907.0,2961.0,1723.0,2973.0,3.8778033,1,single_row,day,2,,,,
uc3m,train,data_raw/uc3m/train/00350.jpg,,AN-255*CM*,255*CM*,1218.0,2847.0,1867.0,2848.0,1867.0,2976.0,1216.0,2971.0,5.158479,1,single_row,night,2,,,,
uc3m,train,data_raw/uc3m/train/00350.jpg,,AN-29*3*XX,29*3*XX,4214.0,2575.0,4808.0,2575.0,4816.0,2704.0,4216.0,2694.0,4.80972,1,single_row,night,2,,,,
uc3m,train,data_raw/uc3m/train/00351.jpg,,AN-29*3*XX,29*3*XX,1084.0,2451.0,1689.0,2450.0,1690.0,2577.0,1088.0,2575.0,4.807471,1,single_row,night,2,,,,
uc3m,train,data_raw/uc3m/train/00351.jpg,,AN-44*3*PY,44*3*PY,3944.0,2369.0,4511.0,2360.0,4516.0,2467.0,3950.0,2478.0,5.239361,1,single_row,night,2,,,,
uc3m,train,data_raw/uc3m/train/00352.jpg,,AD-29*3*XX,29*3*XX,1025.0,2783.0,1619.0,2781.0,1629.0,2903.0,1027.0,2900.0,4.9953203,1,single_row,day,2,,,,
uc3m,train,data_raw/uc3m/train/00352.jpg,,AD-44*3*PY,44*3*PY,3888.0,2709.0,4460.0,2705.0,4462.0,2817.0,3894.0,2822.0,5.0628433,1,single_row,day,2,,,,
uc3m,train,data_raw/uc3m/train/00354.jpg,,AN-69*1*SR,69*1*SR,2153.0,1972.0,3130.0,1978.0,3123.0,2157.0,2162.0,2136.0,5.6445556,1,single_row,night,2,,,,
uc3m,train,data_raw/uc3m/train/00355.jpg,,AN-*551G*N,*551G*N,2107.0,1877.0,3159.0,1896.0,3150.0,2080.0,2112.0,2055.0,5.770161,1,single_row,night,2,,,,
uc3m,train,data_raw/uc3m/train/00356.jpg,,AD-28*5KW*,28*5KW*,1978.0,1698.0,3179.0,1727.0,3171.0,1927.0,2001.0,1894.0,5.9667587,1,single_row,day,2,,,,
uc3m,train,data_raw/uc3m/train/00357.jpg,,AD-729**HJ,729**HJ,1967.0,1920.0,2997.0,1895.0,2981.0,2070.0,1970.0,2091.0,5.887483,1,single_row,day,2,,,,
uc3m,train,data_raw/uc3m/train/00359.jpg,,AD-856**VD,856**VD,1938.0,1789.0,3235.0,1767.0,3202.0,1983.0,1948.0,2002.0,5.909402,1,single_row,day,2,,,,
uc3m,train,data_raw/uc3m/train/00360.jpg,,AD-821**BC,821**BC,1966.0,1779.0,2977.0,1819.0,2968.0,2009.0,1966.0,1966.0,5.3410487,1,single_row,day,2,,,,
uc3m,train,data_raw/uc3m/train/00361.jpg,,AD-3*84*CG,3*84*CG,1939.0,2051.0,2991.0,2057.0,2991.0,2245.0,1957.0,2228.0,5.7012386,1,single_row,day,2,,,,
uc3m,train,data_raw/uc3m/train/00363.jpg,,AN-3*84*CG,3*84*CG,1494.0,1954.0,3132.0,1994.0,3127.0,2321.0,1502.0,2254.0,5.2059245,1,single_row,night,2,,,,
uc3m,train,data_raw/uc3m/train/00364.jpg,,AD-14*5LJ*,14*5LJ*,1467.0,1613.0,3264.0,1448.0,3297.0,1808.0,1500.0,1954.0,5.1235166,1,single_row,day,2,,,,
uc3m,train,data_raw/uc3m/train/00365.jpg,,AD-532**YY,532**YY,1778.0,1678.0,3406.0,1575.0,3427.0,1887.0,1806.0,2003.0,5.0968075,1,single_row,day,2,,,,
uc3m,train,data_raw/uc3m/train/00366.jpg,,AD-95*0*FT,95*0*FT,2006.0,2260.0,3474.0,2182.0,3470.0,2454.0,2020.0,2538.0,5.3099546,1,single_row,day,2,,,,
uc3m,train,data_raw/uc3m/train/00367.jpg,,AN-0*00*FB,0*00*FB,2015.0,1690.0,3406.0,1574.0,3415.0,1857.0,2056.0,1982.0,4.7760024,1,single_row,night,2,,,,
uc3m,train,data_raw/uc3m/train/00368.jpg,,AN-4*42KS*,4*42KS*,1726.0,1685.0,3265.0,1585.0,3275.0,1902.0,1763.0,2007.0,4.768438,1,single_row,night,2,,,,
uc3m,train,data_raw/uc3m/train/00369.jpg,,AN-73*2*MS,73*2*MS,2134.0,1658.0,2818.0,1684.0,2815.0,1828.0,2125.0,1804.0,4.736037,1,single_row,night,2,,,,
uc3m,train,data_raw/uc3m/train/00369.jpg,,AN-M116*P*,M116*P*,4498.0,1729.0,5087.0,1745.0,5059.0,1875.0,4481.0,1869.0,4.2598815,1,single_row,night,2,,,,
uc3m,train,data_raw/uc3m/train/00370.jpg,,AN-M116*P*,M116*P*,1581.0,2103.0,3552.0,2136.0,3519.0,2465.0,1644.0,2453.0,5.6046205,1,single_row,night,2,,,,
uc3m,train,data_raw/uc3m/train/00371.jpg,,AN-8*20GT*,8*20GT*,1660.0,1843.0,3310.0,1803.0,3296.0,2090.0,1693.0,2116.0,5.786112,1,single_row,night,2,,,,
uc3m,train,data_raw/uc3m/train/00372.jpg,,AN-*002*XZ,*002*XZ,1776.0,1611.0,3131.0,1573.0,3123.0,1825.0,1793.0,1855.0,5.4072304,1,single_row,night,2,,,,
uc3m,train,data_raw/uc3m/train/00373.jpg,,AN-769**GH,769**GH,1915.0,2015.0,2859.0,2026.0,2857.0,2199.0,1919.0,2189.0,5.42307,1,single_row,night,2,,,,
uc3m,train,data_raw/uc3m/train/00375.jpg,,AN-*063*GZ,*063*GZ,2010.0,1820.0,3198.0,1857.0,3185.0,2061.0,2027.0,2036.0,5.573373,1,single_row,night,2,,,,
uc3m,train,data_raw/uc3m/train/00377.jpg,,BN-237**ND,237**ND,2349.0,1666.0,2803.0,1719.0,2774.0,2049.0,2305.0,2000.0,1.3898457,2,two_row,night,2,,,,
uc3m,train,data_raw/uc3m/train/00378.jpg,,BN-237**ND,237**ND,1498.0,1661.0,1848.0,1661.0,1840.0,1899.0,1506.0,1895.0,1.4483713,2,two_row,night,2,,,,
uc3m,train,data_raw/uc3m/train/00378.jpg,,BN-01*6H*J,01*6H*J,3381.0,1707.0,3835.0,1615.0,3894.0,1928.0,3456.0,2028.0,1.4078343,2,two_row,night,2,,,,
uc3m,train,data_raw/uc3m/train/00379.jpg,,AN-14*1*JG,14*1*JG,1831.0,1653.0,3102.0,1611.0,3110.0,1890.0,1860.0,1945.0,4.406424,1,single_row,night,2,,,,
uc3m,train,data_raw/uc3m/train/00380.jpg,,AN-789*F*X,789*F*X,1914.0,1915.0,2824.0,1899.0,2825.0,2074.0,1925.0,2097.0,5.066491,1,single_row,night,2,,,,
uc3m,train,data_raw/uc3m/train/00381.jpg,,AN-0*81LP*,0*81LP*,1910.0,1908.0,2896.0,1880.0,2894.0,2070.0,1915.0,2098.0,5.172114,1,single_row,night,2,,,,
uc3m,train,data_raw/uc3m/train/00383.jpg,,AN-879**XR,879**XR,2080.0,1778.0,2784.0,1761.0,2784.0,1899.0,2089.0,1915.0,5.0832305,1,single_row,night,2,,,,
uc3m,train,data_raw/uc3m/train/00385.jpg,,AN-42*2B*Y,42*2B*Y,1787.0,2072.0,3145.0,2118.0,3139.0,2345.0,1827.0,2300.0,5.8259373,1,single_row,night,2,,,,
uc3m,train,data_raw/uc3m/train/00387.jpg,,AN-0*00JZ*,0*00JZ*,2300.0,2135.0,3027.0,2154.0,3011.0,2288.0,2300.0,2274.0,5.250507,1,single_row,night,2,,,,
uc3m,train,data_raw/uc3m/train/00388.jpg,,AN-57*4JN*,57*4JN*,1995.0,1885.0,3043.0,1904.0,3041.0,2119.0,2012.0,2107.0,4.7462544,1,single_row,night,2,,,,
uc3m,train,data_raw/uc3m/train/00389.jpg,,AN-7*29K*M,7*29K*M,2680.0,1942.0,2922.0,1935.0,2925.0,1988.0,2682.0,1995.0,4.572091,1,single_row,night,2,,,,
uc3m,train,data_raw/uc3m/train/00389.jpg,,AN-61*7*DX,61*7*DX,1487.0,1920.0,1665.0,1915.0,1664.0,1954.0,1484.0,1957.0,4.703471,1,single_row,night,2,,,,
uc3m,train,data_raw/uc3m/train/00391.jpg,,AN-637**SY,637**SY,848.0,1732.0,1202.0,1711.0,1208.0,1783.0,856.0,1808.0,4.7589397,1,single_row,night,2,,,,
uc3m,train,data_raw/uc3m/train/00391.jpg,,AN-*038D*W,*038D*W,3296.0,1628.0,3623.0,1608.0,3636.0,1675.0,3308.0,1704.0,4.5243177,1,single_row,night,2,,,,
uc3m,train,data_raw/uc3m/train/00392.jpg,,AN-637**SY,637**SY,2121.0,2647.0,2369.0,2628.0,2371.0,2677.0,2128.0,2695.0,5.047667,1,single_row,night,2,,,,
uc3m,train,data_raw/uc3m/train/00392.jpg,,AN-99*2*NS,99*2*NS,3403.0,2574.0,3573.0,2562.0,3578.0,2597.0,3408.0,2609.0,4.8202906,1,single_row,night,2,,,,
uc3m,train,data_raw/uc3m/train/00394.jpg,,AN-7*28*GX,7*28*GX,2435.0,2073.0,2864.0,2061.0,2871.0,2161.0,2445.0,2171.0,4.303244,1,single_row,night,2,,,,
uc3m,train,data_raw/uc3m/train/00395.jpg,,AN-769**BV,769**BV,2993.0,1988.0,3239.0,1980.0,3243.0,2030.0,3001.0,2038.0,4.8440785,1,single_row,night,2,,,,
uc3m,train,data_raw/uc3m/train/00395.jpg,,AN-64*3*XG,64*3*XG,4145.0,1927.0,4366.0,1920.0,4373.0,1969.0,4151.0,1976.0,4.483165,1,single_row,night,2,,,,
uc3m,train,data_raw/uc3m/train/00396.jpg,,AN-7*28*GX,7*28*GX,1570.0,1905.0,1901.0,1896.0,1900.0,1966.0,1578.0,1976.0,4.618225,1,single_row,night,2,,,,
uc3m,train,data_raw/uc3m/train/00397.jpg,,AN-9*89KZ*,9*89KZ*,1786.0,2086.0,2241.0,2068.0,2246.0,2159.0,1789.0,2177.0,5.009752,1,single_row,night,2,,,,
uc3m,train,data_raw/uc3m/train/00397.jpg,,AN-812*KZ*,812*KZ*,3127.0,1601.0,3322.0,1601.0,3321.0,1639.0,3129.0,1643.0,4.83435,1,single_row,night,2,,,,
uc3m,train,data_raw/uc3m/train/00398.jpg,,AN-7*17*ZR,7*17*ZR,4014.0,2279.0,4685.0,2263.0,4694.0,2403.0,4023.0,2418.0,4.801338,1,single_row,night,2,,,,
uc3m,train,data_raw/uc3m/train/00399.jpg,,AN-99*6C*B,99*6C*B,586.0,2513.0,1986.0,2443.0,2002.0,2724.0,608.0,2781.0,5.082003,1,single_row,night,2,,,,
uc3m,train,data_raw/uc3m/train/00400.jpg,,AN-086**HV,086**HV,2324.0,1594.0,2977.0,1592.0,2979.0,1719.0,2328.0,1727.0,5.0141225,1,single_row,night,2,,,,
uc3m,train,data_raw/uc3m/train/00401.jpg,,AN-10*2*DL,10*2*DL,1196.0,1327.0,1976.0,1307.0,1978.0,1470.0,1194.0,1494.0,4.7409353,1,single_row,night,2,,,,
uc3m,train,data_raw/uc3m/train/00402.jpg,,AN-812*KZ*,812*KZ*,998.0,2088.0,1753.0,2074.0,1768.0,2223.0,987.0,2241.0,5.0679436,1,single_row,night,2,,,,
uc3m,train,data_raw/uc3m/train/00402.jpg,,AN-58*0FP*,58*0FP*,4612.0,1703.0,4894.0,1701.0,4897.0,1761.0,4614.0,1766.0,4.5899315,1,single_row,night,2,,,,
uc3m,train,data_raw/uc3m/train/00403.jpg,,AN-086**HV,086**HV,2358.0,2117.0,3497.0,2097.0,3510.0,2310.0,2382.0,2339.0,5.1925826,1,single_row,night,2,,,,
uc3m,train,data_raw/uc3m/train/00404.jpg,,AN-727*H*W,727*H*W,978.0,975.0,2103.0,942.0,2124.0,1184.0,1003.0,1215.0,4.640387,1,single_row,night,2,,,,
uc3m,train,data_raw/uc3m/train/00404.jpg,,AN-103**PK,103**PK,4033.0,927.0,4479.0,919.0,4480.0,1003.0,4045.0,1015.0,5.099151,1,single_row,night,2,,,,
uc3m,train,data_raw/uc3m/train/00406.jpg,,AN-812*KZ*,812*KZ*,1566.0,1591.0,2592.0,1543.0,2603.0,1756.0,1563.0,1819.0,4.688447,1,single_row,night,2,,,,
uc3m,train,data_raw/uc3m/train/00408.jpg,,AN-812*KZ*,812*KZ*,2005.0,1408.0,3186.0,1383.0,3191.0,1608.0,2035.0,1648.0,5.0071535,1,single_row,night,2,,,,
uc3m,train,data_raw/uc3m/train/00409.jpg,,AN-242*J*D,242*J*D,2398.0,1590.0,3166.0,1576.0,3178.0,1725.0,2409.0,1754.0,4.899378,1,single_row,night,2,,,,
uc3m,train,data_raw/uc3m/train/00410.jpg,,AN-36*8H*D,36*8H*D,1436.0,2743.0,2485.0,2724.0,2492.0,2934.0,1451.0,2956.0,4.93434,1,single_row,night,2,,,,
uc3m,train,data_raw/uc3m/train/00411.jpg,,AN-67*4*ZX,67*4*ZX,3564.0,2589.0,4351.0,2629.0,4345.0,2775.0,3564.0,2745.0,5.195204,1,single_row,night,2,,,,
uc3m,train,data_raw/uc3m/train/00412.jpg,,AN-115**CB,115**CB,4978.0,3043.0,6732.0,3194.0,6732.0,3556.0,4986.0,3429.0,4.6934648,1,single_row,night,2,,,,
uc3m,train,data_raw/uc3m/train/00413.jpg,,AN-M01*3U*,M01*3U*,766.0,2457.0,2157.0,2496.0,2151.0,2763.0,772.0,2745.0,4.9910192,1,single_row,night,2,,,,
uc3m,train,data_raw/uc3m/train/00415.jpg,,AN-158**WZ,158**WZ,441.0,2237.0,858.0,2250.0,837.0,2372.0,423.0,2349.0,3.506454,1,single_row,night,2,,,,
uc3m,train,data_raw/uc3m/train/00415.jpg,,AN-67*7*BT,67*7*BT,1182.0,2166.0,1619.0,2188.0,1615.0,2313.0,1180.0,2294.0,3.4493816,1,single_row,night,2,,,,
uc3m,train,data_raw/uc3m/train/00415.jpg,,AN-48*0*NZ,48*0*NZ,3317.0,2184.0,4101.0,2198.0,4072.0,2398.0,3284.0,2374.0,3.981633,1,single_row,night,2,,,,
uc3m,train,data_raw/uc3m/train/00416.jpg,,AN-158**WZ,158**WZ,1726.0,2447.0,2352.0,2476.0,2336.0,2628.0,1693.0,2615.0,3.9185374,1,single_row,night,2,,,,
uc3m,train,data_raw/uc3m/train/00416.jpg,,AN-67*7*BT,67*7*BT,3089.0,2365.0,3817.0,2406.0,3815.0,2602.0,3091.0,2569.0,3.6345813,1,single_row,night,2,,,,
uc3m,train,data_raw/uc3m/train/00417.jpg,,AN-CA*872B*,CA*872B*,2416.0,1859.0,3524.0,1886.0,3475.0,2108.0,2394.0,2083.0,4.839779,1,single_row,night,2,,,,
uc3m,train,data_raw/uc3m/train/00417.jpg,,AN-158**WZ,158**WZ,5267.0,3317.0,6957.0,3428.0,6957.0,3821.0,5239.0,3710.0,4.339568,1,single_row,night,2,,,,
uc3m,train,data_raw/uc3m/train/00418.jpg,,AN-10*8HV*,10*8HV*,401.0,3110.0,1026.0,3112.0,1026.0,3240.0,407.0,3243.0,4.763855,1,single_row,night,2,,,,
uc3m,train,data_raw/uc3m/train/00419.jpg,,AN-J21*4A*,J21*4A*,1508.0,3321.0,2271.0,3323.0,2263.0,3471.0,1495.0,3473.0,5.0902696,1,single_row,night,2,,,,
uc3m,train,data_raw/uc3m/train/00422.jpg,,AN-37*9*DX,37*9*DX,2257.0,3596.0,3006.0,3606.0,3003.0,3760.0,2257.0,3766.0,4.6140614,1,single_row,night,2,,,,
uc3m,train,data_raw/uc3m/train/00423.jpg,,EN-R255*BC*,R255*BC*,3597.0,3791.0,4021.0,3786.0,4023.0,3878.0,3604.0,3878.0,4.701706,1,single_row,night,2,,,,
uc3m,train,data_raw/uc3m/train/00423.jpg,,AN-1*88GN*,1*88GN*,4047.0,3780.0,4467.0,3773.0,4476.0,3856.0,4052.0,3867.0,4.9475503,1,single_row,night,2,,,,
uc3m,train,data_raw/uc3m/train/00424.jpg,,AN-*661*XM,*661*XM,1233.0,2375.0,2069.0,2390.0,2060.0,2554.0,1236.0,2551.0,4.8788567,1,single_row,night,2,,,,
uc3m,train,data_raw/uc3m/train/00425.jpg,,AN-*661*XM,*661*XM,4263.0,2756.0,4545.0,2757.0,4542.0,2818.0,4261.0,2821.0,4.464693,1,single_row,night,2,,,,
uc3m,train,data_raw/uc3m/train/00425.jpg,,AN-486**DZ,486**DZ,1010.0,3355.0,1732.0,3354.0,1717.0,3501.0,1003.0,3498.0,4.935842,1,single_row,night,2,,,,
uc3m,train,data_raw/uc3m/train/00426.jpg,,EN-R95*1B*Y,R95*1B*Y,2893.0,3033.0,3669.0,3027.0,3666.0,3196.0,2893.0,3200.0,4.6098537,1,single_row,night,2,,,,
uc3m,train,data_raw/uc3m/train/00426.jpg,,AN-3*05LM*,3*05LM*,3742.0,3030.0,4503.0,3030.0,4512.0,3187.0,3742.0,3193.0,4.7805977,1,single_row,night,2,,,,
uc3m,train,data_raw/uc3m/train/00427.jpg,,AN-6*64*CB,6*64*CB,1700.0,2540.0,2590.0,2533.0,2583.0,2720.0,1683.0,2723.0,4.8259406,1,single_row,night,2,,,,
uc3m,train,data_raw/uc3m/train/00428.jpg,,AN-6*64*CB,6*64*CB,2843.0,2462.0,3483.0,2472.0,3491.0,2605.0,2845.0,2605.0,4.655412,1,single_row,night,2,,,,
uc3m,train,data_raw/uc3m/train/00429.jpg,,AN-30*5*XM,30*5*XM,3935.0,2729.0,4786.0,2732.0,4772.0,2924.0,3927.0,2913.0,4.502657,1,single_row,night,2,,,,
uc3m,train,data_raw/uc3m/train/00429.jpg,,AN-58*3GT*,58*3GT*,4118.0,1229.0,4964.0,1267.0,4964.0,1445.0,4118.0,1418.0,4.613852,1,single_row,night,2,,,,
uc3m,train,data_raw/uc3m/train/00430.jpg,,AN-89*0JZ*,89*0JZ*,918.0,2612.0,2230.0,2624.0,2200.0,2912.0,906.0,2890.0,4.589932,1,single_row,night,2,,,,
uc3m,train,data_raw/uc3m/train/00431.jpg,,AN-77*2D*X,77*2D*X,1866.0,2760.0,2772.0,2766.0,2757.0,2954.0,1863.0,2957.0,4.6678686,1,single_row,night,2,,,,
uc3m,train,data_raw/uc3m/train/00432.jpg,,AN-20*8*SF,20*8*SF,1657.0,2703.0,2566.0,2715.0,2560.0,2915.0,1651.0,2906.0,4.5094743,1,single_row,night,2,,,,
uc3m,train,data_raw/uc3m/train/00433.jpg,,AN-1*58*DP,1*58*DP,2112.0,3404.0,2817.0,3424.0,2807.0,3565.0,2112.0,3551.0,4.8566127,1,single_row,night,2,,,,
uc3m,train,data_raw/uc3m/train/00434.jpg,,AN-585*J*M,585*J*M,1850.0,2893.0,2833.0,2900.0,2803.0,3096.0,1823.0,3090.0,4.9431458,1,single_row,night,2,,,,
uc3m,train,data_raw/uc3m/train/00435.jpg,,AN-91*0C*D,91*0C*D,5612.0,2757.0,6381.0,2760.0,6381.0,2915.0,5642.0,2909.0,4.8656774,1,single_row,night,2,,,,
uc3m,train,data_raw/uc3m/train/00436.jpg,,AN-91*0C*D,91*0C*D,645.0,2898.0,1066.0,2903.0,1057.0,2982.0,656.0,2985.0,4.916405,1,single_row,night,2,,,,
uc3m,train,data_raw/uc3m/train/00436.jpg,,AN-2*78G*Z,2*78G*Z,4359.0,3122.0,4882.0,3138.0,4882.0,3243.0,4359.0,3229.0,4.936,1,single_row,night,2,,,,
uc3m,train,data_raw/uc3m/train/00437.jpg,,AN-6*53HS*,6*53HS*,1871.0,2808.0,4830.0,2826.0,4818.0,3402.0,1848.0,3384.0,5.1441884,1,single_row,night,2,,,,
uc3m,train,data_raw/uc3m/train/00438.jpg,,AN-279*FR*,279*FR*,3256.0,3185.0,4229.0,3156.0,4226.0,3370.0,3253.0,3387.0,4.678793,1,single_row,night,2,,,,
uc3m,train,data_raw/uc3m/train/00439.jpg,,AN-414**NC,414**NC,3735.0,3156.0,4850.0,3172.0,4845.0,3415.0,3707.0,3411.0,4.509995,1,single_row,night,2,,,,
uc3m,train,data_raw/uc3m/train/00442.jpg,,AN-661**NK,661**NK,3265.0,2600.0,3823.0,2593.0,3823.0,2710.0,3263.0,2721.0,4.6977906,1,single_row,night,2,,,,
uc3m,train,data_raw/uc3m/train/00443.jpg,,AN-6*15FL*,6*15FL*,4177.0,1956.0,4625.0,1936.0,4627.0,2034.0,4179.0,2061.0,4.419136,1,single_row,night,2,,,,
uc3m,train,data_raw/uc3m/train/00444.jpg,,AN-268*LS*,268*LS*,3271.0,3384.0,4045.0,3347.0,4045.0,3497.0,3269.0,3536.0,5.1383963,1,single_row,night,2,,,,
uc3m,train,data_raw/uc3m/train/00446.jpg,,AN-68*1*WR,68*1*WR,2383.0,2861.0,3959.0,2896.0,3954.0,3214.0,2395.0,3173.0,4.9755306,1,single_row,night,2,,,,
uc3m,train,data_raw/uc3m/train/00448.jpg,,AN-*007C*S,*007C*S,147.0,2168.0,678.0,2139.0,678.0,2250.0,140.0,2279.0,4.8176126,1,single_row,night,2,,,,
uc3m,train,data_raw/uc3m/train/00448.jpg,,AN-409**DH,409**DH,5458.0,2203.0,5890.0,2191.0,5893.0,2286.0,5465.0,2298.0,4.5208235,1,single_row,night,2,,,,
uc3m,train,data_raw/uc3m/train/00449.jpg,,AN-*007C*S,*007C*S,1184.0,2201.0,1706.0,2182.0,1703.0,2288.0,1185.0,2311.0,4.8177295,1,single_row,night,2,,,,
uc3m,train,data_raw/uc3m/train/00449.jpg,,AN-043*C*K,043*C*K,3906.0,2604.0,4514.0,2592.0,4526.0,2732.0,3910.0,2742.0,4.3945646,1,single_row,night,2,,,,
uc3m,train,data_raw/uc3m/train/00450.jpg,,AN-*007C*S,*007C*S,1246.0,2350.0,1641.0,2342.0,1641.0,2421.0,1247.0,2428.0,5.0261846,1,single_row,night,2,,,,
uc3m,train,data_raw/uc3m/train/00450.jpg,,AN-*007FR*,*007FR*,3701.0,2489.0,4419.0,2514.0,4391.0,2652.0,3678.0,2628.0,5.0828147,1,single_row,night,2,,,,
uc3m,train,data_raw/uc3m/train/00451.jpg,,AN-*007C*S,*007C*S,2138.0,2006.0,2536.0,1980.0,2539.0,2061.0,2141.0,2088.0,4.890939,1,single_row,night,2,,,,
uc3m,train,data_raw/uc3m/train/00451.jpg,,AN-06*1LL*,06*1LL*,3715.0,2300.0,4231.0,2286.0,4233.0,2388.0,3721.0,2408.0,4.8936634,1,single_row,night,2,,,,
uc3m,train,data_raw/uc3m/train/00452.jpg,,AN-444**SM,444**SM,3080.0,2460.0,3868.0,2482.0,3872.0,2641.0,3098.0,2623.0,4.8368955,1,single_row,night,2,,,,
uc3m,train,data_raw/uc3m/train/00453.jpg,,AN-926*KZ*,926*KZ*,3719.0,2560.0,4374.0,2556.0,4378.0,2694.0,3721.0,2696.0,4.7871075,1,single_row,night,2,,,,
uc3m,train,data_raw/uc3m/train/00454.jpg,,AN-25*2*FL,25*2*FL,2859.0,3416.0,3643.0,3427.0,3651.0,3594.0,2843.0,3586.0,4.7112017,1,single_row,night,2,,,,
uc3m,train,data_raw/uc3m/train/00455.jpg,,AN-46*4FB*,46*4FB*,5363.0,1391.0,6539.0,1421.0,6563.0,1663.0,5384.0,1645.0,4.729449,1,single_row,night,2,,,,
uc3m,train,data_raw/uc3m/train/00456.jpg,,AN-423*CT*,423*CT*,2745.0,3421.0,3350.0,3393.0,3360.0,3523.0,2758.0,3547.0,4.6999106,1,single_row,night,2,,,,
uc3m,train,data_raw/uc3m/train/00457.jpg,,AN-797**PR,797**PR,3524.0,2948.0,4619.0,2958.0,4641.0,3173.0,3551.0,3192.0,4.7338705,1,single_row,night,2,,,,
uc3m,train,data_raw/uc3m/train/00458.jpg,,AN-13*7*SX,13*7*SX,3663.0,2786.0,4632.0,2789.0,4660.0,2984.0,3680.0,2976.0,5.0264144,1,single_row,night,2,,,,
uc3m,train,data_raw/uc3m/train/00459.jpg,,AN-384*KV*,384*KV*,2678.0,2378.0,4251.0,2360.0,4248.0,2675.0,2678.0,2700.0,4.934429,1,single_row,night,2,,,,
uc3m,train,data_raw/uc3m/train/00460.jpg,,AN-7*82*DF,7*82*DF,4847.0,2180.0,5723.0,2197.0,5684.0,2445.0,4806.0,2445.0,3.378587,1,single_row,night,2,,,,
uc3m,train,data_raw/uc3m/train/00460.jpg,,AN-469*KT*,469*KT*,1740.0,1911.0,2032.0,1912.0,2024.0,2036.0,1735.0,2031.0,2.3778048,1,single_row,night,2,,,,
uc3m,train,data_raw/uc3m/train/00461.jpg,,AN-57*2*VG,57*2*VG,2637.0,3421.0,3165.0,3447.0,3129.0,3638.0,2611.0,3607.0,2.7410903,1,single_row,night,2,,,,
uc3m,train,data_raw/uc3m/train/00462.jpg,,AN-49*6*GN,49*6*GN,2800.0,2631.0,3551.0,2604.0,3553.0,2773.0,2792.0,2802.0,4.4475093,1,single_row,night,2,,,,
uc3m,train,data_raw/uc3m/train/00463.jpg,,AN-010*GX*,010*GX*,3087.0,2326.0,3765.0,2295.0,3778.0,2441.0,3085.0,2460.0,4.889541,1,single_row,night,2,,,,
uc3m,train,data_raw/uc3m/train/00464.jpg,,AN-44*2GW*,44*2GW*,3734.0,2790.0,4351.0,2802.0,4358.0,2924.0,3736.0,2907.0,5.1808405,1,single_row,night,2,,,,
uc3m,train,data_raw/uc3m/train/00465.jpg,,AN-564*C*S,564*C*S,3817.0,2532.0,4419.0,2545.0,4421.0,2663.0,3819.0,2663.0,4.83528,1,single_row,night,2,,,,
uc3m,train,data_raw/uc3m/train/00466.jpg,,BN-0*31KS*,0*31KS*,4246.0,3230.0,4853.0,3206.0,4886.0,3553.0,4293.0,3573.0,1.7283565,2,two_row,night,2,,,,
uc3m,train,data_raw/uc3m/train/00467.jpg,,AN-023**DB,023**DB,2439.0,2027.0,3424.0,1996.0,3430.0,2196.0,2463.0,2218.0,4.9739637,1,single_row,night,2,,,,
uc3m,train,data_raw/uc3m/train/00468.jpg,,AN-26*5*FJ,26*5*FJ,2421.0,2521.0,3172.0,2530.0,3178.0,2681.0,2427.0,2675.0,4.9210377,1,single_row,night,2,,,,
uc3m,train,data_raw/uc3m/train/00469.jpg,,AN-43*4*NZ,43*4*NZ,3757.0,2769.0,4463.0,2778.0,4463.0,2930.0,3760.0,2918.0,4.681124,1,single_row,night,2,,,,
uc3m,train,data_raw/uc3m/train/00470.jpg,,AN-40*1*BX,40*1*BX,3321.0,3304.0,3926.0,3329.0,3929.0,3460.0,3312.0,3436.0,4.644107,1,single_row,night,2,,,,
uc3m,train,data_raw/uc3m/train/00471.jpg,,AN-356*GV*,356*GV*,2836.0,3232.0,3234.0,3226.0,3243.0,3319.0,2845.0,3326.0,4.2376685,1,single_row,night,2,,,,
uc3m,train,data_raw/uc3m/train/00472.jpg,,BN-0*31KS*,0*31KS*,3918.0,1745.0,4418.0,1778.0,4412.0,2078.0,3906.0,2054.0,1.6538132,2,two_row,night,2,,,,
uc3m,train,data_raw/uc3m/train/00473.jpg,,AN-*430*SY,*430*SY,4270.0,2690.0,4782.0,2660.0,4798.0,2762.0,4294.0,2794.0,4.847558,1,single_row,night,2,,,,
uc3m,train,data_raw/uc3m/train/00474.jpg,,AN-*088*CG,*088*CG,3497.0,2420.0,3977.0,2425.0,3975.0,2515.0,3497.0,2514.0,5.2060404,1,single_row,night,2,,,,
uc3m,train,data_raw/uc3m/train/00475.jpg,,AN-19*4BF*,19*4BF*,4062.0,2429.0,4611.0,2427.0,4602.0,2544.0,4062.0,2548.0,4.607737,1,single_row,night,2,,,,
uc3m,train,data_raw/uc3m/train/00476.jpg,,AN-6*15*CM,6*15*CM,2709.0,2440.0,3144.0,2377.0,3157.0,2476.0,2719.0,2545.0,4.300207,1,single_row,night,2,,,,
uc3m,train,data_raw/uc3m/train/00476.jpg,,AN-737**YN,737**YN,5514.0,2718.0,6402.0,2606.0,6432.0,2785.0,5541.0,2893.0,4.9992223,1,single_row,night,2,,,,
uc3m,train,data_raw/uc3m/train/00477.jpg,,AN-*264C*W,*264C*W,4719.0,2378.0,5006.0,2334.0,5015.0,2398.0,4727.0,2450.0,4.2532873,1,single_row,night,2,,,,
uc3m,train,data_raw/uc3m/train/00477.jpg,,AN-*615*GF,*615*GF,2484.0,2903.0,2876.0,2855.0,2892.0,2941.0,2499.0,2990.0,4.500306,1,single_row,night,2,,,,
uc3m,train,data_raw/uc3m/train/00480.jpg,,AN-97*7*CY,97*7*CY,846.0,3141.0,1320.0,3071.0,1342.0,3177.0,855.0,3249.0,4.4842343,1,single_row,night,2,,,,
uc3m,train,data_raw/uc3m/train/00480.jpg,,AN-245**BY,245**BY,3126.0,2749.0,3730.0,2685.0,3746.0,2820.0,3144.0,2880.0,4.520782,1,single_row,night,2,,,,
uc3m,train,data_raw/uc3m/train/00480.jpg,,AN-737**YN,737**YN,5955.0,2966.0,6841.0,2860.0,6868.0,3042.0,5974.0,3142.0,4.9634957,1,single_row,night,2,,,,
uc3m,train,data_raw/uc3m/train/00481.jpg,,AN-15*8C*S,15*8C*S,2417.0,2769.0,2801.0,2714.0,2815.0,2796.0,2422.0,2854.0,4.6644063,1,single_row,night,2,,,,
uc3m,train,data_raw/uc3m/train/00481.jpg,,AN-737**YN,737**YN,5404.0,3190.0,6295.0,3090.0,6311.0,3267.0,5425.0,3370.0,4.9828615,1,single_row,night,2,,,,
uc3m,train,data_raw/uc3m/train/00482.jpg,,AN-24*2*SX,24*2*SX,1398.0,2026.0,2277.0,1987.0,2284.0,2185.0,1410.0,2217.0,4.504362,1,single_row,night,2,,,,
uc3m,train,data_raw/uc3m/train/00483.jpg,,AN-23*2*ZS,23*2*ZS,1826.0,2717.0,2344.0,2695.0,2350.0,2804.0,1823.0,2834.0,4.6255713,1,single_row,night,2,,,,
uc3m,train,data_raw/uc3m/train/00483.jpg,,AN-65*9BY*,65*9BY*,6061.0,2243.0,6442.0,2238.0,6445.0,2315.0,6063.0,2321.0,4.9204283,1,single_row,night,2,,,,
uc3m,train,data_raw/uc3m/train/00483.jpg,,AN-81*7JW*,81*7JW*,4928.0,2063.0,5191.0,2045.0,5192.0,2109.0,4930.0,2121.0,4.3090796,1,single_row,night,2,,,,
uc3m,train,data_raw/uc3m/train/00484.jpg,,AN-65*9BY*,65*9BY*,2130.0,3260.0,3000.0,3254.0,3010.0,3432.0,2126.0,3441.0,4.8815618,1,single_row,night,2,,,,
uc3m,train,data_raw/uc3m/train/00485.jpg,,AN-*689CX*,*689CX*,1404.0,3110.0,2050.0,3084.0,2056.0,3221.0,1415.0,3252.0,4.608268,1,single_row,night,2,,,,
uc3m,train,data_raw/uc3m/train/00486.jpg,,AN-694*L*V,694*L*V,2519.0,1982.0,3728.0,2015.0,3752.0,2336.0,2552.0,2308.0,3.7098496,1,single_row,night,2,,,,
uc3m,train,data_raw/uc3m/train/00487.jpg,,AN-98*8K*K,98*8K*K,2197.0,2589.0,3067.0,2654.0,3028.0,2878.0,2165.0,2810.0,3.8566635,1,single_row,night,2,,,,
uc3m,train,data_raw/uc3m/train/00488.jpg,,AN-613**LZ,613**LZ,2366.0,2221.0,3042.0,2219.0,3026.0,2371.0,2345.0,2377.0,4.37403,1,single_row,night,2,,,,
uc3m,train,data_raw/uc3m/train/00489.jpg,,BN-9*63*GJ,9*63*GJ,2271.0,2521.0,2908.0,2536.0,2836.0,2984.0,2210.0,2980.0,1.3778477,2,two_row,night,2,,,,
uc3m,train,data_raw/uc3m/train/00490.jpg,,AN-656**KM,656**KM,2060.0,2854.0,3141.0,2831.0,3137.0,3064.0,2050.0,3078.0,4.742044,1,single_row,night,2,,,,
uc3m,train,data_raw/uc3m/train/00491.jpg,,AN-959*K*P,959*K*P,135.0,2639.0,889.0,2677.0,887.0,2831.0,125.0,2792.0,4.9390163,1,single_row,night,2,,,,
uc3m,train,data_raw/uc3m/train/00491.jpg,,AN-136**WZ,136**WZ,4770.0,2508.0,5761.0,2582.0,5739.0,2778.0,4741.0,2695.0,5.162689,1,single_row,night,2,,,,
uc3m,train,data_raw/uc3m/train/00492.jpg,,BN-*533*YC,*533*YC,3024.0,1364.0,3916.0,1400.0,3891.0,2005.0,3002.0,1959.0,1.4846212,2,two_row,night,2,,,,
uc3m,train,data_raw/uc3m/train/00493.jpg,,BN-242**JS,242**JS,2912.0,1596.0,4912.0,1643.0,5036.0,3084.0,2983.0,3067.0,1.3886845,2,two_row,night,2,,,,
uc3m,train,data_raw/uc3m/train/00494.jpg,,BN-0*60*GR,0*60*GR,1557.0,1707.0,4010.0,1181.0,4568.0,3123.0,2173.0,3765.0,1.1965863,2,two_row,night,2,,,,
uc3m,train,data_raw/uc3m/train/00496.jpg,,AN-16*4*YS,16*4*YS,2429.0,2478.0,2817.0,2422.0,2830.0,2501.0,2438.0,2556.0,4.9682183,1,single_row,night,2,,,,
uc3m,train,data_raw/uc3m/train/00496.jpg,,AN-TO747*A*,TO747*A*,4655.0,1740.0,4923.0,1705.0,4933.0,1764.0,4662.0,1798.0,4.5948715,1,single_row,night,2,,,,
uc3m,train,data_raw/uc3m/train/00497.jpg,,AN-TO747*A*,TO747*A*,2266.0,2755.0,2690.0,2698.0,2703.0,2790.0,2280.0,2846.0,4.6193314,1,single_row,night,2,,,,
uc3m,train,data_raw/uc3m/train/00498.jpg,,AN-046**VB,046**VB,2336.0,1190.0,4477.0,1073.0,4536.0,1496.0,2365.0,1655.0,4.8387656,1,single_row,night,2,,,,
uc3m,train,data_raw/uc3m/train/00499.jpg,,AN-7*16KN*,7*16KN*,3048.0,1796.0,4265.0,1684.0,4295.0,1949.0,3142.0,2084.0,4.1833415,1,single_row,night,2,,,,
uc3m,train,data_raw/uc3m/train/00500.jpg,,AN-*099J*W,*099J*W,2004.0,2145.0,4066.0,1966.0,4141.0,2387.0,2075.0,2587.0,4.7360206,1,single_row,night,2,,,,
uc3m,train,data_raw/uc3m/train/00501.jpg,,AN-05*3*XP,05*3*XP,2649.0,2013.0,3564.0,1974.0,3588.0,2160.0,2670.0,2198.0,4.908936,1,single_row,night,2,,,,
uc3m,train,data_raw/uc3m/train/00502.jpg,,AN-24*5LK*,24*5LK*,3431.0,1475.0,4363.0,1436.0,4400.0,1636.0,3458.0,1660.0,4.8036485,1,single_row,night,2,,,,
uc3m,train,data_raw/uc3m/train/00503.jpg,,AN-M817**X,M817**X,3514.0,1699.0,4464.0,1698.0,4470.0,1897.0,3519.0,1895.0,4.8107867,1,single_row,night,2,,,,
uc3m,train,data_raw/uc3m/train/00504.jpg,,AN-0*21*MP,0*21*MP,3308.0,1497.0,4165.0,1521.0,4176.0,1691.0,3315.0,1673.0,4.959742,1,single_row,night,2,,,,
uc3m,train,data_raw/uc3m/train/00504.jpg,,AN-65*6K*M,65*6K*M,4803.0,992.0,5325.0,1001.0,5327.0,1111.0,4812.0,1100.0,4.749224,1,single_row,night,2,,,,
uc3m,train,data_raw/uc3m/train/00506.jpg,,AN-67*9*RV,67*9*RV,3109.0,1818.0,3627.0,1809.0,3632.0,1924.0,3111.0,1927.0,4.6361527,1,single_row,night,2,,,,
uc3m,train,data_raw/uc3m/train/00507.jpg,,AN-45*1*HH,45*1*HH,3047.0,1756.0,3678.0,1754.0,3684.0,1892.0,3047.0,1886.0,4.7291603,1,single_row,night,2,,,,
uc3m,train,data_raw/uc3m/train/00507.jpg,,AN-*444*WG,*444*WG,4694.0,1650.0,5197.0,1645.0,5200.0,1751.0,4689.0,1750.0,4.9184594,1,single_row,night,2,,,,
uc3m,train,data_raw/uc3m/train/00508.jpg,,AN-M06*3Z*,M06*3Z*,2450.0,1830.0,3536.0,1810.0,3593.0,2050.0,2493.0,2076.0,4.4046454,1,single_row,night,2,,,,
uc3m,train,data_raw/uc3m/train/00512.jpg,,AN-84*4*FD,84*4*FD,3391.0,1770.0,4443.0,1805.0,4427.0,2021.0,3372.0,1981.0,4.920906,1,single_row,night,2,,,,
uc3m,train,data_raw/uc3m/train/00514.jpg,,BN-6*12LS*,6*12LS*,2054.0,2455.0,3436.0,2596.0,3359.0,3620.0,2012.0,3479.0,1.3371663,2,two_row,night,2,,,,
uc3m,train,data_raw/uc3m/train/00515.jpg,,AN-*982K*J,*982K*J,2912.0,2632.0,4895.0,2779.0,4812.0,3261.0,2877.0,3084.0,4.1716075,1,single_row,night,2,,,,
uc3m,train,data_raw/uc3m/train/00516.jpg,,AN-40*6*NV,40*6*NV,3562.0,2985.0,4896.0,3014.0,4892.0,3333.0,3533.0,3307.0,4.1934376,1,single_row,night,2,,,,
uc3m,train,data_raw/uc3m/train/00517.jpg,,AN-61*3*XP,61*3*XP,4128.0,3128.0,5116.0,3127.0,5111.0,3386.0,4125.0,3386.0,3.8176978,1,single_row,night,2,,,,
uc3m,train,data_raw/uc3m/train/00518.jpg,,AN-*105C*D,*105C*D,2833.0,2739.0,3849.0,2770.0,3843.0,2974.0,2835.0,2947.0,4.91348,1,single_row,night,2,,,,
uc3m,train,data_raw/uc3m/train/00519.jpg,,AN-348*BZ*,348*BZ*,2697.0,3158.0,3582.0,3178.0,3580.0,3371.0,2704.0,3350.0,4.5736275,1,single_row,night,2,,,,
uc3m,train,data_raw/uc3m/train/00520.jpg,,AN-85*8F*P,85*8F*P,2989.0,2602.0,4235.0,2681.0,4208.0,2956.0,2975.0,2870.0,4.561325,1,single_row,night,2,,,,
uc3m,train,data_raw/uc3m/train/00521.jpg,,AN-82*4GY*,82*4GY*,2940.0,2532.0,4113.0,2532.0,4113.0,2772.0,2945.0,2770.0,4.896955,1,single_row,night,2,,,,
uc3m,train,data_raw/uc3m/train/00522.jpg,,AN-*575K*P,*575K*P,2916.0,2550.0,3946.0,2536.0,3953.0,2750.0,2913.0,2773.0,4.736182,1,single_row,night,2,,,,
uc3m,train,data_raw/uc3m/train/00524.jpg,,AN-94*9F*C,94*9F*C,2758.0,2131.0,4072.0,2125.0,4062.0,2386.0,2741.0,2403.0,4.9372554,1,single_row,night,2,,,,
uc3m,train,data_raw/uc3m/train/00525.jpg,,AN-39*3GZ*,39*3GZ*,3010.0,2391.0,4028.0,2358.0,4034.0,2589.0,3006.0,2626.0,4.392079,1,single_row,night,2,,,,
uc3m,train,data_raw/uc3m/train/00526.jpg,,AN-411**FV,411**FV,2436.0,2314.0,3695.0,2261.0,3701.0,2567.0,2471.0,2614.0,4.09643,1,single_row,night,2,,,,
uc3m,train,data_raw/uc3m/train/00526.jpg,,AN-39*3GZ*,39*3GZ*,5318.0,2240.0,6343.0,2202.0,6348.0,2418.0,5321.0,2470.0,4.604626,1,single_row,night,2,,,,
uc3m,train,data_raw/uc3m/train/00527.jpg,,AN-632**PT,632**PT,2901.0,2343.0,3505.0,2331.0,3517.0,2468.0,2912.0,2480.0,4.397783,1,single_row,night,2,,,,
uc3m,train,data_raw/uc3m/train/00528.jpg,,AN-604**PW,604**PW,3750.0,2356.0,4294.0,2359.0,4303.0,2459.0,3763.0,2461.0,5.25694,1,single_row,night,2,,,,
uc3m,train,data_raw/uc3m/train/00529.jpg,,AN-79*7*JF,79*7*JF,3762.0,2703.0,5240.0,2666.0,5251.0,3003.0,3751.0,3048.0,4.365966,1,single_row,night,2,,,,
uc3m,train,data_raw/uc3m/train/00530.jpg,,AN-186**MS,186**MS,2607.0,1742.0,3309.0,1741.0,3315.0,1876.0,2614.0,1882.0,5.0962033,1,single_row,night,2,,,,
uc3m,train,data_raw/uc3m/train/00532.jpg,,AN-136**SN,136**SN,2793.0,2369.0,4057.0,2360.0,4063.0,2654.0,2815.0,2672.0,4.2019305,1,single_row,night,2,,,,
uc3m,train,data_raw/uc3m/train/00534.jpg,,AN-4*68K*X,4*68K*X,4954.0,2008.0,6901.0,1961.0,6912.0,2402.0,4965.0,2461.0,4.3560195,1,single_row,night,2,,,,
uc3m,train,data_raw/uc3m/train/00535.jpg,,AN-*515GC*,*515GC*,2754.0,2273.0,3965.0,2220.0,3983.0,2479.0,2754.0,2532.0,4.7091875,1,single_row,night,2,,,,
uc3m,train,data_raw/uc3m/train/00536.jpg,,AN-50*1KR*,50*1KR*,2992.0,2101.0,3821.0,2098.0,3817.0,2282.0,2982.0,2296.0,4.387356,1,single_row,night,2,,,,
uc3m,train,data_raw/uc3m/train/00537.jpg,,AN-*986B*W,*986B*W,2760.0,2363.0,4072.0,2318.0,4084.0,2584.0,2766.0,2630.0,4.9341583,1,single_row,night,2,,,,
uc3m,train,data_raw/uc3m/train/00538.jpg,,AN-34*3LP*,34*3LP*,2248.0,2502.0,3683.0,2514.0,3689.0,2820.0,2236.0,2820.0,4.6261716,1,single_row,night,2,,,,
uc3m,train,data_raw/uc3m/train/00539.jpg,,AN-54*2F*D,54*2F*D,2556.0,2007.0,4060.0,2009.0,4053.0,2285.0,2575.0,2304.0,5.1980915,1,single_row,night,2,,,,
uc3m,train,data_raw/uc3m/train/00540.jpg,,AN-22*1*YW,22*1*YW,2873.0,2325.0,3817.0,2296.0,3819.0,2488.0,2868.0,2522.0,4.873247,1,single_row,night,2,,,,
uc3m,train,data_raw/uc3m/train/00541.jpg,,AN-48*0JZ*,48*0JZ*,2436.0,2034.0,3521.0,2002.0,3526.0,2230.0,2450.0,2263.0,4.7258167,1,single_row,night,2,,,,
uc3m,train,data_raw/uc3m/train/00542.jpg,,AN-62*9K*K,62*9K*K,2885.0,2317.0,3628.0,2289.0,3642.0,2443.0,2903.0,2468.0,4.835117,1,single_row,night,2,,,,
uc3m,train,data_raw/uc3m/train/00543.jpg,,AN-57*5*JF,57*5*JF,3589.0,2261.0,5748.0,2143.0,5777.0,2626.0,3589.0,2743.0,4.507179,1,single_row,night,2,,,,
uc3m,train,data_raw/uc3m/train/00544.jpg,,AN-06*4CT*,06*4CT*,2882.0,2380.0,4087.0,2404.0,4080.0,2648.0,2878.0,2631.0,4.862053,1,single_row,night,2,,,,
uc3m,train,data_raw/uc3m/train/00545.jpg,,AD-96*8LN*,96*8LN*,2272.0,576.0,2410.0,564.0,2410.0,591.0,2276.0,607.0,4.6942444,1,single_row,day,2,,,,
uc3m,train,data_raw/uc3m/train/00545.jpg,,AD-036*DR*,036*DR*,4332.0,158.0,4392.0,148.0,4394.0,169.0,4334.0,179.0,2.883506,1,single_row,day,2,,,,
uc3m,train,data_raw/uc3m/train/00546.jpg,,AD-275*KW*,275*KW*,2294.0,570.0,2417.0,568.0,2418.0,595.0,2292.0,596.0,4.6900597,1,single_row,day,2,,,,
uc3m,train,data_raw/uc3m/train/00547.jpg,,AD-60*7*VV,60*7*VV,2008.0,1110.0,2122.0,1097.0,2124.0,1122.0,2005.0,1137.0,4.491834,1,single_row,day,2,,,,
uc3m,train,data_raw/uc3m/train/00548.jpg,,AD-60*7*VV,60*7*VV,1947.0,401.0,2057.0,389.0,2058.0,414.0,1948.0,427.0,4.3381963,1,single_row,day,2,,,,
uc3m,train,data_raw/uc3m/train/00549.jpg,,AD-944**MM,944**MM,3736.0,1958.0,3988.0,1958.0,3979.0,2041.0,3731.0,2030.0,3.213697,1,single_row,day,2,,,,
uc3m,train,data_raw/uc3m/train/00550.jpg,,AD-54*8*GC,54*8*GC,4498.0,2567.0,4788.0,2615.0,4787.0,2737.0,4485.0,2678.0,2.5737844,1,single_row,day,2,,,,
uc3m,train,data_raw/uc3m/train/00551.jpg,,AD-322**CR,322**CR,4104.0,1977.0,4376.0,1958.0,4377.0,2019.0,4109.0,2039.0,4.394207,1,single_row,day,2,,,,
uc3m,train,data_raw/uc3m/train/00551.jpg,,AD-6*83H*C,6*83H*C,5226.0,1711.0,5419.0,1700.0,5421.0,1745.0,5228.0,1756.0,4.2916126,1,single_row,day,2,,,,
uc3m,train,data_raw/uc3m/train/00551.jpg,,AD-463*DT*,463*DT*,6077.0,2254.0,6412.0,2280.0,6416.0,2383.0,6077.0,2346.0,3.4705188,1,single_row,day,2,,,,
uc3m,train,data_raw/uc3m/train/00552.jpg,,AD-463*DT*,463*DT*,3134.0,3017.0,3793.0,3106.0,3817.0,3280.0,3154.0,3173.0,4.014612,1,single_row,day,2,,,,
uc3m,train,data_raw/uc3m/train/00554.jpg,,AD-0*05K*H,0*05K*H,8333.0,1980.0,8485.0,1935.0,8483.0,1995.0,8332.0,2048.0,2.4879012,1,single_row,day,2,,,,
uc3m,train,data_raw/uc3m/train/00554.jpg,,AD-*199JX*,*199JX*,7535.0,2028.0,7743.0,1981.0,7735.0,2054.0,7529.0,2105.0,2.8237994,1,single_row,day,2,,,,
uc3m,train,data_raw/uc3m/train/00554.jpg,,AD-028**TC,028**TC,6325.0,2277.0,6567.0,2216.0,6579.0,2305.0,6341.0,2366.0,2.7479148,1,single_row,day,2,,,,
uc3m,train,data_raw/uc3m/train/00554.jpg,,AD-699**RM,699**RM,4975.0,2595.0,5313.0,2518.0,5321.0,2607.0,4985.0,2694.0,3.673255,1,single_row,day,2,,,,
uc3m,train,data_raw/uc3m/train/00554.jpg,,AD-27*6*PS,27*6*PS,3040.0,3000.0,3588.0,2886.0,3605.0,3015.0,3049.0,3141.0,4.1629357,1,single_row,day,2,,,,
uc3m,train,data_raw/uc3m/train/00556.jpg,,AD-9*49*MZ,9*49*MZ,3901.0,3082.0,4104.0,3118.0,4117.0,3213.0,3911.0,3163.0,2.3557622,1,single_row,day,2,,,,
uc3m,train,data_raw/uc3m/train/00556.jpg,,AD-21*1*RG,21*1*RG,4767.0,3258.0,5098.0,3344.0,5095.0,3472.0,4776.0,3379.0,2.7038991,1,single_row,day,2,,,,
uc3m,train,data_raw/uc3m/train/00557.jpg,,AD-789*C*Z,789*C*Z,1893.0,2786.0,2434.0,2643.0,2471.0,2780.0,1930.0,2936.0,3.7874706,1,single_row,day,2,,,,
uc3m,train,data_raw/uc3m/train/00557.jpg,,AD-05*9*BF,05*9*BF,4117.0,2339.0,4452.0,2278.0,4465.0,2382.0,4128.0,2454.0,3.1094308,1,single_row,day,2,,,,
uc3m,train,data_raw/uc3m/train/00557.jpg,,AD-28*3GV*,28*3GV*,5349.0,2127.0,5554.0,2089.0,5567.0,2169.0,5363.0,2215.0,2.4543014,1,single_row,day,2,,,,
uc3m,train,data_raw/uc3m/train/00558.jpg,,AD-05*9*BF,05*9*BF,3.0,3170.0,688.0,3088.0,715.0,3217.0,7.0,3300.0,5.3568935,1,single_row,day,2,,,,
uc3m,train,data_raw/uc3m/train/00558.jpg,,AD-28*3GV*,28*3GV*,3172.0,2837.0,3774.0,2770.0,3796.0,2878.0,3194.0,2960.0,5.159145,1,single_row,day,2,,,,
uc3m,train,data_raw/uc3m/train/00558.jpg,,AD-98*6G*T,98*6G*T,5880.0,2463.0,6379.0,2420.0,6377.0,2530.0,5884.0,2579.0,4.4066124,1,single_row,day,2,,,,
uc3m,train,data_raw/uc3m/train/00558.jpg,,AD-*958DD*,*958DD*,8001.0,2370.0,8397.0,2318.0,8388.0,2415.0,7989.0,2474.0,3.9718537,1,single_row,day,2,,,,
uc3m,train,data_raw/uc3m/train/00559.jpg,,AD-78*0C*Z,78*0C*Z,1598.0,3092.0,2098.0,3047.0,2121.0,3154.0,1615.0,3194.0,4.7432213,1,single_row,day,2,,,,
uc3m,train,data_raw/uc3m/train/00559.jpg,,AD-05*9*BF,05*9*BF,3701.0,3027.0,4250.0,3021.0,4260.0,3129.0,3717.0,3133.0,5.063682,1,single_row,day,2,,,,
uc3m,train,data_raw/uc3m/train/00559.jpg,,AD-28*3GV*,28*3GV*,6425.0,2994.0,7080.0,2978.0,7080.0,3101.0,6435.0,3117.0,5.277447,1,single_row,day,2,,,,
uc3m,train,data_raw/uc3m/train/00561.jpg,,AD-*638JY*,*638JY*,1550.0,2961.0,2035.0,2914.0,2064.0,3015.0,1575.0,3066.0,4.595542,1,single_row,day,2,,,,
uc3m,train,data_raw/uc3m/train/00561.jpg,,AD-649**XS,649**XS,5036.0,2872.0,5234.0,2888.0,5237.0,2954.0,5041.0,2940.0,2.9433124,1,single_row,day,2,,,,
uc3m,train,data_raw/uc3m/train/00561.jpg,,AD-6*36*NT,6*36*NT,5825.0,2921.0,6104.0,2948.0,6107.0,3028.0,5820.0,2998.0,3.6183238,1,single_row,day,2,,,,
uc3m,train,data_raw/uc3m/train/00561.jpg,,AD-78*0C*Z,78*0C*Z,7549.0,3136.0,8070.0,3170.0,8069.0,3274.0,7548.0,3241.0,4.9957156,1,single_row,day,2,,,,
uc3m,train,data_raw/uc3m/train/00562.jpg,,AD-477**HX,477**HX,3966.0,2257.0,5318.0,2393.0,5293.0,2724.0,3966.0,2554.0,4.2876205,1,single_row,day,2,,,,
uc3m,train,data_raw/uc3m/train/00563.jpg,,AD-8*24B*P,8*24B*P,5542.0,2328.0,5837.0,2371.0,5824.0,2461.0,5533.0,2405.0,3.528808,1,single_row,day,2,,,,
uc3m,train,data_raw/uc3m/train/00564.jpg,,AD-308**FT,308**FT,1472.0,2464.0,2438.0,2376.0,2471.0,2564.0,1495.0,2657.0,5.0628734,1,single_row,day,2,,,,
uc3m,train,data_raw/uc3m/train/00564.jpg,,AD-V19*4G*,V19*4G*,3642.0,1591.0,4106.0,1564.0,4123.0,1671.0,3651.0,1696.0,4.3861856,1,single_row,day,2,,,,
uc3m,train,data_raw/uc3m/train/00564.jpg,,AD-476*GT*,476*GT*,5305.0,1792.0,5653.0,1776.0,5675.0,1859.0,5323.0,1882.0,3.9466593,1,single_row,day,2,,,,
uc3m,train,data_raw/uc3m/train/00564.jpg,,AD-50*2*PB,50*2*PB,7181.0,1708.0,7378.0,1706.0,7376.0,1769.0,7172.0,1775.0,3.0704093,1,single_row,day,2,,,,
uc3m,train,data_raw/uc3m/train/00565.jpg,,AD-V19*4G*,V19*4G*,1746.0,1916.0,2384.0,1874.0,2405.0,1994.0,1775.0,2042.0,5.0621915,1,single_row,day,2,,,,
uc3m,train,data_raw/uc3m/train/00565.jpg,,AD-476*GT*,476*GT*,3961.0,2109.0,4372.0,2086.0,4397.0,2179.0,3980.0,2207.0,4.229832,1,single_row,day,2,,,,
uc3m,train,data_raw/uc3m/train/00565.jpg,,AD-50*2*PB,50*2*PB,6153.0,1977.0,6364.0,1970.0,6361.0,2037.0,6150.0,2047.0,3.0799143,1,single_row,day,2,,,,
uc3m,train,data_raw/uc3m/train/00566.jpg,,AD-47*8GT*,47*8GT*,106.0,2428.0,1069.0,2346.0,1114.0,2504.0,136.0,2603.0,5.7029753,1,single_row,day,2,,,,
uc3m,train,data_raw/uc3m/train/00566.jpg,,AD-*215FY*,*215FY*,3428.0,2350.0,3915.0,2304.0,3915.0,2415.0,3431.0,2465.0,4.316702,1,single_row,day,2,,,,
uc3m,train,data_raw/uc3m/train/00566.jpg,,AD-50*2*PB,50*2*PB,5085.0,1963.0,5420.0,1944.0,5423.0,2037.0,5089.0,2060.0,3.525622,1,single_row,day,2,,,,
uc3m,train,data_raw/uc3m/train/00566.jpg,,AD-82*3BR*,82*3BR*,5674.0,1788.0,5918.0,1778.0,5912.0,1847.0,5669.0,1859.0,3.4713335,1,single_row,day,2,,,,
uc3m,train,data_raw/uc3m/train/00567.jpg,,AD-*215FY*,*215FY*,1530.0,3034.0,2298.0,2917.0,2314.0,3060.0,1550.0,3174.0,5.430232,1,single_row,day,2,,,,
uc3m,train,data_raw/uc3m/train/00567.jpg,,AD-50*2*PB,50*2*PB,4114.0,2340.0,4570.0,2287.0,4584.0,2402.0,4125.0,2464.0,3.837287,1,single_row,day,2,,,,
uc3m,train,data_raw/uc3m/train/00567.jpg,,AD-82*3BR*,82*3BR*,5055.0,2039.0,5351.0,2013.0,5358.0,2092.0,5052.0,2127.0,3.6157534,1,single_row,day,2,,,,
uc3m,train,data_raw/uc3m/train/00567.jpg,,AD-*296*CX,*296*CX,6312.0,1807.0,6498.0,1785.0,6507.0,1848.0,6318.0,1874.0,2.8881147,1,single_row,day,2,,,,
uc3m,train,data_raw/uc3m/train/00568.jpg,,AD-444**DD,444**DD,2959.0,479.0,3159.0,481.0,3159.0,533.0,2964.0,525.0,4.0212703,1,single_row,day,2,,,,
uc3m,train,data_raw/uc3m/train/00569.jpg,,AD-176*H*H,176*H*H,2756.0,760.0,2984.0,763.0,2985.0,817.0,2756.0,808.0,4.481912,1,single_row,day,2,,,,
uc3m,train,data_raw/uc3m/train/00570.jpg,,AD-525**SV,525**SV,2452.0,777.0,2676.0,780.0,2677.0,836.0,2454.0,831.0,4.0626316,1,single_row,day,2,,,,
uc3m,train,data_raw/uc3m/train/00571.jpg,,AD-41*4DX*,41*4DX*,2631.0,426.0,2754.0,426.0,2756.0,453.0,2629.0,454.0,4.5335484,1,single_row,day,2,,,,
uc3m,train,data_raw/uc3m/train/00572.jpg,,AD-0*82JY*,0*82JY*,1394.0,939.0,1642.0,959.0,1641.0,1014.0,1394.0,992.0,4.599455,1,single_row,day,2,,,,
uc3m,train,data_raw/uc3m/train/00574.jpg,,AD-49*3*YS,49*3*YS,6536.0,2178.0,6998.0,2089.0,6982.0,2214.0,6524.0,2310.0,3.6294568,1,single_row,day,2,,,,
uc3m,train,data_raw/uc3m/train/00575.jpg,,AD-27*3DW*,27*3DW*,3785.0,2633.0,4247.0,2556.0,4252.0,2664.0,3808.0,2750.0,4.049285,1,single_row,day,2,,,,
uc3m,train,data_raw/uc3m/train/00575.jpg,,AD-*379LM*,*379LM*,6340.0,2016.0,6612.0,1994.0,6625.0,2064.0,6349.0,2083.0,3.95927,1,single_row,day,2,,,,
uc3m,train,data_raw/uc3m/train/00576.jpg,,AD-40*8*MR,40*8*MR,7030.0,2098.0,7369.0,2110.0,7361.0,2182.0,7022.0,2172.0,4.6186423,1,single_row,day,2,,,,
uc3m,train,data_raw/uc3m/train/00576.jpg,,AD-7*17D*F,7*17D*F,8879.0,1963.0,9047.0,1968.0,9052.0,2017.0,8881.0,2009.0,3.5600095,1,single_row,day,2,,,,
uc3m,train,data_raw/uc3m/train/00579.jpg,,AD-792**FT,792**FT,3211.0,2374.0,4311.0,2537.0,4281.0,2792.0,3196.0,2611.0,4.475633,1,single_row,day,2,,,,
uc3m,train,data_raw/uc3m/train/00580.jpg,,AD-*101*PY,*101*PY,4508.0,1500.0,5180.0,1521.0,5169.0,1680.0,4506.0,1647.0,4.360889,1,single_row,day,2,,,,
uc3m,train,data_raw/uc3m/train/00581.jpg,,AD-631*F*B,631*F*B,2050.0,2030.0,3660.0,2670.0,3630.0,3063.0,2073.0,2410.0,4.415023,1,single_row,day,2,,,,
uc3m,train,data_raw/uc3m/train/00582.jpg,,AD-88*0*CM,88*0*CM,4386.0,2394.0,5064.0,2429.0,5054.0,2564.0,4383.0,2529.0,4.9955583,1,single_row,day,2,,,,
uc3m,train,data_raw/uc3m/train/00583.jpg,,AD-802*B*W,802*B*W,5921.0,1272.0,6170.0,1252.0,6175.0,1311.0,5931.0,1336.0,3.9929607,1,single_row,day,2,,,,
uc3m,train,data_raw/uc3m/train/00583.jpg,,AD-*989J*G,*989J*G,4816.0,1452.0,5175.0,1432.0,5184.0,1512.0,4823.0,1538.0,4.3257732,1,single_row,day,2,,,,
uc3m,train,data_raw/uc3m/train/00584.jpg,,AD-3*19K*P,3*19K*P,3448.0,2051.0,4825.0,2300.0,4740.0,2688.0,3377.0,2374.0,3.8439124,1,single_row,day,2,,,,
uc3m,train,data_raw/uc3m/train/00585.jpg,,AD-71*6*MC,71*6*MC,2682.0,2050.0,3982.0,2254.0,3969.0,2566.0,2694.0,2358.0,4.2026515,1,single_row,day,2,,,,
uc3m,train,data_raw/uc3m/train/00586.jpg,,AD-404*HP*,404*HP*,4856.0,871.0,6043.0,997.0,6002.0,1317.0,4839.0,1147.0,3.9540544,1,single_row,day,2,,,,
uc3m,train,data_raw/uc3m/train/00587.jpg,,AD-702**MD,702**MD,1473.0,2608.0,1973.0,2643.0,1952.0,2756.0,1466.0,2726.0,4.2383943,1,single_row,day,2,,,,
uc3m,train,data_raw/uc3m/train/00587.jpg,,AD-031*FW*,031*FW*,4512.0,2411.0,4909.0,2433.0,4901.0,2522.0,4508.0,2495.0,4.563374,1,single_row,day,2,,,,
uc3m,train,data_raw/uc3m/train/00587.jpg,,AD-89*1*RZ,89*1*RZ,6483.0,2367.0,6817.0,2391.0,6814.0,2464.0,6479.0,2437.0,4.686179,1,single_row,day,2,,,,
uc3m,train,data_raw/uc3m/train/00587.jpg,,AD-705**TZ,705**TZ,7980.0,2337.0,8254.0,2357.0,8250.0,2407.0,7976.0,2389.0,5.3689914,1,single_row,day,2,,,,
uc3m,train,data_raw/uc3m/train/00587.jpg,,AD-698**SW,698**SW,7830.0,4367.0,9047.0,4784.0,8960.0,5026.0,7765.0,4573.0,5.419645,1,single_row,day,2,,,,
uc3m,train,data_raw/uc3m/train/00590.jpg,,AD-10*7*FT,10*7*FT,4175.0,1805.0,5310.0,2016.0,5278.0,2283.0,4151.0,2059.0,4.3956227,1,single_row,day,2,,,,
uc3m,train,data_raw/uc3m/train/00592.jpg,,AD-9*55MT*,9*55MT*,2514.0,2560.0,2756.0,2548.0,2760.0,2596.0,2525.0,2612.0,4.716295,1,single_row,day,2,,,,
uc3m,train,data_raw/uc3m/train/00592.jpg,,AD-22*2*DY,22*2*DY,3558.0,2546.0,3778.0,2527.0,3785.0,2575.0,3565.0,2594.0,4.552242,1,single_row,day,2,,,,
uc3m,train,data_raw/uc3m/train/00592.jpg,,AD-99*9*DV,99*9*DV,4662.0,2312.0,4867.0,2296.0,4875.0,2340.0,4667.0,2357.0,4.60361,1,single_row,day,2,,,,
uc3m,train,data_raw/uc3m/train/00592.jpg,,AD-*999*YM,*999*YM,6175.0,2373.0,6397.0,2387.0,6384.0,2448.0,6158.0,2428.0,3.7463286,1,single_row,day,2,,,,
uc3m,train,data_raw/uc3m/train/00592.jpg,,AD-748*DB*,748*DB*,8281.0,2362.0,8505.0,2400.0,8489.0,2451.0,8270.0,2414.0,4.2147937,1,single_row,day,2,,,,
uc3m,train,data_raw/uc3m/train/00593.jpg,,AD-9*05G*T,9*05G*T,3083.0,2290.0,3503.0,2296.0,3506.0,2398.0,3071.0,2380.0,4.435867,1,single_row,day,2,,,,
uc3m,train,data_raw/uc3m/train/00594.jpg,,AD-505**WW,505**WW,6041.0,1778.0,6948.0,1699.0,6956.0,1899.0,6051.0,1975.0,4.5761385,1,single_row,day,2,,,,
uc3m,train,data_raw/uc3m/train/00595.jpg,,AD-096**RC,096**RC,659.0,1693.0,1228.0,1671.0,1246.0,1836.0,670.0,1853.0,3.5105035,1,single_row,day,2,,,,
uc3m,train,data_raw/uc3m/train/00596.jpg,,AD-64*0*RD,64*0*RD,6772.0,2421.0,8397.0,1951.0,8413.0,2370.0,6813.0,2875.0,3.8500786,1,single_row,day,2,,,,
uc3m,train,data_raw/uc3m/train/00597.jpg,,AD-97*1*CT,97*1*CT,5829.0,1634.0,6902.0,1473.0,6926.0,1746.0,5856.0,1904.0,3.9725263,1,single_row,day,2,,,,
uc3m,train,data_raw/uc3m/train/00598.jpg,,AD-6*85*DY,6*85*DY,4347.0,2054.0,5023.0,1980.0,5036.0,2123.0,4369.0,2195.0,4.718594,1,single_row,day,2,,,,
uc3m,train,data_raw/uc3m/train/00599.jpg,,AD-9*13*MT,9*13*MT,2407.0,340.0,2730.0,321.0,2746.0,390.0,2420.0,408.0,4.641185,1,single_row,day,2,,,,
uc3m,train,data_raw/uc3m/train/00599.jpg,,AD-43*9*TP,43*9*TP,5612.0,1898.0,6524.0,1732.0,6560.0,1954.0,5652.0,2132.0,4.0066853,1,single_row,day,2,,,,
uc3m,train,data_raw/uc3m/train/00600.jpg,,AD-31*1B*J,31*1B*J,2545.0,1854.0,2917.0,1860.0,2919.0,1936.0,2545.0,1934.0,4.781589,1,single_row,day,2,,,,
uc3m,train,data_raw/uc3m/train/00600.jpg,,AD-911**MT,911**MT,6695.0,1994.0,7198.0,1959.0,7204.0,2068.0,6695.0,2093.0,4.8703184,1,single_row,day,2,,,,
uc3m,train,data_raw/uc3m/train/00601.jpg,,AD-M47*2V*,M47*2V*,2905.0,2228.0,3439.0,2238.0,3442.0,2362.0,2911.0,2347.0,4.380594,1,single_row,day,2,,,,
uc3m,train,data_raw/uc3m/train/00602.jpg,,AD-*385K*X,*385K*X,6541.0,2478.0,7407.0,2360.0,7421.0,2546.0,6553.0,2680.0,4.5059514,1,single_row,day,2,,,,
uc3m,train,data_raw/uc3m/train/00603.jpg,,AD-416**XX,416**XX,6491.0,1060.0,6670.0,1040.0,6688.0,1088.0,6505.0,1114.0,3.4091911,1,single_row,day,2,,,,
uc3m,train,data_raw/uc3m/train/00604.jpg,,AD-8*17*TX,8*17*TX,1822.0,2048.0,2258.0,2068.0,2242.0,2206.0,1805.0,2175.0,3.2747915,1,single_row,day,2,,,,
uc3m,train,data_raw/uc3m/train/00604.jpg,,AD-M40*4V*,M40*4V*,4875.0,1758.0,5195.0,1754.0,5192.0,1836.0,4871.0,1834.0,4.053054,1,single_row,day,2,,,,
uc3m,train,data_raw/uc3m/train/00604.jpg,,AD-4*70K*V,4*70K*V,6617.0,1529.0,6817.0,1531.0,6816.0,1572.0,6614.0,1573.0,4.723204,1,single_row,day,2,,,,
uc3m,train,data_raw/uc3m/train/00605.jpg,,AD-4*70K*V,4*70K*V,2924.0,2264.0,3354.0,2275.0,3342.0,2387.0,2915.0,2373.0,3.8618197,1,single_row,day,2,,,,
uc3m,train,data_raw/uc3m/train/00605.jpg,,AD-624*GX*,624*GX*,5274.0,1694.0,5546.0,1688.0,5546.0,1755.0,5271.0,1759.0,4.1424894,1,single_row,day,2,,,,
uc3m,train,data_raw/uc3m/train/00607.jpg,,AD-*876K*X,*876K*X,2605.0,1601.0,3226.0,1601.0,3233.0,1791.0,2605.0,1775.0,3.4306638,1,single_row,day,2,,,,
uc3m,train,data_raw/uc3m/train/00608.jpg,,AD-187**TN,187**TN,2706.0,1928.0,3400.0,1969.0,3419.0,2193.0,2723.0,2126.0,3.2923717,1,single_row,day,2,,,,
uc3m,train,data_raw/uc3m/train/00609.jpg,,AD-0*53*DM,0*53*DM,2731.0,1428.0,3338.0,1428.0,3345.0,1571.0,2735.0,1561.0,4.406024,1,single_row,day,2,,,,
uc3m,train,data_raw/uc3m/train/00610.jpg,,AD-0*53*DM,0*53*DM,1363.0,1738.0,2220.0,1833.0,2228.0,2057.0,1382.0,1957.0,3.8609738,1,single_row,day,2,,,,
uc3m,train,data_raw/uc3m/train/00612.jpg,,AD-677**BN,677**BN,3104.0,2386.0,3873.0,2428.0,3876.0,2621.0,3102.0,2567.0,4.1333838,1,single_row,day,2,,,,
uc3m,train,data_raw/uc3m/train/00613.jpg,,AD-577**XP,577**XP,2989.0,1910.0,3726.0,1933.0,3729.0,2117.0,2985.0,2082.0,4.1626015,1,single_row,day,2,,,,
uc3m,train,data_raw/uc3m/train/00614.jpg,,AD-91*9*RD,91*9*RD,3262.0,2868.0,3575.0,2838.0,3582.0,2900.0,3270.0,2931.0,4.9878607,1,single_row,day,2,,,,
uc3m,train,data_raw/uc3m/train/00614.jpg,,AD-9*93*PT,9*93*PT,5148.0,2401.0,5334.0,2392.0,5339.0,2433.0,5151.0,2442.0,4.543352,1,single_row,day,2,,,,
uc3m,train,data_raw/uc3m/train/00614.jpg,,AD-42*4FS*,42*4FS*,6347.0,2404.0,6591.0,2387.0,6602.0,2443.0,6354.0,2458.0,4.421056,1,single_row,day,2,,,,
uc3m,train,data_raw/uc3m/train/00616.jpg,,AD-66*2*WN,66*2*WN,2103.0,3030.0,2974.0,3041.0,2974.0,3211.0,2104.0,3204.0,5.0612884,1,single_row,day,2,,,,
uc3m,train,data_raw/uc3m/train/00616.jpg,,AD-72*9G*B,72*9G*B,7472.0,3497.0,8304.0,3493.0,8293.0,3677.0,7452.0,3690.0,4.4219823,1,single_row,day,2,,,,
uc3m,train,data_raw/uc3m/train/00618.jpg,,AD-556*H*Y,556*H*Y,6248.0,3213.0,7208.0,3102.0,7218.0,3327.0,6262.0,3435.0,4.3078756,1,single_row,day,2,,,,
uc3m,train,data_raw/uc3m/train/00619.jpg,,AD-82*8*TB,82*8*TB,3442.0,2245.0,3889.0,2227.0,3896.0,2324.0,3448.0,2341.0,4.630307,1,single_row,day,2,,,,
uc3m,train,data_raw/uc3m/train/00619.jpg,,AD-556*H*Y,556*H*Y,6507.0,3445.0,7401.0,3336.0,7406.0,3546.0,6515.0,3654.0,4.289332,1,single_row,day,2,,,,
uc3m,train,data_raw/uc3m/train/00620.jpg,,AD-*015*RT,*015*RT,7986.0,1060.0,8229.0,1044.0,8235.0,1120.0,7992.0,1134.0,3.2358544,1,single_row,day,2,,,,
uc3m,train,data_raw/uc3m/train/00620.jpg,,AD-6*43*VS,6*43*VS,6874.0,1574.0,7229.0,1540.0,7225.0,1637.0,6868.0,1683.0,3.47435,1,single_row,day,2,,,,
uc3m,train,data_raw/uc3m/train/00620.jpg,,AD-2*05*RP,2*05*RP,4919.0,1366.0,5503.0,1325.0,5520.0,1468.0,4937.0,1517.0,3.9533532,1,single_row,day,2,,,,
uc3m,train,data_raw/uc3m/train/00620.jpg,,AD-16*0B*N,16*0B*N,1162.0,3126.0,2343.0,2939.0,2389.0,3150.0,1210.0,3353.0,5.339717,1,single_row,day,2,,,,
uc3m,train,data_raw/uc3m/train/00621.jpg,,AD-843*DY*,843*DY*,8376.0,1061.0,8652.0,1032.0,8660.0,1110.0,8386.0,1139.0,3.5215428,1,single_row,day,2,,,,
uc3m,train,data_raw/uc3m/train/00621.jpg,,AD-*015*RT,*015*RT,7806.0,1220.0,8171.0,1185.0,8186.0,1282.0,7825.0,1322.0,3.6149411,1,single_row,day,2,,,,
uc3m,train,data_raw/uc3m/train/00621.jpg,,AD-6*43*VS,6*43*VS,5712.0,2154.0,6311.0,2068.0,6324.0,2215.0,5719.0,2306.0,4.0600815,1,single_row,day,2,,,,
uc3m,train,data_raw/uc3m/train/00621.jpg,,AD-2*05*RP,2*05*RP,871.0,2235.0,2182.0,2086.0,2238.0,2331.0,932.0,2489.0,5.140983,1,single_row,day,2,,,,
uc3m,train,data_raw/uc3m/train/00622.jpg,,AD-46*4*ZC,46*4*ZC,6768.0,1427.0,6959.0,1400.0,6960.0,1463.0,6777.0,1491.0,2.9617329,1,single_row,day,2,,,,
uc3m,train,data_raw/uc3m/train/00622.jpg,,AD-89*0B*S,89*0B*S,5904.0,1714.0,6174.0,1682.0,6194.0,1757.0,5923.0,1793.0,3.4321027,1,single_row,day,2,,,,
uc3m,train,data_raw/uc3m/train/00622.jpg,,AD-843*DY*,843*DY*,4799.0,1681.0,5240.0,1635.0,5259.0,1746.0,4812.0,1793.0,3.9618015,1,single_row,day,2,,,,
uc3m,train,data_raw/uc3m/train/00622.jpg,,AD-*015*RT,*015*RT,2360.0,2203.0,3253.0,2100.0,3302.0,2286.0,2404.0,2396.0,4.6211677,1,single_row,day,2,,,,
uc3m,train,data_raw/uc3m/train/00623.jpg,,AD-86*2C*M,86*2C*M,7688.0,2069.0,7991.0,2042.0,7991.0,2128.0,7685.0,2159.0,3.474961,1,single_row,day,2,,,,
uc3m,train,data_raw/uc3m/train/00623.jpg,,AD-46*4*ZC,46*4*ZC,6429.0,2400.0,6873.0,2345.0,6883.0,2458.0,6438.0,2520.0,3.8356452,1,single_row,day,2,,,,
uc3m,train,data_raw/uc3m/train/00623.jpg,,AD-89*0B*S,89*0B*S,3708.0,3115.0,4469.0,3025.0,4493.0,3175.0,3734.0,3282.0,4.7762995,1,single_row,day,2,,,,
uc3m,train,data_raw/uc3m/train/00625.jpg,,AD-93*3B*P,93*3B*P,4217.0,3528.0,4527.0,3707.0,4537.0,3862.0,4230.0,3671.0,2.407177,1,single_row,day,2,,,,
uc3m,train,data_raw/uc3m/train/00626.jpg,,AD-*722*BB,*722*BB,1006.0,2584.0,1422.0,2598.0,1419.0,2690.0,1010.0,2675.0,4.5076175,1,single_row,day,2,,,,
uc3m,train,data_raw/uc3m/train/00626.jpg,,AD-294**ZP,294**ZP,2368.0,2725.0,2933.0,2737.0,2935.0,2850.0,2373.0,2839.0,4.9630103,1,single_row,day,2,,,,
uc3m,train,data_raw/uc3m/train/00626.jpg,,AD-0*07C*S,0*07C*S,5896.0,3353.0,6487.0,3350.0,6495.0,3495.0,5905.0,3491.0,4.165659,1,single_row,day,2,,,,
uc3m,train,data_raw/uc3m/train/00627.jpg,,AD-445**WR,445**WR,3420.0,2273.0,3649.0,2275.0,3650.0,2344.0,3422.0,2339.0,3.3847146,1,single_row,day,2,,,,
uc3m,train,data_raw/uc3m/train/00627.jpg,,AD-*868*TV,*868*TV,3980.0,2162.0,4389.0,2159.0,4386.0,2258.0,3973.0,2259.0,4.1875796,1,single_row,day,2,,,,
uc3m,train,data_raw/uc3m/train/00627.jpg,,AD-*722*BB,*722*BB,5722.0,2376.0,6385.0,2379.0,6381.0,2516.0,5719.0,2506.0,4.9611273,1,single_row,day,2,,,,
uc3m,train,data_raw/uc3m/train/00628.jpg,,AD-57*7*MW,57*7*MW,180.0,1503.0,412.0,1477.0,431.0,1542.0,204.0,1570.0,3.327645,1,single_row,day,2,,,,
uc3m,train,data_raw/uc3m/train/00628.jpg,,AD-24*1*DW,24*1*DW,4324.0,1325.0,4609.0,1328.0,4606.0,1411.0,4316.0,1412.0,3.3740952,1,single_row,day,2,,,,
uc3m,train,data_raw/uc3m/train/00628.jpg,,AD-445**WR,445**WR,5196.0,1770.0,5607.0,1786.0,5598.0,1899.0,5189.0,1870.0,3.8451703,1,single_row,day,2,,,,
uc3m,train,data_raw/uc3m/train/00628.jpg,,AD-*868*TV,*868*TV,7307.0,1844.0,8539.0,1874.0,8501.0,2114.0,7282.0,2070.0,5.2132754,1,single_row,day,2,,,,
uc3m,train,data_raw/uc3m/train/00629.jpg,,AD-84*0*VX,84*0*VX,252.0,3212.0,1342.0,3005.0,1396.0,3198.0,312.0,3408.0,5.460506,1,single_row,day,2,,,,
uc3m,train,data_raw/uc3m/train/00629.jpg,,AD-35*4*DZ,35*4*DZ,3172.0,2174.0,3786.0,2085.0,3813.0,2214.0,3201.0,2310.0,4.577764,1,single_row,day,2,,,,
uc3m,train,data_raw/uc3m/train/00629.jpg,,AD-57*7*MW,57*7*MW,5171.0,1507.0,5568.0,1460.0,5577.0,1564.0,5177.0,1612.0,3.8301308,1,single_row,day,2,,,,
uc3m,train,data_raw/uc3m/train/00629.jpg,,AD-72*7FF*,72*7FF*,5988.0,1352.0,6297.0,1314.0,6305.0,1394.0,6004.0,1433.0,3.7728786,1,single_row,day,2,,,,
uc3m,train,data_raw/uc3m/train/00629.jpg,,AD-929*HZ*,929*HZ*,7833.0,1036.0,8005.0,1020.0,8014.0,1070.0,7845.0,1083.0,3.446153,1,single_row,day,2,,,,
uc3m,train,data_raw/uc3m/train/00629.jpg,,AD-78*1*DC,78*1*DC,7250.0,1454.0,7493.0,1427.0,7493.0,1493.0,7247.0,1523.0,3.6450393,1,single_row,day,2,,,,
uc3m,train,data_raw/uc3m/train/00630.jpg,,AD-726*G*B,726*G*B,3151.0,1408.0,3440.0,1425.0,3448.0,1517.0,3156.0,1495.0,3.2443302,1,single_row,day,2,,,,
uc3m,train,data_raw/uc3m/train/00630.jpg,,AD-M999*X*,M999*X*,3931.0,1575.0,4418.0,1610.0,4410.0,1751.0,3924.0,1705.0,3.5975454,1,single_row,day,2,,,,
uc3m,train,data_raw/uc3m/train/00630.jpg,,AD-5*75*DM,5*75*DM,6405.0,2482.0,7558.0,2621.0,7515.0,2862.0,6368.0,2703.0,4.9464827,1,single_row,day,2,,,,
uc3m,train,data_raw/uc3m/train/00631.jpg,,AD-91*9*RD,91*9*RD,1275.0,588.0,1432.0,590.0,1434.0,627.0,1276.0,624.0,4.311622,1,single_row,day,2,,,,
uc3m,train,data_raw/uc3m/train/00631.jpg,,AD-42*4FS*,42*4FS*,3288.0,497.0,3514.0,500.0,3511.0,542.0,3284.0,537.0,5.5047283,1,single_row,day,2,,,,
uc3m,train,data_raw/uc3m/train/00632.jpg,,AD-91*9*RD,91*9*RD,1087.0,617.0,1285.0,613.0,1292.0,666.0,1094.0,669.0,3.738938,1,single_row,day,2,,,,
uc3m,train,data_raw/uc3m/train/00633.jpg,,AD-64*3*BZ,64*3*BZ,2267.0,427.0,2419.0,415.0,2421.0,452.0,2265.0,461.0,4.341446,1,single_row,day,2,,,,
uc3m,train,data_raw/uc3m/train/00633.jpg,,AD-GC419**,GC419**,976.0,847.0,1200.0,850.0,1206.0,910.0,982.0,904.0,3.8099186,1,single_row,day,2,,,,
uc3m,train,data_raw/uc3m/train/00634.jpg,,AD-111**CX,111**CX,5953.0,3630.0,6983.0,3366.0,7036.0,3630.0,6020.0,3910.0,3.7998528,1,single_row,day,2,,,,
uc3m,train,data_raw/uc3m/train/00635.jpg,,AD-737*HY*,737*HY*,168.0,1804.0,635.0,1754.0,662.0,1850.0,191.0,1896.0,4.8464694,1,single_row,day,2,,,,
uc3m,train,data_raw/uc3m/train/00635.jpg,,AD-96*1CB*,96*1CB*,5916.0,2339.0,6729.0,2271.0,6750.0,2433.0,5941.0,2518.0,4.735036,1,single_row,day,2,,,,
uc3m,train,data_raw/uc3m/train/00636.jpg,,AD-737*HY*,737*HY*,3670.0,1683.0,4193.0,1635.0,4206.0,1765.0,3679.0,1810.0,4.086245,1,single_row,day,2,,,,
uc3m,train,data_raw/uc3m/train/00637.jpg,,AD-539**WS,539**WS,4685.0,2462.0,5688.0,2303.0,5714.0,2537.0,4707.0,2707.0,4.2307105,1,single_row,day,2,,,,
uc3m,train,data_raw/uc3m/train/00638.jpg,,AD-467**TY,467**TY,5400.0,1658.0,5614.0,1632.0,5625.0,1688.0,5412.0,1720.0,3.584772,1,single_row,day,2,,,,
uc3m,train,data_raw/uc3m/train/00639.jpg,,AD-33*6*RZ,33*6*RZ,8617.0,1043.0,8824.0,1010.0,8833.0,1087.0,8625.0,1122.0,2.6798117,1,single_row,day,2,,,,
uc3m,train,data_raw/uc3m/train/00639.jpg,,AD-84*4F*H,84*4F*H,7461.0,1444.0,7660.0,1400.0,7661.0,1485.0,7462.0,1531.0,2.3722448,1,single_row,day,2,,,,
uc3m,train,data_raw/uc3m/train/00639.jpg,,AD-86*3*DS,86*3*DS,5946.0,1774.0,6280.0,1710.0,6282.0,1805.0,5951.0,1877.0,3.4259048,1,single_row,day,2,,,,
uc3m,train,data_raw/uc3m/train/00639.jpg,,AD-467**TY,467**TY,661.0,2176.0,1438.0,2060.0,1483.0,2204.0,702.0,2328.0,5.113181,1,single_row,day,2,,,,
uc3m,train,data_raw/uc3m/train/00640.jpg,,AD-86*3*DS,86*3*DS,852.0,3411.0,1882.0,3176.0,1919.0,3356.0,909.0,3607.0,5.406751,1,single_row,day,2,,,,
uc3m,train,data_raw/uc3m/train/00640.jpg,,AD-*001FC*,*001FC*,8715.0,1313.0,8945.0,1272.0,8952.0,1373.0,8720.0,1415.0,2.3081524,1,single_row,day,2,,,,
uc3m,train,data_raw/uc3m/train/00640.jpg,,AD-33*6*RZ,33*6*RZ,7051.0,1670.0,7424.0,1605.0,7441.0,1724.0,7073.0,1796.0,3.037303,1,single_row,day,2,,,,
uc3m,train,data_raw/uc3m/train/00640.jpg,,AD-84*4F*H,84*4F*H,4847.0,2446.0,5317.0,2323.0,5337.0,2460.0,4866.0,2589.0,3.445857,1,single_row,day,2,,,,
uc3m,train,data_raw/uc3m/train/00641.jpg,,AD-40*9D*S,40*9D*S,8207.0,1866.0,8422.0,1833.0,8442.0,1921.0,8233.0,1952.0,2.3810768,1,single_row,day,2,,,,
uc3m,train,data_raw/uc3m/train/00641.jpg,,AD-81*7*MR,81*7*MR,7127.0,2179.0,7390.0,2115.0,7387.0,2218.0,7125.0,2286.0,2.5771189,1,single_row,day,2,,,,
uc3m,train,data_raw/uc3m/train/00641.jpg,,AD-07*7*BS,07*7*BS,5262.0,2193.0,5762.0,2105.0,5797.0,2248.0,5296.0,2337.0,3.4437544,1,single_row,day,2,,,,
uc3m,train,data_raw/uc3m/train/00641.jpg,,AD-*001FC*,*001FC*,1640.0,2726.0,2612.0,2577.0,2656.0,2773.0,1684.0,2935.0,4.750191,1,single_row,day,2,,,,
uc3m,train,data_raw/uc3m/train/00642.jpg,,AD-03*4*FN,03*4*FN,8228.0,1623.0,8385.0,1578.0,8384.0,1664.0,8229.0,1717.0,1.817291,1,single_row,day,2,,,,
uc3m,train,data_raw/uc3m/train/00642.jpg,,AD-40*9D*S,40*9D*S,6918.0,1884.0,7206.0,1816.0,7237.0,1916.0,6950.0,1992.0,2.7276275,1,single_row,day,2,,,,
uc3m,train,data_raw/uc3m/train/00642.jpg,,AD-81*7*MR,81*7*MR,5325.0,2477.0,5734.0,2339.0,5745.0,2470.0,5338.0,2617.0,3.1771538,1,single_row,day,2,,,,
uc3m,train,data_raw/uc3m/train/00642.jpg,,AD-07*7*BS,07*7*BS,1737.0,2946.0,2760.0,2703.0,2824.0,2895.0,1817.0,3161.0,4.847306,1,single_row,day,2,,,,
uc3m,train,data_raw/uc3m/train/00643.jpg,,AD-78*2BJ*,78*2BJ*,8035.0,53.0,8194.0,24.0,8192.0,65.0,8038.0,92.0,3.9665198,1,single_row,day,2,,,,
uc3m,train,data_raw/uc3m/train/00643.jpg,,AD-222**WM,222**WM,5750.0,1046.0,6038.0,973.0,6056.0,1089.0,5770.0,1161.0,2.5288124,1,single_row,day,2,,,,
uc3m,train,data_raw/uc3m/train/00643.jpg,,AD-298*L*L,298*L*L,1161.0,3241.0,2047.0,2891.0,2142.0,3066.0,1266.0,3437.0,4.5173345,1,single_row,day,2,,,,
uc3m,train,data_raw/uc3m/train/00645.jpg,,AD-8*08K*V,8*08K*V,7976.0,466.0,8109.0,454.0,8106.0,486.0,7974.0,495.0,4.343248,1,single_row,day,2,,,,
uc3m,train,data_raw/uc3m/train/00645.jpg,,AD-78*2BJ*,78*2BJ*,8613.0,495.0,8813.0,479.0,8810.0,519.0,8611.0,534.0,5.0553985,1,single_row,day,2,,,,
uc3m,train,data_raw/uc3m/train/00645.jpg,,AD-655*BW*,655*BW*,5749.0,716.0,6005.0,699.0,5995.0,767.0,5745.0,781.0,3.7873676,1,single_row,day,2,,,,
uc3m,train,data_raw/uc3m/train/00645.jpg,,AD-M25*2*Y,M25*2*Y,3746.0,1745.0,4398.0,1582.0,4424.0,1757.0,3795.0,1935.0,3.553025,1,single_row,day,2,,,,
uc3m,train,data_raw/uc3m/train/00646.jpg,,AD-78*2BJ*,78*2BJ*,3922.0,2071.0,4261.0,2066.0,4271.0,2152.0,3933.0,2155.0,3.9525013,1,single_row,day,2,,,,
uc3m,train,data_raw/uc3m/train/00647.jpg,,AD-214*LT*,214*LT*,4464.0,1909.0,4819.0,1884.0,4827.0,1970.0,4470.0,1993.0,4.1833577,1,single_row,day,2,,,,
uc3m,train,data_raw/uc3m/train/00647.jpg,,AD-*985C*N,*985C*N,8032.0,2298.0,8740.0,2246.0,8732.0,2400.0,8023.0,2455.0,4.5624237,1,single_row,day,2,,,,
uc3m,train,data_raw/uc3m/train/00648.jpg,,AD-96*4KY*,96*4KY*,6844.0,3427.0,7849.0,3168.0,7819.0,3395.0,6829.0,3657.0,4.4876776,1,single_row,day,2,,,,
uc3m,train,data_raw/uc3m/train/00649.jpg,,AD-525**SV,525**SV,4711.0,1900.0,4919.0,1820.0,4918.0,1938.0,4706.0,2034.0,1.807147,1,single_row,day,2,,,,
uc3m,train,data_raw/uc3m/train/00649.jpg,,AD-525*GR*,525*GR*,5076.0,1229.0,5399.0,1222.0,5397.0,1297.0,5074.0,1304.0,4.3061466,1,single_row,day,2,,,,
uc3m,train,data_raw/uc3m/train/00651.jpg,,AD-89*9H*V,89*9H*V,353.0,2564.0,629.0,2362.0,668.0,2548.0,403.0,2793.0,1.6561247,1,single_row,day,2,,,,
uc3m,train,data_raw/uc3m/train/00651.jpg,,AD-M6*18P*,M6*18P*,5177.0,1075.0,5415.0,1079.0,5411.0,1153.0,5175.0,1142.0,3.3604715,1,single_row,day,2,,,,
uc3m,train,data_raw/uc3m/train/00651.jpg,,AD-*351*RY,*351*RY,6372.0,959.0,6784.0,968.0,6765.0,1079.0,6354.0,1064.0,3.7571833,1,single_row,day,2,,,,
uc3m,train,data_raw/uc3m/train/00651.jpg,,AD-68*3*WZ,68*3*WZ,8105.0,1644.0,8796.0,1688.0,8761.0,1822.0,8070.0,1770.0,5.144919,1,single_row,day,2,,,,
uc3m,train,data_raw/uc3m/train/00652.jpg,,AD-89*9H*V,89*9H*V,2648.0,3718.0,3789.0,2954.0,3835.0,3235.0,2748.0,4054.0,4.303704,1,single_row,day,2,,,,
uc3m,train,data_raw/uc3m/train/00652.jpg,,AD-1*90F*W,1*90F*W,5260.0,995.0,5627.0,828.0,5706.0,1002.0,5347.0,1188.0,2.0048132,1,single_row,day,2,,,,
uc3m,train,data_raw/uc3m/train/00653.jpg,,AD-1*90F*W,1*90F*W,1023.0,2729.0,2505.0,2109.0,2688.0,2427.0,1252.0,3098.0,3.9834986,1,single_row,day,2,,,,
uc3m,train,data_raw/uc3m/train/00655.jpg,,AD-393**MN,393**MN,2783.0,2805.0,3508.0,2391.0,3570.0,2635.0,2854.0,3078.0,3.1411233,1,single_row,day,2,,,,
uc3m,train,data_raw/uc3m/train/00655.jpg,,AD-1*60*NN,1*60*NN,4636.0,1577.0,4940.0,1433.0,4954.0,1594.0,4654.0,1745.0,2.033582,1,single_row,day,2,,,,
uc3m,train,data_raw/uc3m/train/00655.jpg,,AD-34*7*XB,34*7*XB,5970.0,1035.0,6137.0,966.0,6153.0,1084.0,5988.0,1160.0,1.4767745,1,single_row,day,2,,,,
uc3m,train,data_raw/uc3m/train/00657.jpg,,AD-93*0*WN,93*0*WN,4050.0,2863.0,5283.0,2056.0,5313.0,2396.0,4140.0,3236.0,4.0224314,1,single_row,day,2,,,,
uc3m,train,data_raw/uc3m/train/00658.jpg,,AD-09*8K*W,09*8K*W,3993.0,711.0,4248.0,680.0,4261.0,741.0,3999.0,769.0,4.311999,1,single_row,day,2,,,,
uc3m,train,data_raw/uc3m/train/00658.jpg,,AD-63*0LJ*,63*0LJ*,6438.0,1466.0,7145.0,1347.0,7138.0,1510.0,6437.0,1627.0,4.4042172,1,single_row,day,2,,,,
uc3m,train,data_raw/uc3m/train/00659.jpg,,AD-09*8K*W,09*8K*W,6076.0,1423.0,6686.0,1360.0,6693.0,1487.0,6084.0,1550.0,4.816354,1,single_row,day,2,,,,
uc3m,train,data_raw/uc3m/train/00660.jpg,,AD-639**VN,639**VN,5841.0,1814.0,6450.0,1769.0,6436.0,1906.0,5833.0,1958.0,4.3126817,1,single_row,day,2,,,,
uc3m,train,data_raw/uc3m/train/00660.jpg,,AD-8*98B*Z,8*98B*Z,7632.0,927.0,7859.0,924.0,7855.0,980.0,7629.0,984.0,4.0014925,1,single_row,day,2,,,,
uc3m,train,data_raw/uc3m/train/00661.jpg,,AD-59*2*WT,59*2*WT,5136.0,1593.0,5606.0,1552.0,5610.0,1660.0,5134.0,1704.0,4.3352284,1,single_row,day,2,,,,
uc3m,train,data_raw/uc3m/train/00661.jpg,,AD-*853CZ*,*853CZ*,7439.0,681.0,7672.0,669.0,7666.0,725.0,7438.0,736.0,4.1460133,1,single_row,day,2,,,,
uc3m,train,data_raw/uc3m/train/00663.jpg,,AD-29*6L*J,29*6L*J,3670.0,1670.0,4151.0,1612.0,4164.0,1710.0,3692.0,1767.0,4.8401756,1,single_row,day,2,,,,
uc3m,train,data_raw/uc3m/train/00663.jpg,,AD-M6*37*P,M6*37*P,7002.0,3632.0,8130.0,3425.0,8165.0,3677.0,7027.0,3890.0,4.4869075,1,single_row,day,2,,,,
uc3m,train,data_raw/uc3m/train/00663.jpg,,AD-368**HF,368**HF,7195.0,1308.0,7414.0,1290.0,7419.0,1343.0,7204.0,1360.0,4.107311,1,single_row,day,2,,,,
uc3m,train,data_raw/uc3m/train/00664.jpg,,AD-158*C*G,158*C*G,3866.0,2035.0,4110.0,2011.0,4118.0,2065.0,3873.0,2086.0,4.629842,1,single_row,day,2,,,,
uc3m,train,data_raw/uc3m/train/00665.jpg,,AD-8*33*RV,8*33*RV,2173.0,3580.0,3460.0,3790.0,3446.0,4143.0,2170.0,3907.0,3.8243341,1,single_row,day,2,,,,
uc3m,train,data_raw/uc3m/train/00666.jpg,,AD-42*0*DZ,42*0*DZ,1689.0,3225.0,2729.0,3553.0,2698.0,3881.0,1664.0,3511.0,3.549907,1,single_row,day,2,,,,
uc3m,train,data_raw/uc3m/train/00667.jpg,,AD-0*09KX*,0*09KX*,3664.0,2960.0,4064.0,2972.0,4056.0,3080.0,3656.0,3060.0,3.8380663,1,single_row,day,2,,,,
uc3m,train,data_raw/uc3m/train/00667.jpg,,AD-040*C*P,040*C*P,4291.0,4971.0,5367.0,5228.0,5346.0,5500.0,4262.0,5217.0,4.2777014,1,single_row,day,2,,,,
uc3m,train,data_raw/uc3m/train/00670.jpg,,AD-GI68*9*P,GI68*9*P,5810.0,1731.0,6276.0,1700.0,6274.0,1800.0,5811.0,1828.0,4.724655,1,single_row,day,2,,,,
uc3m,train,data_raw/uc3m/train/00671.jpg,,AD-M2*10K*,M2*10K*,4165.0,1031.0,5021.0,1051.0,5026.0,1265.0,4168.0,1239.0,4.062328,1,single_row,day,2,,,,
uc3m,train,data_raw/uc3m/train/00672.jpg,,AD-01*0*GC,01*0*GC,6915.0,1419.0,7356.0,1411.0,7343.0,1503.0,6905.0,1506.0,4.870622,1,single_row,day,2,,,,
uc3m,train,data_raw/uc3m/train/00673.jpg,,AD-01*0*GC,01*0*GC,4126.0,1764.0,4617.0,1748.0,4623.0,1851.0,4132.0,1874.0,4.606767,1,single_row,day,2,,,,
uc3m,train,data_raw/uc3m/train/00673.jpg,,AD-*088BY*,*088BY*,6400.0,1105.0,6807.0,1075.0,6813.0,1156.0,6401.0,1184.0,5.124281,1,single_row,day,2,,,,
uc3m,train,data_raw/uc3m/train/00674.jpg,,AD-01*0*GC,01*0*GC,520.0,3638.0,1473.0,3465.0,1509.0,3642.0,547.0,3812.0,5.4540124,1,single_row,day,2,,,,
uc3m,train,data_raw/uc3m/train/00674.jpg,,AD-*088BY*,*088BY*,4205.0,2037.0,4723.0,1955.0,4745.0,2062.0,4228.0,2144.0,4.7919407,1,single_row,day,2,,,,
uc3m,train,data_raw/uc3m/train/00674.jpg,,AD-874**MY,874**MY,5879.0,1790.0,6259.0,1741.0,6274.0,1822.0,5889.0,1877.0,4.542835,1,single_row,day,2,,,,
uc3m,train,data_raw/uc3m/train/00674.jpg,,AD-70*4B*M,70*4B*M,7048.0,1225.0,7393.0,1180.0,7402.0,1254.0,7061.0,1298.0,4.652174,1,single_row,day,2,,,,
uc3m,train,data_raw/uc3m/train/00674.jpg,,AD-13*8FZ*,13*8FZ*,8454.0,918.0,8618.0,895.0,8626.0,938.0,8463.0,960.0,3.8075662,1,single_row,day,2,,,,
uc3m,train,data_raw/uc3m/train/00675.jpg,,AD-70*4B*M,70*4B*M,590.0,2590.0,1500.0,2567.0,1503.0,2728.0,594.0,2770.0,5.336874,1,single_row,day,2,,,,
uc3m,train,data_raw/uc3m/train/00675.jpg,,AD-0*40FY*,0*40FY*,4569.0,2454.0,4992.0,2428.0,4996.0,2520.0,4571.0,2540.0,4.7682214,1,single_row,day,2,,,,
uc3m,train,data_raw/uc3m/train/00675.jpg,,AD-734*CB*,734*CB*,5795.0,2151.0,6102.0,2140.0,6107.0,2214.0,5800.0,2228.0,4.060744,1,single_row,day,2,,,,
uc3m,train,data_raw/uc3m/train/00675.jpg,,AD-13*8FZ*,13*8FZ*,6686.0,2019.0,6926.0,2008.0,6931.0,2073.0,6693.0,2081.0,3.7495227,1,single_row,day,2,,,,
uc3m,train,data_raw/uc3m/train/00676.jpg,,AD-0*40FY*,0*40FY*,1899.0,2991.0,2590.0,2935.0,2605.0,3060.0,1922.0,3122.0,5.3266544,1,single_row,day,2,,,,
uc3m,train,data_raw/uc3m/train/00676.jpg,,AD-734*CB*,734*CB*,4218.0,2447.0,4632.0,2423.0,4638.0,2512.0,4229.0,2536.0,4.608689,1,single_row,day,2,,,,
uc3m,train,data_raw/uc3m/train/00676.jpg,,AD-13*8FZ*,13*8FZ*,5540.0,2233.0,5835.0,2214.0,5845.0,2283.0,5552.0,2300.0,4.2754683,1,single_row,day,2,,,,
uc3m,train,data_raw/uc3m/train/00676.jpg,,AD-*864*GG,*864*GG,6403.0,2295.0,6614.0,2268.0,6619.0,2322.0,6410.0,2351.0,3.8288164,1,single_row,day,2,,,,
uc3m,train,data_raw/uc3m/train/00676.jpg,,AD-7*00*FR,7*00*FR,6763.0,2066.0,6946.0,2054.0,6950.0,2090.0,6765.0,2110.0,4.603026,1,single_row,day,2,,,,
uc3m,train,data_raw/uc3m/train/00677.jpg,,AD-7*00*FR,7*00*FR,6846.0,2004.0,7167.0,1979.0,7175.0,2044.0,6853.0,2067.0,5.003117,1,single_row,day,2,,,,
uc3m,train,data_raw/uc3m/train/00677.jpg,,AD-1*19FM*,1*19FM*,7808.0,1925.0,8073.0,1902.0,8080.0,1961.0,7814.0,1981.0,4.6031904,1,single_row,day,2,,,,
uc3m,train,data_raw/uc3m/train/00677.jpg,,AD-317*DS*,317*DS*,8431.0,1827.0,8648.0,1811.0,8648.0,1858.0,8436.0,1877.0,4.426134,1,single_row,day,2,,,,
uc3m,train,data_raw/uc3m/train/00677.jpg,,AD-73*3JY*,73*3JY*,9027.0,1728.0,9224.0,1717.0,9228.0,1761.0,9031.0,1773.0,4.4167075,1,single_row,day,2,,,,
uc3m,train,data_raw/uc3m/train/00677.jpg,,AD-13*8FZ*,13*8FZ*,3349.0,2473.0,3952.0,2435.0,3962.0,2570.0,3355.0,2606.0,4.5148587,1,single_row,day,2,,,,
uc3m,train,data_raw/uc3m/train/00677.jpg,,AD-*864*GG,*864*GG,5876.0,2418.0,6260.0,2372.0,6268.0,2456.0,5882.0,2506.0,4.4961786,1,single_row,day,2,,,,
uc3m,train,data_raw/uc3m/train/00678.jpg,,AD-*864*GG,*864*GG,245.0,3298.0,1101.0,3174.0,1141.0,3327.0,278.0,3465.0,5.2955213,1,single_row,day,2,,,,
uc3m,train,data_raw/uc3m/train/00678.jpg,,AD-7*00*FR,7*00*FR,3325.0,2334.0,3837.0,2281.0,3850.0,2375.0,3344.0,2432.0,5.2585187,1,single_row,day,2,,,,
uc3m,train,data_raw/uc3m/train/00678.jpg,,AD-1*19FM*,1*19FM*,5336.0,2114.0,5691.0,2073.0,5703.0,2146.0,5346.0,2185.0,4.9181857,1,single_row,day,2,,,,
uc3m,train,data_raw/uc3m/train/00678.jpg,,AD-317*DS*,317*DS*,6402.0,1927.0,6677.0,1899.0,6684.0,1961.0,6409.0,1991.0,4.362459,1,single_row,day,2,,,,
uc3m,train,data_raw/uc3m/train/00678.jpg,,AD-73*3JY*,73*3JY*,7280.0,1766.0,7507.0,1748.0,7512.0,1801.0,7285.0,1815.0,4.4408717,1,single_row,day,2,,,,
uc3m,train,data_raw/uc3m/train/00678.jpg,,AD-76*1*WX,76*1*WX,7710.0,1529.0,7914.0,1529.0,7914.0,1569.0,7715.0,1571.0,4.8970456,1,single_row,day,2,,,,
uc3m,train,data_raw/uc3m/train/00679.jpg,,AD-61*2*VX,61*2*VX,3789.0,2657.0,4301.0,2641.0,4305.0,2745.0,3801.0,2764.0,4.8010345,1,single_row,day,2,,,,
uc3m,train,data_raw/uc3m/train/00679.jpg,,AD-M31*5*Y,M31*5*Y,5302.0,2578.0,5688.0,2567.0,5691.0,2655.0,5307.0,2665.0,4.396748,1,single_row,day,2,,,,
uc3m,train,data_raw/uc3m/train/00679.jpg,,AD-07*0B*X,07*0B*X,6496.0,2385.0,6853.0,2395.0,6850.0,2470.0,6491.0,2460.0,4.7679973,1,single_row,day,2,,,,
uc3m,train,data_raw/uc3m/train/00679.jpg,,AD-55*4*CN,55*4*CN,7931.0,2324.0,8145.0,2314.0,8148.0,2368.0,7933.0,2376.0,4.0461307,1,single_row,day,2,,,,
uc3m,train,data_raw/uc3m/train/00679.jpg,,AD-99*1*NW,99*1*NW,8390.0,2385.0,8575.0,2381.0,8577.0,2421.0,8394.0,2430.0,4.3209624,1,single_row,day,2,,,,
uc3m,train,data_raw/uc3m/train/00679.jpg,,AD-7*15*SZ,7*15*SZ,8945.0,2200.0,9123.0,2200.0,9129.0,2237.0,8955.0,2242.0,4.365029,1,single_row,day,2,,,,
uc3m,train,data_raw/uc3m/train/00680.jpg,,AD-664*KJ*,664*KJ*,2284.0,2157.0,2942.0,2099.0,2964.0,2236.0,2301.0,2289.0,4.8765454,1,single_row,day,2,,,,
uc3m,train,data_raw/uc3m/train/00680.jpg,,AD-55*4*CN,55*4*CN,4261.0,2001.0,4678.0,1959.0,4692.0,2052.0,4271.0,2099.0,4.376503,1,single_row,day,2,,,,
uc3m,train,data_raw/uc3m/train/00680.jpg,,AD-99*1*NW,99*1*NW,5524.0,1982.0,5829.0,1949.0,5841.0,2022.0,5537.0,2058.0,4.056723,1,single_row,day,2,,,,
uc3m,train,data_raw/uc3m/train/00680.jpg,,AD-7*15*SZ,7*15*SZ,6612.0,1601.0,6866.0,1583.0,6875.0,1638.0,6620.0,1657.0,4.5444674,1,single_row,day,2,,,,
uc3m,train,data_raw/uc3m/train/00680.jpg,,AD-66*1*FW,66*1*FW,7635.0,1452.0,7798.0,1442.0,7803.0,1481.0,7640.0,1493.0,4.052786,1,single_row,day,2,,,,
uc3m,train,data_raw/uc3m/train/00681.jpg,,AD-99*1*NW,99*1*NW,4368.0,2041.0,4897.0,1949.0,4921.0,2064.0,4390.0,2148.0,4.7396026,1,single_row,day,2,,,,
uc3m,train,data_raw/uc3m/train/00681.jpg,,AD-55*4*CN,55*4*CN,1115.0,2431.0,1913.0,2303.0,1950.0,2464.0,1154.0,2594.0,4.852037,1,single_row,day,2,,,,
uc3m,train,data_raw/uc3m/train/00681.jpg,,AD-7*15*SZ,7*15*SZ,6647.0,1227.0,7069.0,1170.0,7084.0,1255.0,6661.0,1312.0,4.944115,1,single_row,day,2,,,,
uc3m,train,data_raw/uc3m/train/00681.jpg,,AD-65*0*CG,65*0*CG,7631.0,1071.0,7961.0,1031.0,7962.0,1102.0,7635.0,1140.0,4.7216835,1,single_row,day,2,,,,
uc3m,train,data_raw/uc3m/train/00681.jpg,,AD-66*1*FW,66*1*FW,8804.0,787.0,9073.0,747.0,9079.0,806.0,8813.0,843.0,4.658724,1,single_row,day,2,,,,
uc3m,train,data_raw/uc3m/train/00682.jpg,,AD-176*FP*,176*FP*,5133.0,2191.0,5631.0,2207.0,5626.0,2314.0,5136.0,2292.0,4.7499247,1,single_row,day,2,,,,
uc3m,train,data_raw/uc3m/train/00682.jpg,,BD-7*58*ZX,7*58*ZX,8161.0,1768.0,8389.0,1757.0,8389.0,1907.0,8152.0,1910.0,1.5918857,2,two_row,day,2,,,,
uc3m,train,data_raw/uc3m/train/00683.jpg,,AD-*223*JG,*223*JG,6665.0,1365.0,7201.0,1303.0,7204.0,1419.0,6676.0,1477.0,4.6844034,1,single_row,day,2,,,,
uc3m,train,data_raw/uc3m/train/00684.jpg,,AD-53*3*DR,53*3*DR,5927.0,2383.0,6818.0,2240.0,6805.0,2440.0,5918.0,2586.0,4.462939,1,single_row,day,2,,,,
uc3m,train,data_raw/uc3m/train/00685.jpg,,AD-05*2K*K,05*2K*K,5824.0,2792.0,6668.0,2653.0,6680.0,2834.0,5843.0,2963.0,4.816108,1,single_row,day,2,,,,
uc3m,train,data_raw/uc3m/train/00686.jpg,,AD-6*10*HN,6*10*HN,5205.0,1756.0,6115.0,1605.0,6142.0,1817.0,5242.0,1973.0,4.231618,1,single_row,day,2,,,,
uc3m,train,data_raw/uc3m/train/00686.jpg,,BD-710**VG,710**VG,6689.0,2843.0,7547.0,2996.0,7366.0,3640.0,6533.0,3443.0,1.3402995,2,two_row,day,2,,,,
uc3m,train,data_raw/uc3m/train/00687.jpg,,AD-NA369*B*,NA369*B*,1982.0,3228.0,3034.0,3380.0,3026.0,3652.0,1976.0,3478.0,4.0737,1,single_row,day,2,,,,
uc3m,train,data_raw/uc3m/train/00689.jpg,,AD-86*6*TT,86*6*TT,2711.0,2566.0,4140.0,2729.0,4177.0,3088.0,2770.0,2888.0,4.154535,1,single_row,day,2,,,,
uc3m,train,data_raw/uc3m/train/00690.jpg,,AD-9*99C*F,9*99C*F,4609.0,1797.0,5409.0,1814.0,5407.0,1999.0,4597.0,1970.0,4.4938073,1,single_row,day,2,,,,
uc3m,train,data_raw/uc3m/train/00691.jpg,,AD-8*11*MH,8*11*MH,2510.0,2122.0,3592.0,2119.0,3600.0,2367.0,2520.0,2361.0,4.436388,1,single_row,day,2,,,,
uc3m,train,data_raw/uc3m/train/00692.jpg,,AD-566**XN,566**XN,3333.0,2419.0,4153.0,2423.0,4158.0,2614.0,3339.0,2604.0,4.357345,1,single_row,day,2,,,,
uc3m,train,data_raw/uc3m/train/00693.jpg,,AD-*444F*F,*444F*F,2479.0,1766.0,3446.0,1819.0,3442.0,2053.0,2482.0,1985.0,4.261862,1,single_row,day,2,,,,
uc3m,train,data_raw/uc3m/train/00695.jpg,,AD-68*3JT*,68*3JT*,3224.0,3243.0,4290.0,3504.0,4265.0,3787.0,3202.0,3480.0,4.2211113,1,single_row,day,2,,,,
uc3m,train,data_raw/uc3m/train/00695.jpg,,AD-35*1G*V,35*1G*V,8715.0,313.0,9191.0,270.0,9178.0,360.0,8703.0,402.0,5.2826977,1,single_row,day,2,,,,
uc3m,train,data_raw/uc3m/train/00696.jpg,,AD-35*1G*V,35*1G*V,4378.0,1443.0,5002.0,1421.0,5000.0,1562.0,4378.0,1581.0,4.4681516,1,single_row,day,2,,,,
uc3m,train,data_raw/uc3m/train/00697.jpg,,AD-478**FN,478**FN,723.0,2782.0,1529.0,2707.0,1568.0,2862.0,764.0,2947.0,4.9051642,1,single_row,day,2,,,,
uc3m,train,data_raw/uc3m/train/00699.jpg,,AD-409**WX,409**WX,985.0,1385.0,1072.0,1386.0,1072.0,1407.0,985.0,1406.0,4.143131,1,single_row,day,2,,,,
uc3m,train,data_raw/uc3m/train/00700.jpg,,AD-887*KX*,887*KX*,1934.0,796.0,2006.0,798.0,2006.0,815.0,1933.0,812.0,4.392493,1,single_row,day,2,,,,
uc3m,train,data_raw/uc3m/train/00701.jpg,,AD-4*22LV*,4*22LV*,3977.0,2924.0,4158.0,2922.0,4160.0,2964.0,3977.0,2966.0,4.331141,1,single_row,day,2,,,,
uc3m,train,data_raw/uc3m/train/00702.jpg,,AD-034**MN,034**MN,6971.0,2107.0,7150.0,2107.0,7150.0,2142.0,6970.0,2142.0,5.1275253,1,single_row,day,2,,,,
uc3m,train,data_raw/uc3m/train/00703.jpg,,AD-513**HY,513**HY,2554.0,712.0,2640.0,714.0,2639.0,734.0,2553.0,732.0,4.2957964,1,single_row,day,2,,,,
uc3m,train,data_raw/uc3m/train/00704.jpg,,AD-VA619*A*,VA619*A*,2184.0,632.0,2269.0,633.0,2270.0,656.0,2185.0,653.0,3.8609781,1,single_row,day,2,,,,
uc3m,train,data_raw/uc3m/train/00704.jpg,,AD-48*2*SM,48*2*SM,2592.0,583.0,2656.0,584.0,2657.0,601.0,2592.0,599.0,3.9067807,1,single_row,day,2,,,,
uc3m,train,data_raw/uc3m/train/00705.jpg,,AD-*038LR*,*038LR*,1274.0,6387.0,4697.0,5187.0,4713.0,5679.0,1467.0,6902.0,6.808437,1,single_row,day,2,,,,
uc3m,train,data_raw/uc3m/train/00706.jpg,,AD-28*2*PS,28*2*PS,3857.0,1510.0,4294.0,1481.0,4307.0,1589.0,3861.0,1602.0,4.4016824,1,single_row,day,2,,,,
uc3m,train,data_raw/uc3m/train/00707.jpg,,AD-TO68*4A*,TO68*4A*,3863.0,2575.0,4821.0,2647.0,4810.0,2898.0,3857.0,2807.0,3.9684737,1,single_row,day,2,,,,
uc3m,train,data_raw/uc3m/train/00708.jpg,,AD-359*GZ*,359*GZ*,4015.0,3315.0,5041.0,3408.0,5041.0,3667.0,4015.0,3547.0,4.2020364,1,single_row,day,2,,,,
uc3m,train,data_raw/uc3m/train/00709.jpg,,AD-*566*SM,*566*SM,2380.0,1865.0,3310.0,1858.0,3309.0,2092.0,2377.0,2089.0,4.0653734,1,single_row,day,2,,,,
uc3m,train,data_raw/uc3m/train/00709.jpg,,AD-437*LR*,437*LR*,5683.0,729.0,5951.0,715.0,5950.0,779.0,5680.0,796.0,4.1113887,1,single_row,day,2,,,,
uc3m,train,data_raw/uc3m/train/00710.jpg,,AD-437*LR*,437*LR*,2885.0,1921.0,3887.0,2035.0,3851.0,2294.0,2859.0,2164.0,3.9712148,1,single_row,day,2,,,,
uc3m,train,data_raw/uc3m/train/00711.jpg,,AD-7*82*HP,7*82*HP,2251.0,1713.0,3078.0,1694.0,3102.0,1905.0,2267.0,1908.0,4.0739193,1,single_row,day,2,,,,
uc3m,train,data_raw/uc3m/train/00712.jpg,,AD-*638*SN,*638*SN,2538.0,3506.0,2948.0,3503.0,2948.0,3587.0,2538.0,3592.0,4.8237734,1,single_row,day,2,,,,
uc3m,train,data_raw/uc3m/train/00712.jpg,,AD-799*KZ*,799*KZ*,4478.0,3494.0,4775.0,3493.0,4773.0,3559.0,4477.0,3561.0,4.4574447,1,single_row,day,2,,,,
uc3m,train,data_raw/uc3m/train/00713.jpg,,AD-*638*SN,*638*SN,2506.0,3547.0,2917.0,3535.0,2919.0,3621.0,2508.0,3632.0,4.807587,1,single_row,day,2,,,,
uc3m,train,data_raw/uc3m/train/00713.jpg,,AD-78*2*PT,78*2*PT,4174.0,3387.0,4395.0,3379.0,4395.0,3430.0,4178.0,3433.0,4.5091004,1,single_row,day,2,,,,
uc3m,train,data_raw/uc3m/train/00714.jpg,,AD-*638*SN,*638*SN,2376.0,3680.0,2791.0,3653.0,2799.0,3738.0,2384.0,3766.0,4.843294,1,single_row,day,2,,,,
uc3m,train,data_raw/uc3m/train/00714.jpg,,AD-0*56*FY,0*56*FY,4687.0,3574.0,5000.0,3552.0,5001.0,3624.0,4690.0,3646.0,4.342,1,single_row,day,2,,,,
uc3m,train,data_raw/uc3m/train/00715.jpg,,AD-*638*SN,*638*SN,2322.0,3153.0,2736.0,3126.0,2744.0,3211.0,2329.0,3239.0,4.839932,1,single_row,day,2,,,,
uc3m,train,data_raw/uc3m/train/00715.jpg,,AD-0*13DZ*,0*13DZ*,3942.0,2975.0,4172.0,2959.0,4176.0,3012.0,3942.0,3026.0,4.464436,1,single_row,day,2,,,,
uc3m,train,data_raw/uc3m/train/00718.jpg,,AD-*638*SN,*638*SN,2435.0,2624.0,2841.0,2581.0,2855.0,2670.0,2451.0,2711.0,4.5607963,1,single_row,day,2,,,,
uc3m,train,data_raw/uc3m/train/00718.jpg,,AD-M49*9*V,M49*9*V,4717.0,2427.0,5069.0,2388.0,5073.0,2470.0,4729.0,2510.0,4.2207136,1,single_row,day,2,,,,
uc3m,train,data_raw/uc3m/train/00719.jpg,,AD-2*35*FS,2*35*FS,4735.0,3147.0,5041.0,3107.0,5047.0,3174.0,4745.0,3217.0,4.447417,1,single_row,day,2,,,,
uc3m,train,data_raw/uc3m/train/00719.jpg,,AD-*638*SN,*638*SN,1633.0,3335.0,2070.0,3277.0,2082.0,3361.0,1647.0,3421.0,5.116441,1,single_row,day,2,,,,
uc3m,train,data_raw/uc3m/train/00720.jpg,,AD-*638*SN,*638*SN,2745.0,3357.0,3137.0,3289.0,3152.0,3368.0,2761.0,3439.0,4.850322,1,single_row,day,2,,,,
uc3m,train,data_raw/uc3m/train/00720.jpg,,AD-7*16BY*,7*16BY*,4484.0,3059.0,4748.0,3017.0,4760.0,3072.0,4497.0,3115.0,4.691492,1,single_row,day,2,,,,
uc3m,train,data_raw/uc3m/train/00721.jpg,,AD-01*5D*L,01*5D*L,14.0,4024.0,819.0,4002.0,804.0,4160.0,7.0,4185.0,5.0105667,1,single_row,day,2,,,,
uc3m,train,data_raw/uc3m/train/00723.jpg,,AD-TO901*A*,TO901*A*,6847.0,4308.0,7371.0,4310.0,7384.0,4421.0,6860.0,4415.0,4.773672,1,single_row,day,2,,,,
uc3m,train,data_raw/uc3m/train/00724.jpg,,AD-722**CF,722**CF,8170.0,2559.0,9032.0,2483.0,9027.0,2678.0,8178.0,2754.0,4.4018836,1,single_row,day,2,,,,
uc3m,train,data_raw/uc3m/train/00725.jpg,,AN-431*CH*,431*CH*,2144.0,1185.0,2243.0,1172.0,2247.0,1195.0,2147.0,1207.0,4.4033465,1,single_row,night,2,,,,
uc3m,train,data_raw/uc3m/train/00727.jpg,,AN-060**NT,060**NT,3939.0,679.0,4121.0,680.0,4122.0,714.0,3939.0,717.0,5.068789,1,single_row,night,2,,,,
uc3m,train,data_raw/uc3m/train/00728.jpg,,AN-277*B*Z,277*B*Z,2404.0,954.0,2646.0,925.0,2651.0,988.0,2411.0,1020.0,3.7498019,1,single_row,night,2,,,,
uc3m,train,data_raw/uc3m/train/00729.jpg,,AN-74*1F*G,74*1F*G,2860.0,828.0,3068.0,830.0,3077.0,890.0,2869.0,888.0,3.428471,1,single_row,night,2,,,,
uc3m,train,data_raw/uc3m/train/00730.jpg,,AN-45*1*SW,45*1*SW,2297.0,914.0,2474.0,922.0,2478.0,963.0,2299.0,956.0,4.2804885,1,single_row,night,2,,,,
uc3m,train,data_raw/uc3m/train/00731.jpg,,AN-16*7*NS,16*7*NS,1867.0,1030.0,2006.0,1020.0,2010.0,1050.0,1872.0,1061.0,4.5048547,1,single_row,night,2,,,,
uc3m,train,data_raw/uc3m/train/00732.jpg,,AN-181*KT*,181*KT*,2149.0,976.0,2278.0,971.0,2286.0,1000.0,2155.0,1009.0,4.0928683,1,single_row,night,2,,,,
uc3m,train,data_raw/uc3m/train/00733.jpg,,AN-70*1*XZ,70*1*XZ,1246.0,883.0,1371.0,889.0,1372.0,914.0,1246.0,911.0,4.737451,1,single_row,night,2,,,,
uc3m,train,data_raw/uc3m/train/00734.jpg,,AN-24*5J*L,24*5J*L,1896.0,809.0,2004.0,808.0,2006.0,832.0,1898.0,833.0,4.484648,1,single_row,night,2,,,,
uc3m,train,data_raw/uc3m/train/00735.jpg,,AN-43*3*KF,43*3*KF,1905.0,791.0,2092.0,782.0,2102.0,822.0,1913.0,838.0,4.239175,1,single_row,night,2,,,,
uc3m,train,data_raw/uc3m/train/00735.jpg,,AN-444**MK,444**MK,2248.0,834.0,2355.0,828.0,2360.0,855.0,2256.0,864.0,3.6158977,1,single_row,night,2,,,,
uc3m,train,data_raw/uc3m/train/00736.jpg,,AN-5*34*CT,5*34*CT,2720.0,810.0,2935.0,799.0,2942.0,851.0,2729.0,861.0,4.1101847,1,single_row,night,2,,,,
uc3m,train,data_raw/uc3m/train/00737.jpg,,AN-5*34*CT,5*34*CT,2929.0,904.0,3094.0,905.0,3100.0,941.0,2935.0,943.0,4.3448534,1,single_row,night,2,,,,
uc3m,train,data_raw/uc3m/train/00737.jpg,,AN-459**VV,459**VV,1523.0,757.0,1639.0,759.0,1639.0,780.0,1521.0,781.0,5.1908813,1,single_row,night,2,,,,
uc3m,train,data_raw/uc3m/train/00738.jpg,,AN-5*34*CT,5*34*CT,2472.0,716.0,2562.0,716.0,2562.0,736.0,2473.0,735.0,4.5867944,1,single_row,night,2,,,,
uc3m,train,data_raw/uc3m/train/00738.jpg,,AN-85*3D*R,85*3D*R,1045.0,691.0,1150.0,692.0,1149.0,713.0,1045.0,712.0,4.9736004,1,single_row,night,2,,,,
uc3m,train,data_raw/uc3m/train/00738.jpg,,AN-459**VV,459**VV,1877.0,685.0,2016.0,688.0,2018.0,712.0,1878.0,713.0,5.3556695,1,single_row,night,2,,,,
uc3m,train,data_raw/uc3m/train/00739.jpg,,AN-459**VV,459**VV,1820.0,597.0,1989.0,597.0,1993.0,630.0,1820.0,632.0,5.01178,1,single_row,night,2,,,,
uc3m,train,data_raw/uc3m/train/00740.jpg,,AN-459**VV,459**VV,1855.0,631.0,2020.0,630.0,2021.0,661.0,1856.0,664.0,5.154205,1,single_row,night,2,,,,
uc3m,train,data_raw/uc3m/train/00743.jpg,,AN-6*93*ZN,6*93*ZN,164.0,710.0,323.0,711.0,324.0,744.0,167.0,745.0,4.637367,1,single_row,night,2,,,,
uc3m,train,data_raw/uc3m/train/00744.jpg,,AN-57*5F*B,57*5F*B,178.0,700.0,394.0,700.0,391.0,735.0,177.0,735.0,6.130367,1,single_row,night,2,,,,
uc3m,train,data_raw/uc3m/train/00745.jpg,,AN-0*58*XN,0*58*XN,1497.0,663.0,1619.0,662.0,1618.0,688.0,1495.0,687.0,4.8901467,1,single_row,night,2,,,,
uc3m,train,data_raw/uc3m/train/00746.jpg,,AN-003*K*P,003*K*P,1261.0,849.0,1890.0,873.0,1890.0,1000.0,1260.0,976.0,4.960217,1,single_row,night,2,,,,
uc3m,train,data_raw/uc3m/train/00747.jpg,,AD-00*6B*Z,00*6B*Z,1025.0,1219.0,1289.0,1191.0,1295.0,1254.0,1027.0,1285.0,4.139242,1,single_row,day,2,,,,
uc3m,train,data_raw/uc3m/train/00748.jpg,,AD-394*FB*,394*FB*,143.0,1254.0,452.0,1276.0,452.0,1361.0,143.0,1335.0,3.7341816,1,single_row,day,2,,,,
uc3m,train,data_raw/uc3m/train/00749.jpg,,AD-19*2G*W,19*2G*W,2951.0,2531.0,3485.0,2587.0,3453.0,2743.0,2926.0,2680.0,3.4404578,1,single_row,day,2,,,,
uc3m,train,data_raw/uc3m/train/00750.jpg,,AD-*013BX*,*013BX*,2515.0,2025.0,3064.0,2113.0,3045.0,2249.0,2507.0,2158.0,4.0717225,1,single_row,day,2,,,,
uc3m,train,data_raw/uc3m/train/00752.jpg,,AD-79*4HG*,79*4HG*,800.0,1776.0,1410.0,1885.0,1414.0,2061.0,805.0,1961.0,3.4250154,1,single_row,day,2,,,,
uc3m,train,data_raw/uc3m/train/00753.jpg,,AD-83*0BV*,83*0BV*,2477.0,2687.0,3177.0,2652.0,3209.0,2800.0,2498.0,2844.0,4.5614967,1,single_row,day,2,,,,
uc3m,train,data_raw/uc3m/train/00753.jpg,,AD-17*5*BF,17*5*BF,4004.0,2034.0,4370.0,2025.0,4384.0,2117.0,4021.0,2124.0,3.9489613,1,single_row,day,2,,,,
uc3m,train,data_raw/uc3m/train/00754.jpg,,AD-69*5DR*,69*5DR*,2523.0,3224.0,2859.0,3207.0,2862.0,3295.0,2524.0,3322.0,3.6306577,1,single_row,day,2,,,,
uc3m,train,data_raw/uc3m/train/00754.jpg,,AD-143**YZ,143**YZ,4175.0,2968.0,4422.0,2958.0,4440.0,3031.0,4191.0,3046.0,3.208139,1,single_row,day,2,,,,
uc3m,train,data_raw/uc3m/train/00754.jpg,,AD-1*23J*M,1*23J*M,4855.0,2813.0,5003.0,2807.0,5015.0,2849.0,4868.0,2859.0,3.229709,1,single_row,day,2,,,,
uc3m,train,data_raw/uc3m/train/00755.jpg,,AD-1*23J*M,1*23J*M,2683.0,3545.0,3118.0,3481.0,3150.0,3590.0,2715.0,3662.0,3.7488768,1,single_row,day,2,,,,
uc3m,train,data_raw/uc3m/train/00755.jpg,,AD-33*0*FM,33*0*FM,4266.0,3085.0,4440.0,3066.0,4458.0,3114.0,4288.0,3142.0,3.0911143,1,single_row,day,2,,,,
uc3m,train,data_raw/uc3m/train/00757.jpg,,AD-28*0GT*,28*0GT*,2622.0,3208.0,3119.0,3180.0,3132.0,3303.0,2640.0,3340.0,3.858122,1,single_row,day,2,,,,
uc3m,train,data_raw/uc3m/train/00758.jpg,,AD-029**DP,029**DP,2231.0,2258.0,2976.0,2225.0,3012.0,2404.0,2258.0,2439.0,4.1044745,1,single_row,day,2,,,,
uc3m,train,data_raw/uc3m/train/00759.jpg,,AD-068*LP*,068*LP*,1458.0,2315.0,2058.0,2311.0,2092.0,2474.0,1489.0,2481.0,3.587158,1,single_row,day,2,,,,
uc3m,train,data_raw/uc3m/train/00759.jpg,,AD-33*0*RJ,33*0*RJ,3046.0,2456.0,3485.0,2457.0,3518.0,2590.0,3082.0,2589.0,3.1839232,1,single_row,day,2,,,,
uc3m,train,data_raw/uc3m/train/00760.jpg,,AD-87*8D*R,87*8D*R,502.0,2210.0,1435.0,2193.0,1470.0,2422.0,522.0,2435.0,4.111592,1,single_row,day,2,,,,
uc3m,train,data_raw/uc3m/train/00761.jpg,,AD-44*1*RR,44*1*RR,2601.0,2401.0,3356.0,2378.0,3405.0,2563.0,2635.0,2594.0,3.9395108,1,single_row,day,2,,,,
uc3m,train,data_raw/uc3m/train/00764.jpg,,AD-83*0*DT,83*0*DT,868.0,2952.0,1684.0,2917.0,1716.0,3110.0,898.0,3148.0,4.1522207,1,single_row,day,2,,,,
uc3m,train,data_raw/uc3m/train/00764.jpg,,AD-*299*GF,*299*GF,3387.0,2988.0,3985.0,2947.0,4017.0,3119.0,3414.0,3159.0,3.4582973,1,single_row,day,2,,,,
uc3m,train,data_raw/uc3m/train/00766.jpg,,AD-70*0*GM,70*0*GM,2081.0,2990.0,2641.0,2990.0,2629.0,3114.0,2071.0,3109.0,4.582083,1,single_row,day,2,,,,
uc3m,train,data_raw/uc3m/train/00767.jpg,,AD-248*J*B,248*J*B,1949.0,1917.0,2468.0,1934.0,2465.0,2026.0,1952.0,2026.0,5.13341,1,single_row,day,2,,,,
uc3m,train,data_raw/uc3m/train/00768.jpg,,AD-220**MZ,220**MZ,2358.0,2468.0,3337.0,2496.0,3311.0,2715.0,2319.0,2678.0,4.5426393,1,single_row,day,2,,,,
uc3m,train,data_raw/uc3m/train/00769.jpg,,AD-220**MZ,220**MZ,3102.0,2962.0,3714.0,2949.0,3709.0,3075.0,3102.0,3081.0,4.9741817,1,single_row,day,2,,,,
uc3m,train,data_raw/uc3m/train/00770.jpg,,AD-2*78*SV,2*78*SV,2202.0,2343.0,3124.0,2317.0,3134.0,2521.0,2212.0,2543.0,4.5603275,1,single_row,day,2,,,,
uc3m,train,data_raw/uc3m/train/00772.jpg,,AD-39*3LV*,39*3LV*,3455.0,2190.0,4473.0,2136.0,4490.0,2357.0,3461.0,2403.0,4.7142463,1,single_row,day,2,,,,
uc3m,train,data_raw/uc3m/train/00773.jpg,,AD-5*25G*C,5*25G*C,3782.0,3479.0,4065.0,3477.0,4065.0,3532.0,3785.0,3534.0,5.1145096,1,single_row,day,2,,,,
uc3m,train,data_raw/uc3m/train/00774.jpg,,AD-5*25G*C,5*25G*C,1192.0,2804.0,2353.0,2821.0,2358.0,3063.0,1180.0,3041.0,4.8801594,1,single_row,day,2,,,,
uc3m,train,data_raw/uc3m/train/00775.jpg,,AD-7*00*JC,7*00*JC,1760.0,2672.0,2760.0,2672.0,2756.0,2870.0,1750.0,2868.0,5.0875616,1,single_row,day,2,,,,
uc3m,train,data_raw/uc3m/train/00777.jpg,,AD-M69*4*H,M69*4*H,1340.0,1810.0,3908.0,1575.0,4024.0,2154.0,1451.0,2397.0,4.346446,1,single_row,day,2,,,,
uc3m,train,data_raw/uc3m/train/00778.jpg,,AD-M69*4*H,M69*4*H,2482.0,2130.0,3884.0,2042.0,3934.0,2346.0,2520.0,2441.0,4.541292,1,single_row,day,2,,,,
uc3m,train,data_raw/uc3m/train/00779.jpg,,AD-73*3L*R,73*3L*R,2803.0,2231.0,3553.0,2258.0,3547.0,2409.0,2801.0,2382.0,4.9546967,1,single_row,day,2,,,,
uc3m,train,data_raw/uc3m/train/00780.jpg,,AD-392*G*X,392*G*X,1845.0,3121.0,3113.0,3097.0,3102.0,3360.0,1839.0,3380.0,4.8466167,1,single_row,day,2,,,,
uc3m,train,data_raw/uc3m/train/00781.jpg,,AD-666*K*K,666*K*K,2498.0,1894.0,3556.0,1884.0,3554.0,2092.0,2486.0,2103.0,5.0942483,1,single_row,day,2,,,,
uc3m,train,data_raw/uc3m/train/00782.jpg,,DD-238*L*N,238*L*N,1227.0,2607.0,3027.0,2457.0,3110.0,2828.0,1306.0,3003.0,4.6158504,1,single_row,day,2,,,,
uc3m,train,data_raw/uc3m/train/00783.jpg,,DD-238*L*N,238*L*N,2273.0,2745.0,3606.0,2724.0,3627.0,3003.0,2285.0,3015.0,4.8635416,1,single_row,day,2,,,,
uc3m,train,data_raw/uc3m/train/00784.jpg,,AD-73*3L*R,73*3L*R,2250.0,2501.0,3122.0,2511.0,3128.0,2695.0,2247.0,2684.0,4.7753177,1,single_row,day,2,,,,
uc3m,train,data_raw/uc3m/train/00785.jpg,,AD-477**BG,477**BG,473.0,2370.0,797.0,2379.0,794.0,2441.0,472.0,2435.0,5.0848265,1,single_row,day,2,,,,
uc3m,train,data_raw/uc3m/train/00785.jpg,,AD-*877LN*,*877LN*,2664.0,2196.0,3329.0,2207.0,3333.0,2350.0,2666.0,2336.0,4.706386,1,single_row,day,2,,,,
uc3m,train,data_raw/uc3m/train/00787.jpg,,DD-009*L*K,009*L*K,2513.0,1872.0,3604.0,1879.0,3604.0,2109.0,2502.0,2109.0,4.6934156,1,single_row,day,2,,,,
uc3m,train,data_raw/uc3m/train/00788.jpg,,AD-369**MS,369**MS,3277.0,2340.0,3865.0,2312.0,3874.0,2435.0,3285.0,2462.0,4.7977552,1,single_row,day,2,,,,
uc3m,train,data_raw/uc3m/train/00789.jpg,,AD-1*18*YM,1*18*YM,2131.0,2975.0,3114.0,2995.0,3117.0,3199.0,2134.0,3185.0,4.7490253,1,single_row,day,2,,,,
uc3m,train,data_raw/uc3m/train/00790.jpg,,AD-785*H*B,785*H*B,2233.0,2870.0,3680.0,2846.0,3690.0,3166.0,2223.0,3186.0,4.580024,1,single_row,day,2,,,,
uc3m,train,data_raw/uc3m/train/00791.jpg,,AD-740*C*T,740*C*T,931.0,1490.0,2080.0,1507.0,2085.0,1746.0,931.0,1726.0,4.848517,1,single_row,day,2,,,,
uc3m,train,data_raw/uc3m/train/00792.jpg,,AD-92*9*MH,92*9*MH,2605.0,2488.0,3441.0,2484.0,3450.0,2658.0,2613.0,2662.0,4.8017807,1,single_row,day,2,,,,
uc3m,train,data_raw/uc3m/train/00793.jpg,,AD-90*2*MX,90*2*MX,2219.0,2304.0,3373.0,2312.0,3378.0,2558.0,2231.0,2541.0,4.7608,1,single_row,day,2,,,,
uc3m,train,data_raw/uc3m/train/00794.jpg,,AD-32*3*MT,32*3*MT,1996.0,1759.0,2512.0,1776.0,2501.0,1877.0,1988.0,1867.0,4.904293,1,single_row,day,2,,,,
uc3m,train,data_raw/uc3m/train/00795.jpg,,AD-*479LK*,*479LK*,2482.0,2058.0,3325.0,2045.0,3337.0,2223.0,2488.0,2233.0,4.786779,1,single_row,day,2,,,,
uc3m,train,data_raw/uc3m/train/00795.jpg,,AD-785*H*B,785*H*B,1.0,2116.0,329.0,2118.0,329.0,2189.0,0.0,2194.0,4.409502,1,single_row,day,2,,,,
uc3m,train,data_raw/uc3m/train/00796.jpg,,AD-785*H*B,785*H*B,3060.0,1447.0,4256.0,1415.0,4267.0,1660.0,3054.0,1682.0,5.0166774,1,single_row,day,2,,,,
uc3m,train,data_raw/uc3m/train/00797.jpg,,BD-28*2H*C,28*2H*C,1263.0,3269.0,1628.0,3269.0,1626.0,3508.0,1269.0,3500.0,1.5360789,2,two_row,day,2,,,,
uc3m,train,data_raw/uc3m/train/00800.jpg,,AD-11*0*CF,11*0*CF,2401.0,2042.0,3119.0,2031.0,3122.0,2180.0,2417.0,2191.0,4.761569,1,single_row,day,2,,,,
uc3m,train,data_raw/uc3m/train/00801.jpg,,AD-M34*4Y*,M34*4Y*,269.0,1667.0,509.0,1669.0,506.0,1717.0,269.0,1713.0,5.0698643,1,single_row,day,2,,,,
uc3m,train,data_raw/uc3m/train/00801.jpg,,AD-0*06*CT,0*06*CT,2899.0,1879.0,3569.0,1878.0,3570.0,2014.0,2901.0,2011.0,4.9959455,1,single_row,day,2,,,,
uc3m,train,data_raw/uc3m/train/00802.jpg,,AD-M34*4Y*,M34*4Y*,1846.0,947.0,2933.0,960.0,2931.0,1180.0,1839.0,1165.0,4.973919,1,single_row,day,2,,,,
uc3m,train,data_raw/uc3m/train/00803.jpg,,AD-M34*4Y*,M34*4Y*,2733.0,2113.0,3541.0,2141.0,3539.0,2309.0,2743.0,2288.0,4.674554,1,single_row,day,2,,,,
uc3m,train,data_raw/uc3m/train/00805.jpg,,AD-243*LL*,243*LL*,1308.0,2057.0,2314.0,2061.0,2305.0,2282.0,1289.0,2268.0,4.6695886,1,single_row,day,2,,,,
uc3m,train,data_raw/uc3m/train/00807.jpg,,AD-*099*WD,*099*WD,1095.0,2426.0,1761.0,2426.0,1760.0,2557.0,1103.0,2563.0,4.932304,1,single_row,day,2,,,,
uc3m,train,data_raw/uc3m/train/00809.jpg,,ED-TO018*8*,TO018*8*,1677.0,2442.0,2077.0,2429.0,2083.0,2507.0,1683.0,2516.0,5.2488704,1,single_row,day,2,,,,
uc3m,train,data_raw/uc3m/train/00809.jpg,,AD-TO975*A*,TO975*A*,3119.0,2397.0,3511.0,2390.0,3515.0,2468.0,3122.0,2480.0,4.87256,1,single_row,day,2,,,,
uc3m,train,data_raw/uc3m/train/00810.jpg,,AD-697*DY*,697*DY*,2167.0,2830.0,3100.0,2823.0,3095.0,3019.0,2165.0,3030.0,4.7039,1,single_row,day,2,,,,
uc3m,train,data_raw/uc3m/train/00811.jpg,,BD-34*3F*D,34*3F*D,1289.0,2377.0,1779.0,2352.0,1781.0,2684.0,1282.0,2699.0,1.5133616,2,two_row,day,2,,,,
uc3m,train,data_raw/uc3m/train/00812.jpg,,AD-43*2J*F,43*2J*F,788.0,2561.0,1614.0,2541.0,1607.0,2703.0,777.0,2723.0,5.1043434,1,single_row,day,2,,,,
uc3m,train,data_raw/uc3m/train/00815.jpg,,BD-99*8*PX,99*8*PX,2692.0,2597.0,3363.0,2590.0,3365.0,3026.0,2690.0,3036.0,1.538396,2,two_row,day,2,,,,
uc3m,train,data_raw/uc3m/train/00819.jpg,,AD-M47*0V*,M47*0V*,2518.0,3118.0,4184.0,3072.0,4184.0,3469.0,2518.0,3496.0,4.300456,1,single_row,day,2,,,,
uc3m,train,data_raw/uc3m/train/00820.jpg,,AD-7*22CM*,7*22CM*,3373.0,2361.0,4723.0,2261.0,4773.0,2549.0,3419.0,2686.0,4.374545,1,single_row,day,2,,,,
uc3m,train,data_raw/uc3m/train/00821.jpg,,DD-*111LS*,*111LS*,2213.0,1992.0,2694.0,1982.0,2696.0,2068.0,2215.0,2086.0,5.34557,1,single_row,day,2,,,,
uc3m,train,data_raw/uc3m/train/00822.jpg,,AD-90*9J*X,90*9J*X,2904.0,1684.0,3333.0,1684.0,3334.0,1768.0,2909.0,1776.0,4.8487964,1,single_row,day,2,,,,
uc3m,train,data_raw/uc3m/train/00823.jpg,,AD-80*1FV*,80*1FV*,2218.0,2909.0,2672.0,2887.0,2678.0,2987.0,2220.0,3004.0,4.6764545,1,single_row,day,2,,,,
uc3m,train,data_raw/uc3m/train/00824.jpg,,AD-*717*PZ,*717*PZ,198.0,1289.0,465.0,1314.0,460.0,1374.0,193.0,1350.0,4.4167123,1,single_row,day,2,,,,
uc3m,train,data_raw/uc3m/train/00824.jpg,,AD-214*LS*,214*LS*,4624.0,1519.0,4917.0,1537.0,4914.0,1602.0,4620.0,1577.0,4.7774367,1,single_row,day,2,,,,
uc3m,train,data_raw/uc3m/train/00824.jpg,,AD-909**FY,909**FY,2627.0,2300.0,3729.0,2366.0,3714.0,2574.0,2620.0,2509.0,5.267246,1,single_row,day,2,,,,
uc3m,train,data_raw/uc3m/train/00825.jpg,,AD-9*38H*F,9*38H*F,2815.0,766.0,4171.0,734.0,4171.0,990.0,2804.0,1023.0,5.3070707,1,single_row,day,2,,,,
uc3m,train,data_raw/uc3m/train/00826.jpg,,AD-362*JW*,362*JW*,2997.0,1725.0,4159.0,1727.0,4145.0,1964.0,2980.0,1956.0,4.9612827,1,single_row,day,2,,,,
uc3m,train,data_raw/uc3m/train/00827.jpg,,AD-214*LS*,214*LS*,2798.0,2393.0,3484.0,2396.0,3484.0,2529.0,2796.0,2532.0,5.051251,1,single_row,day,2,,,,
uc3m,train,data_raw/uc3m/train/00828.jpg,,AD-9*38H*F,9*38H*F,3243.0,2208.0,4513.0,2217.0,4513.0,2452.0,3236.0,2439.0,5.4646325,1,single_row,day,2,,,,
uc3m,train,data_raw/uc3m/train/00829.jpg,,AD-43*6K*K,43*6K*K,1862.0,1735.0,3484.0,1717.0,3492.0,2062.0,1847.0,2074.0,4.7735634,1,single_row,day,2,,,,
uc3m,train,data_raw/uc3m/train/00830.jpg,,AD-9*38H*F,9*38H*F,1239.0,1531.0,1380.0,1528.0,1380.0,1557.0,1239.0,1558.0,5.0363474,1,single_row,day,2,,,,
uc3m,train,data_raw/uc3m/train/00830.jpg,,AD-362*JW*,362*JW*,1579.0,1411.0,1698.0,1409.0,1698.0,1431.0,1581.0,1433.0,5.353369,1,single_row,day,2,,,,
uc3m,train,data_raw/uc3m/train/00830.jpg,,AD-43*6K*K,43*6K*K,2680.0,2315.0,3034.0,2306.0,3033.0,2382.0,2677.0,2385.0,4.861525,1,single_row,day,2,,,,
uc3m,train,data_raw/uc3m/train/00830.jpg,,AD-059**DK,059**DK,2921.0,1514.0,3080.0,1510.0,3081.0,1545.0,2923.0,1546.0,4.726729,1,single_row,day,2,,,,
uc3m,train,data_raw/uc3m/train/00830.jpg,,AD-60*7*RZ,60*7*RZ,4985.0,1419.0,5128.0,1416.0,5129.0,1444.0,4987.0,1448.0,4.993941,1,single_row,day,2,,,,
uc3m,train,data_raw/uc3m/train/00832.jpg,,AD-899**YB,899**YB,3487.0,1792.0,4087.0,1810.0,4084.0,1935.0,3480.0,1910.0,4.9530096,1,single_row,day,2,,,,
uc3m,train,data_raw/uc3m/train/00833.jpg,,AD-347*JZ*,347*JZ*,2694.0,1559.0,3263.0,1556.0,3256.0,1671.0,2692.0,1670.0,5.0081973,1,single_row,day,2,,,,
uc3m,train,data_raw/uc3m/train/00835.jpg,,AD-251**XM,251**XM,3042.0,2850.0,3466.0,2838.0,3470.0,2931.0,3042.0,2940.0,4.6549954,1,single_row,day,2,,,,
uc3m,train,data_raw/uc3m/train/00837.jpg,,AD-2*66*CC,2*66*CC,2414.0,1398.0,2933.0,1381.0,2935.0,1488.0,2416.0,1501.0,4.9440603,1,single_row,day,2,,,,
uc3m,train,data_raw/uc3m/train/00837.jpg,,AD-08*6*TW,08*6*TW,4044.0,1308.0,4256.0,1290.0,4258.0,1338.0,4047.0,1354.0,4.507875,1,single_row,day,2,,,,
uc3m,train,data_raw/uc3m/train/00838.jpg,,AD-0*12K*P,0*12K*P,2460.0,2200.0,3818.0,2203.0,3812.0,2466.0,2448.0,2466.0,5.1422687,1,single_row,day,2,,,,
uc3m,train,data_raw/uc3m/train/00840.jpg,,AD-582*J*J,582*J*J,792.0,2225.0,1141.0,2218.0,1144.0,2284.0,790.0,2290.0,5.363287,1,single_row,day,2,,,,
uc3m,train,data_raw/uc3m/train/00840.jpg,,AD-16*5KS*,16*5KS*,3074.0,1928.0,3592.0,1927.0,3585.0,2022.0,3074.0,2024.0,5.3802056,1,single_row,day,2,,,,
uc3m,train,data_raw/uc3m/train/00843.jpg,,AD-*995*ZD,*995*ZD,2784.0,1516.0,3261.0,1512.0,3261.0,1616.0,2783.0,1610.0,4.823378,1,single_row,day,2,,,,
uc3m,train,data_raw/uc3m/train/00843.jpg,,AD-909**FY,909**FY,4258.0,1394.0,4454.0,1393.0,4454.0,1431.0,4258.0,1433.0,5.091075,1,single_row,day,2,,,,
uc3m,train,data_raw/uc3m/train/00845.jpg,,AD-31*9KW*,31*9KW*,2011.0,1692.0,2365.0,1692.0,2365.0,1767.0,2012.0,1764.0,4.8093834,1,single_row,day,2,,,,
uc3m,train,data_raw/uc3m/train/00846.jpg,,AD-006*GY*,006*GY*,600.0,2676.0,1587.0,2692.0,1588.0,2884.0,600.0,2873.0,5.0775776,1,single_row,day,2,,,,
uc3m,train,data_raw/uc3m/train/00846.jpg,,AD-*774FV*,*774FV*,3832.0,2632.0,4464.0,2635.0,4462.0,2762.0,3828.0,2757.0,5.022327,1,single_row,day,2,,,,
uc3m,train,data_raw/uc3m/train/00847.jpg,,AN-38*7*TB,38*7*TB,2348.0,1939.0,3627.0,1963.0,3609.0,2215.0,2342.0,2175.0,5.211297,1,single_row,night,2,,,,
uc3m,train,data_raw/uc3m/train/00849.jpg,,DD-62*6*DF,62*6*DF,1887.0,1511.0,2534.0,1512.0,2536.0,1639.0,1887.0,1636.0,5.1425667,1,single_row,day,2,,,,
uc3m,train,data_raw/uc3m/train/00850.jpg,,AD-82*6L*K,82*6L*K,3025.0,255.0,3855.0,241.0,3855.0,414.0,3020.0,425.0,4.853742,1,single_row,day,2,,,,
uc3m,train,data_raw/uc3m/train/00851.jpg,,AD-12*2J*J,12*2J*J,917.0,2161.0,1728.0,2157.0,1721.0,2319.0,907.0,2319.0,5.0707507,1,single_row,day,2,,,,
uc3m,train,data_raw/uc3m/train/00851.jpg,,AD-078*LM*,078*LM*,4785.0,1120.0,5153.0,1116.0,5155.0,1195.0,4781.0,1193.0,4.877431,1,single_row,day,2,,,,
uc3m,train,data_raw/uc3m/train/00852.jpg,,AD-12*2J*J,12*2J*J,86.0,1735.0,536.0,1726.0,533.0,1819.0,89.0,1821.0,4.9921336,1,single_row,day,2,,,,
uc3m,train,data_raw/uc3m/train/00852.jpg,,AD-849*LL*,849*LL*,2735.0,2506.0,3932.0,2468.0,3934.0,2702.0,2735.0,2734.0,5.1882806,1,single_row,day,2,,,,
uc3m,train,data_raw/uc3m/train/00853.jpg,,AD-12*2J*J,12*2J*J,4838.0,1871.0,5093.0,1866.0,5092.0,1918.0,4838.0,1919.0,5.09002,1,single_row,day,2,,,,
uc3m,train,data_raw/uc3m/train/00853.jpg,,AD-1*36*KZ,1*36*KZ,1072.0,2016.0,1961.0,2000.0,1960.0,2191.0,1066.0,2204.0,4.7038946,1,single_row,day,2,,,,
uc3m,train,data_raw/uc3m/train/00854.jpg,,AD-22*2K*M,22*2K*M,2078.0,2237.0,2484.0,2238.0,2482.0,2320.0,2074.0,2320.0,4.929734,1,single_row,day,2,,,,
uc3m,train,data_raw/uc3m/train/00854.jpg,,AD-1*36*KZ,1*36*KZ,3541.0,2131.0,4088.0,2127.0,4088.0,2242.0,3539.0,2247.0,4.744396,1,single_row,day,2,,,,
uc3m,train,data_raw/uc3m/train/00856.jpg,,AD-1*36*KZ,1*36*KZ,2422.0,2738.0,3015.0,2771.0,3011.0,2893.0,2420.0,2855.0,4.9612045,1,single_row,day,2,,,,
uc3m,train,data_raw/uc3m/train/00858.jpg,,AD-63*1*CW,63*1*CW,3182.0,3242.0,3576.0,3254.0,3574.0,3329.0,3177.0,3316.0,5.3044233,1,single_row,day,2,,,,
uc3m,train,data_raw/uc3m/train/00859.jpg,,AD-94*9FX*,94*9FX*,2226.0,2536.0,2776.0,2542.0,2773.0,2647.0,2228.0,2641.0,5.2130623,1,single_row,day,2,,,,
uc3m,train,data_raw/uc3m/train/00860.jpg,,AD-115*LP*,115*LP*,1743.0,2185.0,3065.0,2170.0,3046.0,2417.0,1719.0,2424.0,5.4292507,1,single_row,day,2,,,,
uc3m,train,data_raw/uc3m/train/00861.jpg,,AD-88*2KZ*,88*2KZ*,2418.0,1899.0,2902.0,1904.0,2901.0,2008.0,2415.0,2002.0,4.6851964,1,single_row,day,2,,,,
uc3m,train,data_raw/uc3m/train/00862.jpg,,AD-3*65*YR,3*65*YR,2813.0,2300.0,3490.0,2313.0,3486.0,2450.0,2805.0,2445.0,4.8113523,1,single_row,day,2,,,,
uc3m,train,data_raw/uc3m/train/00864.jpg,,AD-5*29B*T,5*29B*T,2048.0,1775.0,3693.0,1772.0,3678.0,2106.0,2042.0,2100.0,4.975816,1,single_row,day,2,,,,
uc3m,train,data_raw/uc3m/train/00865.jpg,,AD-*732*DB,*732*DB,1931.0,2021.0,2629.0,2017.0,2634.0,2170.0,1931.0,2168.0,4.668777,1,single_row,day,2,,,,
uc3m,train,data_raw/uc3m/train/00866.jpg,,AD-*732*DB,*732*DB,2603.0,1892.0,3129.0,1873.0,3133.0,1979.0,2602.0,1991.0,5.156407,1,single_row,day,2,,,,
uc3m,train,data_raw/uc3m/train/00868.jpg,,AD-65*3JX*,65*3JX*,1684.0,1315.0,2906.0,1336.0,2895.0,1586.0,1673.0,1565.0,4.8839965,1,single_row,day,2,,,,
uc3m,train,data_raw/uc3m/train/00869.jpg,,AD-90*3*HS,90*3*HS,1830.0,688.0,2507.0,678.0,2512.0,820.0,1825.0,812.0,5.124635,1,single_row,day,2,,,,
uc3m,train,data_raw/uc3m/train/00870.jpg,,AD-77*6G*F,77*6G*F,2472.0,1376.0,3235.0,1362.0,3233.0,1513.0,2466.0,1523.0,5.132542,1,single_row,day,2,,,,
uc3m,train,data_raw/uc3m/train/00872.jpg,,AD-77*0*CN,77*0*CN,2675.0,2272.0,3053.0,2281.0,3051.0,2359.0,2672.0,2347.0,4.946886,1,single_row,day,2,,,,
uc3m,train,data_raw/uc3m/train/00874.jpg,,AD-4*48*XT,4*48*XT,161.0,1524.0,382.0,1526.0,384.0,1573.0,161.0,1570.0,4.772325,1,single_row,day,2,,,,
uc3m,train,data_raw/uc3m/train/00874.jpg,,AD-5*29B*T,5*29B*T,2638.0,1729.0,3435.0,1725.0,3432.0,1876.0,2640.0,1878.0,5.295945,1,single_row,day,2,,,,
uc3m,train,data_raw/uc3m/train/00876.jpg,,AD-41*0*GS,41*0*GS,2027.0,1809.0,2441.0,1809.0,2439.0,1899.0,2024.0,1891.0,4.818056,1,single_row,day,2,,,,
uc3m,train,data_raw/uc3m/train/00877.jpg,,AD-53*7*KR,53*7*KR,0.0,1418.0,299.0,1414.0,300.0,1480.0,0.0,1485.0,4.5040174,1,single_row,day,2,,,,
uc3m,train,data_raw/uc3m/train/00877.jpg,,AD-88*8*BW,88*8*BW,2148.0,2145.0,2928.0,2142.0,2928.0,2295.0,2138.0,2300.0,5.092145,1,single_row,day,2,,,,
uc3m,train,data_raw/uc3m/train/00878.jpg,,AD-654*LV*,654*LV*,3451.0,1259.0,3966.0,1249.0,3975.0,1351.0,3457.0,1367.0,4.9075336,1,single_row,day,2,,,,
uc3m,train,data_raw/uc3m/train/00880.jpg,,AD-654*LV*,654*LV*,2715.0,2996.0,3447.0,2988.0,3452.0,3131.0,2715.0,3128.0,5.340302,1,single_row,day,2,,,,
uc3m,train,data_raw/uc3m/train/00881.jpg,,AD-333**RP,333**RP,1999.0,2851.0,2768.0,2843.0,2770.0,2990.0,1995.0,2997.0,5.268645,1,single_row,day,2,,,,
uc3m,train,data_raw/uc3m/train/00882.jpg,,AD-55*5L*M,55*5L*M,2067.0,2413.0,3034.0,2400.0,3030.0,2606.0,2067.0,2604.0,4.861211,1,single_row,day,2,,,,
uc3m,train,data_raw/uc3m/train/00884.jpg,,AD-55*5L*M,55*5L*M,1138.0,2030.0,1313.0,2032.0,1312.0,2066.0,1138.0,2063.0,5.208369,1,single_row,day,2,,,,
uc3m,train,data_raw/uc3m/train/00884.jpg,,AD-*798*WV,*798*WV,2588.0,1940.0,3084.0,1960.0,3082.0,2052.0,2591.0,2036.0,5.251614,1,single_row,day,2,,,,
uc3m,train,data_raw/uc3m/train/00885.jpg,,AD-194**SS,194**SS,1785.0,1836.0,2405.0,1820.0,2405.0,1946.0,1784.0,1953.0,5.107918,1,single_row,day,2,,,,
uc3m,train,data_raw/uc3m/train/00885.jpg,,AD-*798*WV,*798*WV,3935.0,1606.0,4232.0,1604.0,4235.0,1662.0,3937.0,1665.0,5.080818,1,single_row,day,2,,,,
uc3m,train,data_raw/uc3m/train/00887.jpg,,AD-868**CC,868**CC,2656.0,2994.0,3483.0,2994.0,3483.0,3162.0,2651.0,3164.0,4.9072237,1,single_row,day,2,,,,
uc3m,train,data_raw/uc3m/train/00888.jpg,,AD-83*9H*D,83*9H*D,1773.0,1893.0,2710.0,1884.0,2710.0,2080.0,1784.0,2082.0,4.8350625,1,single_row,day,2,,,,
uc3m,train,data_raw/uc3m/train/00889.jpg,,AD-005**GH,005**GH,2576.0,1777.0,3152.0,1773.0,3152.0,1893.0,2581.0,1891.0,4.899489,1,single_row,day,2,,,,
uc3m,train,data_raw/uc3m/train/00890.jpg,,AD-84*4LV*,84*4LV*,2388.0,1490.0,2832.0,1496.0,2829.0,1584.0,2388.0,1577.0,5.056215,1,single_row,day,2,,,,
uc3m,train,data_raw/uc3m/train/00891.jpg,,AD-10*1*DG,10*1*DG,3660.0,2067.0,4078.0,2071.0,4080.0,2167.0,3663.0,2156.0,4.51266,1,single_row,day,2,,,,
uc3m,train,data_raw/uc3m/train/00892.jpg,,AD-803*KW*,803*KW*,2754.0,1739.0,3290.0,1764.0,3289.0,1877.0,2750.0,1845.0,4.913878,1,single_row,day,2,,,,
uc3m,train,data_raw/uc3m/train/00893.jpg,,AD-2*52*YN,2*52*YN,634.0,1541.0,997.0,1538.0,999.0,1613.0,634.0,1615.0,4.8851514,1,single_row,day,2,,,,
uc3m,train,data_raw/uc3m/train/00893.jpg,,AD-75*1*WD,75*1*WD,2267.0,1539.0,2575.0,1542.0,2576.0,1596.0,2266.0,1594.0,5.6689634,1,single_row,day,2,,,,
uc3m,train,data_raw/uc3m/train/00893.jpg,,AD-10*1*DG,10*1*DG,4297.0,1613.0,4979.0,1617.0,4978.0,1754.0,4297.0,1748.0,5.011102,1,single_row,day,2,,,,
uc3m,train,data_raw/uc3m/train/00894.jpg,,AD-542*L*K,542*L*K,2047.0,1775.0,2621.0,1755.0,2618.0,1861.0,2050.0,1882.0,5.362832,1,single_row,day,2,,,,
uc3m,train,data_raw/uc3m/train/00895.jpg,,AD-9*16*GJ,9*16*GJ,2220.0,1807.0,3211.0,1745.0,3221.0,1944.0,2224.0,2011.0,4.9398317,1,single_row,day,2,,,,
uc3m,train,data_raw/uc3m/train/00896.jpg,,AD-6*74FT*,6*74FT*,1715.0,2196.0,2537.0,2221.0,2531.0,2388.0,1703.0,2356.0,5.0403366,1,single_row,day,2,,,,
uc3m,train,data_raw/uc3m/train/00900.jpg,,AD-*272KW*,*272KW*,2757.0,2284.0,3271.0,2240.0,3280.0,2344.0,2763.0,2389.0,4.9381304,1,single_row,day,2,,,,
uc3m,train,data_raw/uc3m/train/00902.jpg,,AD-729**ZT,729**ZT,2036.0,2236.0,2422.0,2236.0,2422.0,2320.0,2033.0,2317.0,4.6954594,1,single_row,day,2,,,,
uc3m,train,data_raw/uc3m/train/00904.jpg,,AD-494*LT*,494*LT*,2871.0,1304.0,3482.0,1311.0,3472.0,1445.0,2865.0,1429.0,4.6943097,1,single_row,day,2,,,,
uc3m,train,data_raw/uc3m/train/00905.jpg,,AD-2*34KY*,2*34KY*,2684.0,1376.0,3790.0,1405.0,3786.0,1631.0,2666.0,1582.0,5.1463656,1,single_row,day,2,,,,
uc3m,train,data_raw/uc3m/train/00906.jpg,,AD-0*06K*X,0*06K*X,2782.0,2152.0,3422.0,2110.0,3428.0,2241.0,2782.0,2270.0,5.1699486,1,single_row,day,2,,,,
uc3m,train,data_raw/uc3m/train/00907.jpg,,AD-46*5*MW,46*5*MW,1860.0,1482.0,3187.0,1465.0,3178.0,1741.0,1851.0,1756.0,4.8232245,1,single_row,day,2,,,,
uc3m,train,data_raw/uc3m/train/00909.jpg,,AD-456*LN*,456*LN*,1931.0,2528.0,2621.0,2501.0,2635.0,2647.0,1936.0,2666.0,4.8805485,1,single_row,day,2,,,,
uc3m,train,data_raw/uc3m/train/00911.jpg,,AD-67*1K*P,67*1K*P,2674.0,2134.0,3279.0,2120.0,3285.0,2242.0,2674.0,2258.0,4.941637,1,single_row,day,2,,,,
uc3m,train,data_raw/uc3m/train/00912.jpg,,AD-50*2C*C,50*2C*C,1792.0,1735.0,2241.0,1724.0,2246.0,1810.0,1798.0,1823.0,5.146692,1,single_row,day,2,,,,
uc3m,train,data_raw/uc3m/train/00913.jpg,,AD-75*7G*T,75*7G*T,708.0,2500.0,1310.0,2513.0,1315.0,2632.0,719.0,2623.0,4.939112,1,single_row,day,2,,,,
uc3m,train,data_raw/uc3m/train/00914.jpg,,AD-1*81H*B,1*81H*B,1488.0,1839.0,2362.0,1833.0,2364.0,2001.0,1482.0,2007.0,5.224462,1,single_row,day,2,,,,
uc3m,train,data_raw/uc3m/train/00916.jpg,,AD-3*51*WG,3*51*WG,1889.0,2031.0,2701.0,2015.0,2701.0,2180.0,1892.0,2203.0,4.8111534,1,single_row,day,2,,,,
uc3m,train,data_raw/uc3m/train/00917.jpg,,BD-86*4KR*,86*4KR*,3089.0,1600.0,3504.0,1584.0,3519.0,1852.0,3093.0,1871.0,1.5603548,2,two_row,day,2,,,,
uc3m,train,data_raw/uc3m/train/00918.jpg,,AD-6*26C*C,6*26C*C,1962.0,2115.0,2574.0,2111.0,2566.0,2235.0,1970.0,2247.0,4.7100735,1,single_row,day,2,,,,
uc3m,train,data_raw/uc3m/train/00919.jpg,,AD-*187J*Y,*187J*Y,2371.0,1241.0,3593.0,1232.0,3589.0,1484.0,2358.0,1484.0,4.951829,1,single_row,day,2,,,,
uc3m,train,data_raw/uc3m/train/00920.jpg,,AD-991**MR,991**MR,2128.0,1944.0,2474.0,1892.0,2494.0,1991.0,2145.0,2044.0,3.4721668,1,single_row,day,2,,,,
uc3m,train,data_raw/uc3m/train/00921.jpg,,AD-33*2*HS,33*2*HS,2156.0,2014.0,2471.0,1986.0,2494.0,2062.0,2178.0,2092.0,3.9493535,1,single_row,day,2,,,,
uc3m,train,data_raw/uc3m/train/00922.jpg,,AD-90*7D*L,90*7D*L,2408.0,2352.0,2686.0,2296.0,2702.0,2366.0,2426.0,2419.0,3.99931,1,single_row,day,2,,,,
uc3m,train,data_raw/uc3m/train/00922.jpg,,AD-218**GW,218**GW,3803.0,2000.0,4226.0,1907.0,4250.0,2002.0,3823.0,2084.0,4.708359,1,single_row,day,2,,,,
uc3m,train,data_raw/uc3m/train/00923.jpg,,AD-BU217**,BU217**,1533.0,1874.0,1830.0,1877.0,1825.0,1944.0,1526.0,1938.0,4.5305495,1,single_row,day,2,,,,
uc3m,train,data_raw/uc3m/train/00923.jpg,,AD-679**LZ,679**LZ,3136.0,1981.0,3477.0,1982.0,3478.0,2054.0,3137.0,2046.0,4.9782662,1,single_row,day,2,,,,
uc3m,train,data_raw/uc3m/train/00924.jpg,,AD-29*8*NW,29*8*NW,1977.0,1901.0,2343.0,1865.0,2343.0,1942.0,1975.0,1974.0,4.913469,1,single_row,day,2,,,,
uc3m,train,data_raw/uc3m/train/00925.jpg,,AD-42*4L*J,42*4L*J,447.0,2354.0,827.0,2308.0,838.0,2385.0,455.0,2428.0,5.0467486,1,single_row,day,2,,,,
uc3m,train,data_raw/uc3m/train/00925.jpg,,AD-*833*BT,*833*BT,2274.0,1658.0,2732.0,1591.0,2737.0,1684.0,2285.0,1745.0,5.0820537,1,single_row,day,2,,,,
uc3m,train,data_raw/uc3m/train/00926.jpg,,AD-09*5*VS,09*5*VS,1901.0,1739.0,2227.0,1687.0,2235.0,1757.0,1910.0,1808.0,4.7064967,1,single_row,day,2,,,,
uc3m,train,data_raw/uc3m/train/00927.jpg,,AD-59*0*BJ,59*0*BJ,2819.0,806.0,5176.0,728.0,5176.0,1230.0,2821.0,1284.0,4.810091,1,single_row,day,2,,,,
uc3m,train,data_raw/uc3m/train/00928.jpg,,AD-935**HP,935**HP,1926.0,1932.0,2750.0,1923.0,2747.0,2102.0,1923.0,2102.0,4.7215056,1,single_row,day,2,,,,
uc3m,train,data_raw/uc3m/train/00930.jpg,,AD-*775F*S,*775F*S,2108.0,2262.0,3208.0,2232.0,3213.0,2472.0,2118.0,2481.0,4.780188,1,single_row,day,2,,,,
uc3m,train,data_raw/uc3m/train/00931.jpg,,AD-*187J*Y,*187J*Y,2601.0,1135.0,3570.0,1149.0,3572.0,1345.0,2603.0,1325.0,5.021252,1,single_row,day,2,,,,
uc3m,train,data_raw/uc3m/train/00932.jpg,,AD-774**YZ,774**YZ,2534.0,1978.0,2937.0,1974.0,2938.0,2058.0,2538.0,2061.0,4.8056264,1,single_row,day,2,,,,
uc3m,train,data_raw/uc3m/train/00933.jpg,,AD-48*8*FD,48*8*FD,2168.0,2578.0,3129.0,2580.0,3123.0,2768.0,2176.0,2764.0,5.0979834,1,single_row,day,2,,,,
uc3m,train,data_raw/uc3m/train/00934.jpg,,AD-67*7*YZ,67*7*YZ,2628.0,3642.0,3873.0,3657.0,3880.0,3871.0,2622.0,3873.0,5.6224947,1,single_row,day,2,,,,
uc3m,train,data_raw/uc3m/train/00935.jpg,,AD-217**YP,217**YP,1704.0,1981.0,2457.0,1994.0,2457.0,2158.0,1699.0,2138.0,4.707169,1,single_row,day,2,,,,
uc3m,train,data_raw/uc3m/train/00937.jpg,,AD-75*2*TP,75*2*TP,147.0,2154.0,1180.0,2134.0,1197.0,2354.0,150.0,2356.0,4.9214654,1,single_row,day,2,,,,
uc3m,train,data_raw/uc3m/train/00938.jpg,,AD-973**PP,973**PP,2400.0,1914.0,2659.0,1915.0,2658.0,1973.0,2402.0,1970.0,4.5159593,1,single_row,day,2,,,,
uc3m,train,data_raw/uc3m/train/00938.jpg,,AD-065**KJ,065**KJ,3607.0,3287.0,4392.0,3276.0,4403.0,3436.0,3612.0,3450.0,4.8730245,1,single_row,day,2,,,,
uc3m,train,data_raw/uc3m/train/00939.jpg,,AD-422**NF,422**NF,2402.0,1151.0,2961.0,1151.0,2961.0,1268.0,2404.0,1265.0,4.830837,1,single_row,day,2,,,,
uc3m,train,data_raw/uc3m/train/00940.jpg,,AD-2*81DX*,2*81DX*,2859.0,1803.0,4977.0,1862.0,4959.0,2288.0,2848.0,2214.0,5.0519166,1,single_row,day,2,,,,
uc3m,train,data_raw/uc3m/train/00941.jpg,,AD-525**SM,525**SM,1978.0,1419.0,3217.0,1384.0,3221.0,1643.0,1970.0,1666.0,4.920783,1,single_row,day,2,,,,
uc3m,train,data_raw/uc3m/train/00942.jpg,,AD-36*7*GT,36*7*GT,2081.0,2874.0,4194.0,2945.0,4177.0,3420.0,2052.0,3311.0,4.644857,1,single_row,day,2,,,,
uc3m,train,data_raw/uc3m/train/00943.jpg,,AN-621**RM,621**RM,1996.0,1581.0,3745.0,1527.0,3757.0,1893.0,2015.0,1942.0,4.799423,1,single_row,night,2,,,,
uc3m,train,data_raw/uc3m/train/00944.jpg,,AN-89*7*MC,89*7*MC,1666.0,3061.0,2849.0,3082.0,2840.0,3322.0,1668.0,3303.0,4.884805,1,single_row,night,2,,,,
uc3m,train,data_raw/uc3m/train/00944.jpg,,AN-7*28GX*,7*28GX*,4671.0,3504.0,5163.0,3506.0,5167.0,3610.0,4680.0,3613.0,4.5866637,1,single_row,night,2,,,,
uc3m,train,data_raw/uc3m/train/00945.jpg,,AN-033**ZM,033**ZM,1560.0,303.0,3423.0,170.0,3448.0,536.0,1602.0,657.0,5.139664,1,single_row,night,2,,,,
uc3m,train,data_raw/uc3m/train/00946.jpg,,AN-89*7*MC,89*7*MC,2754.0,3409.0,3742.0,3424.0,3748.0,3621.0,2751.0,3612.0,4.961478,1,single_row,night,2,,,,
uc3m,train,data_raw/uc3m/train/00947.jpg,,AN-4*36*TZ,4*36*TZ,1840.0,299.0,3660.0,386.0,3635.0,745.0,1823.0,653.0,5.091037,1,single_row,night,2,,,,
uc3m,train,data_raw/uc3m/train/00949.jpg,,AN-11*8*JX,11*8*JX,1721.0,2654.0,3197.0,2675.0,3197.0,2975.0,1710.0,2956.0,4.9207397,1,single_row,night,2,,,,
uc3m,train,data_raw/uc3m/train/00950.jpg,,AN-*065*MK,*065*MK,881.0,1870.0,4248.0,1936.0,4240.0,2636.0,840.0,2565.0,4.847533,1,single_row,night,2,,,,
uc3m,train,data_raw/uc3m/train/00951.jpg,,AN-989**CV,989**CV,2542.0,1644.0,3282.0,1576.0,3303.0,1739.0,2553.0,1804.0,4.6067586,1,single_row,night,2,,,,
uc3m,train,data_raw/uc3m/train/00952.jpg,,AN-784**KB,784**KB,2229.0,1109.0,3287.0,970.0,3321.0,1209.0,2265.0,1348.0,4.4135585,1,single_row,night,2,,,,
uc3m,train,data_raw/uc3m/train/00953.jpg,,AN-687*HF*,687*HF*,2494.0,1898.0,3349.0,1811.0,3362.0,1988.0,2519.0,2078.0,4.752739,1,single_row,night,2,,,,
uc3m,train,data_raw/uc3m/train/00954.jpg,,AN-75*3K*D,75*3K*D,1187.0,1652.0,2008.0,1584.0,2033.0,1763.0,1208.0,1819.0,4.729115,1,single_row,night,2,,,,
uc3m,train,data_raw/uc3m/train/00955.jpg,,AN-90*9*ZS,90*9*ZS,3200.0,1653.0,3703.0,1607.0,3714.0,1707.0,3204.0,1763.0,4.832847,1,single_row,night,2,,,,
uc3m,train,data_raw/uc3m/train/00956.jpg,,AD-727**DF,727**DF,4356.0,2412.0,4943.0,2426.0,4950.0,2540.0,4370.0,2512.0,5.4270306,1,single_row,day,2,,,,
uc3m,train,data_raw/uc3m/train/00957.jpg,,AD-264*KW*,264*KW*,4268.0,2247.0,4822.0,2321.0,4822.0,2465.0,4271.0,2371.0,4.1706333,1,single_row,day,2,,,,
uc3m,train,data_raw/uc3m/train/00959.jpg,,AN-*466HZ*,*466HZ*,2190.0,2012.0,2432.0,2012.0,2429.0,2071.0,2195.0,2072.0,3.9904878,1,single_row,night,2,,,,
uc3m,train,data_raw/uc3m/train/00959.jpg,,AN-326*KX*,326*KX*,3933.0,2225.0,4532.0,2241.0,4535.0,2361.0,3933.0,2335.0,5.2242565,1,single_row,night,2,,,,
uc3m,train,data_raw/uc3m/train/00960.jpg,,AN-96*9*BM,96*9*BM,1356.0,1049.0,2998.0,1078.0,3002.0,1390.0,1352.0,1378.0,5.135793,1,single_row,night,2,,,,
uc3m,train,data_raw/uc3m/train/00962.jpg,,AN-67*5J*S,67*5J*S,1995.0,3175.0,3514.0,3134.0,3531.0,3448.0,1990.0,3480.0,4.94089,1,single_row,night,2,,,,
uc3m,train,data_raw/uc3m/train/00964.jpg,,AN-316*LT*,316*LT*,1924.0,1645.0,3509.0,1657.0,3503.0,1975.0,1912.0,1957.0,5.0392056,1,single_row,night,2,,,,
uc3m,train,data_raw/uc3m/train/00965.jpg,,AN-*393*TG,*393*TG,1460.0,2358.0,3021.0,2302.0,3021.0,2628.0,1463.0,2676.0,4.8457685,1,single_row,night,2,,,,
uc3m,train,data_raw/uc3m/train/00966.jpg,,AN-63*4LV*,63*4LV*,1870.0,1756.0,2658.0,1747.0,2660.0,1915.0,1874.0,1921.0,4.726093,1,single_row,night,2,,,,
uc3m,train,data_raw/uc3m/train/00969.jpg,,AN-93*0HZ*,93*0HZ*,1322.0,981.0,3577.0,959.0,3562.0,1407.0,1314.0,1433.0,5.001831,1,single_row,night,2,,,,
uc3m,train,data_raw/uc3m/train/00970.jpg,,AN-5*44*MZ,5*44*MZ,2125.0,2058.0,3578.0,1986.0,3590.0,2298.0,2143.0,2364.0,4.692108,1,single_row,night,2,,,,
uc3m,train,data_raw/uc3m/train/00971.jpg,,AN-9*96K*V,9*96K*V,1491.0,1428.0,2860.0,1402.0,2876.0,1673.0,1493.0,1689.0,5.1689105,1,single_row,night,2,,,,
uc3m,train,data_raw/uc3m/train/00972.jpg,,AN-29*5*TD,29*5*TD,3611.0,1595.0,3938.0,1588.0,3936.0,1651.0,3615.0,1659.0,5.0974507,1,single_row,night,2,,,,
uc3m,train,data_raw/uc3m/train/00973.jpg,,AD-*066*DD,*066*DD,2121.0,2007.0,2525.0,1972.0,2562.0,2087.0,2158.0,2124.0,3.3312051,1,single_row,day,2,,,,
uc3m,train,data_raw/uc3m/train/00973.jpg,,AD-*781*ZT,*781*ZT,4240.0,1786.0,4385.0,1780.0,4395.0,1817.0,4251.0,1827.0,3.5835578,1,single_row,day,2,,,,
uc3m,train,data_raw/uc3m/train/00973.jpg,,AD-777*F*B,777*F*B,3834.0,1813.0,4005.0,1802.0,4013.0,1854.0,3844.0,1865.0,3.2275128,1,single_row,day,2,,,,
uc3m,train,data_raw/uc3m/train/00973.jpg,,AD-857**MX,857**MX,3258.0,1887.0,3455.0,1869.0,3471.0,1928.0,3274.0,1947.0,3.2114105,1,single_row,day,2,,,,
uc3m,train,data_raw/uc3m/train/00974.jpg,,AD-857**MX,857**MX,652.0,2563.0,1297.0,2491.0,1330.0,2645.0,682.0,2715.0,4.1634393,1,single_row,day,2,,,,
uc3m,train,data_raw/uc3m/train/00974.jpg,,AD-777*F*B,777*F*B,2723.0,2270.0,3124.0,2235.0,3144.0,2341.0,2745.0,2374.0,3.7487988,1,single_row,day,2,,,,
uc3m,train,data_raw/uc3m/train/00974.jpg,,AD-*781*ZT,*781*ZT,3905.0,2134.0,4179.0,2114.0,4199.0,2189.0,3922.0,2210.0,3.5532308,1,single_row,day,2,,,,
uc3m,train,data_raw/uc3m/train/00974.jpg,,AD-21*0*CX,21*0*CX,4963.0,2057.0,5098.0,2048.0,5109.0,2083.0,4975.0,2092.0,3.6586964,1,single_row,day,2,,,,
uc3m,train,data_raw/uc3m/train/00975.jpg,,AD-21*0*CX,21*0*CX,694.0,2835.0,1391.0,2764.0,1419.0,2902.0,715.0,2978.0,4.9368095,1,single_row,day,2,,,,
uc3m,train,data_raw/uc3m/train/00975.jpg,,AN-75*1*XR,75*1*XR,3306.0,2125.0,3677.0,2100.0,3699.0,2204.0,3326.0,2227.0,3.5461211,1,single_row,night,2,,,,
uc3m,train,data_raw/uc3m/train/00975.jpg,,AN-09*6*NJ,09*6*NJ,4529.0,2057.0,4700.0,2046.0,4715.0,2095.0,4548.0,2105.0,3.2921035,1,single_row,night,2,,,,
uc3m,train,data_raw/uc3m/train/00977.jpg,,AD-B561*T*,B561*T*,1510.0,2597.0,2047.0,2554.0,2048.0,2684.0,1516.0,2732.0,4.0465097,1,single_row,day,2,,,,
uc3m,train,data_raw/uc3m/train/00977.jpg,,AD-04*3J*T,04*3J*T,3353.0,2298.0,3733.0,2261.0,3763.0,2361.0,3385.0,2395.0,3.6859891,1,single_row,day,2,,,,
uc3m,train,data_raw/uc3m/train/00977.jpg,,AD-47*4*MC,47*4*MC,4026.0,2187.0,4307.0,2166.0,4325.0,2244.0,4041.0,2265.0,3.552557,1,single_row,day,2,,,,
uc3m,train,data_raw/uc3m/train/00977.jpg,,AD-19*7*WP,19*7*WP,4806.0,2088.0,4978.0,2079.0,4991.0,2125.0,4818.0,2135.0,3.5876465,1,single_row,day,2,,,,
uc3m,train,data_raw/uc3m/train/00980.jpg,,AD-85*3BR*,85*3BR*,1178.0,1809.0,1372.0,1807.0,1368.0,1897.0,1172.0,1899.0,2.163312,1,single_row,day,2,,,,
uc3m,train,data_raw/uc3m/train/00980.jpg,,AD-5*21FW*,5*21FW*,2438.0,1778.0,2737.0,1774.0,2718.0,1894.0,2423.0,1892.0,2.5120091,1,single_row,day,2,,,,
uc3m,train,data_raw/uc3m/train/00980.jpg,,AD-853*BS*,853*BS*,3479.0,2456.0,4029.0,2501.0,4049.0,2689.0,3496.0,2627.0,3.0709083,1,single_row,day,2,,,,
uc3m,train,data_raw/uc3m/train/00981.jpg,,AD-58*3*WB,58*3*WB,3877.0,1525.0,4432.0,1506.0,4448.0,1630.0,3889.0,1648.0,4.4833517,1,single_row,day,2,,,,
uc3m,train,data_raw/uc3m/train/00982.jpg,,AD-685**DP,685**DP,698.0,2485.0,1536.0,2470.0,1553.0,2636.0,706.0,2651.0,5.0599375,1,single_row,day,2,,,,
uc3m,train,data_raw/uc3m/train/00982.jpg,,AD-S572*A*,S572*A*,3544.0,2475.0,4150.0,2467.0,4156.0,2600.0,3550.0,2603.0,4.6390066,1,single_row,day,2,,,,
uc3m,train,data_raw/uc3m/train/00983.jpg,,AN-254**RG,254**RG,598.0,2703.0,1557.0,2696.0,1550.0,2896.0,593.0,2906.0,4.7523656,1,single_row,night,2,,,,
uc3m,train,data_raw/uc3m/train/00983.jpg,,AD-5*88LL*,5*88LL*,4597.0,2514.0,5181.0,2513.0,5182.0,2667.0,4600.0,2674.0,3.7131417,1,single_row,day,2,,,,
uc3m,train,data_raw/uc3m/train/00984.jpg,,AD-94*1*NR,94*1*NR,1686.0,2499.0,2140.0,2497.0,2143.0,2596.0,1691.0,2605.0,4.4164524,1,single_row,day,2,,,,
uc3m,train,data_raw/uc3m/train/00984.jpg,,AD-2*68*PY,2*68*PY,3714.0,2777.0,4144.0,2767.0,4159.0,2868.0,3726.0,2875.0,4.2978187,1,single_row,day,2,,,,
uc3m,train,data_raw/uc3m/train/00984.jpg,,AD-729*JM*,729*JM*,4782.0,2652.0,5087.0,2648.0,5104.0,2723.0,4798.0,2732.0,3.85621,1,single_row,day,2,,,,
uc3m,train,data_raw/uc3m/train/00985.jpg,,AD-03*4DP*,03*4DP*,2823.0,2683.0,3139.0,2686.0,3148.0,2761.0,2831.0,2757.0,4.221129,1,single_row,day,2,,,,
uc3m,train,data_raw/uc3m/train/00985.jpg,,AD-298**MX,298**MX,3754.0,2655.0,4006.0,2662.0,4014.0,2727.0,3763.0,2723.0,3.7523575,1,single_row,day,2,,,,
uc3m,train,data_raw/uc3m/train/00985.jpg,,AD-791*HS*,791*HS*,4483.0,2635.0,4685.0,2640.0,4686.0,2695.0,4481.0,2691.0,3.6660962,1,single_row,day,2,,,,
uc3m,train,data_raw/uc3m/train/00986.jpg,,AD-0*79LV*,0*79LV*,1338.0,2815.0,1993.0,2803.0,1999.0,2944.0,1337.0,2959.0,4.6199093,1,single_row,day,2,,,,
uc3m,train,data_raw/uc3m/train/00986.jpg,,AD-*914*BT,*914*BT,4261.0,2588.0,4675.0,2581.0,4694.0,2670.0,4280.0,2680.0,4.477932,1,single_row,day,2,,,,
uc3m,train,data_raw/uc3m/train/00987.jpg,,AD-04*6*MT,04*6*MT,3477.0,2268.0,3874.0,2244.0,3897.0,2380.0,3506.0,2411.0,2.783068,1,single_row,day,2,,,,
uc3m,train,data_raw/uc3m/train/00989.jpg,,AD-684**VV,684**VV,96.0,2732.0,894.0,2720.0,915.0,2896.0,109.0,2910.0,4.509728,1,single_row,day,2,,,,
uc3m,train,data_raw/uc3m/train/00989.jpg,,AD-630*F*N,630*F*N,2591.0,2185.0,3164.0,2199.0,3169.0,2333.0,2601.0,2315.0,4.3158946,1,single_row,day,2,,,,
uc3m,train,data_raw/uc3m/train/00990.jpg,,AD-299*JP*,299*JP*,363.0,2336.0,1302.0,2341.0,1318.0,2535.0,370.0,2534.0,4.8042226,1,single_row,day,2,,,,
uc3m,train,data_raw/uc3m/train/00992.jpg,,AD-17*2*MR,17*2*MR,1331.0,2534.0,1844.0,2531.0,1854.0,2640.0,1339.0,2641.0,4.7426963,1,single_row,day,2,,,,
uc3m,train,data_raw/uc3m/train/00992.jpg,,AD-59*7J*J,59*7J*J,3091.0,2400.0,3456.0,2398.0,3463.0,2492.0,3099.0,2494.0,3.8653796,1,single_row,day,2,,,,
uc3m,train,data_raw/uc3m/train/00992.jpg,,AD-M*543Y*,M*543Y*,3876.0,2659.0,4121.0,2653.0,4122.0,2732.0,3870.0,2736.0,3.181682,1,single_row,day,2,,,,
uc3m,train,data_raw/uc3m/train/00993.jpg,,AD-77*3*VP,77*3*VP,2135.0,1968.0,2752.0,1971.0,2762.0,2108.0,2144.0,2107.0,4.4640646,1,single_row,day,2,,,,
uc3m,train,data_raw/uc3m/train/00993.jpg,,AD-011**DG,011**DG,4426.0,1965.0,4816.0,1962.0,4830.0,2064.0,4435.0,2068.0,3.8043933,1,single_row,day,2,,,,
uc3m,train,data_raw/uc3m/train/00995.jpg,,AD-M*985X*,M*985X*,1608.0,1959.0,2509.0,1937.0,2525.0,2125.0,1619.0,2144.0,4.8327193,1,single_row,day,2,,,,
uc3m,train,data_raw/uc3m/train/00996.jpg,,AD-507**DX,507**DX,2731.0,1973.0,3661.0,1987.0,3657.0,2182.0,2728.0,2161.0,4.8538575,1,single_row,day,2,,,,
uc3m,train,data_raw/uc3m/train/00997.jpg,,CD-C5*48BS*,C5*48BS*,727.0,2311.0,1310.0,2295.0,1311.0,2484.0,730.0,2501.0,3.072262,1,single_row,day,2,,,,
uc3m,train,data_raw/uc3m/train/00998.jpg,,AD-841**FK,841**FK,3019.0,2189.0,3666.0,2199.0,3656.0,2333.0,3003.0,2319.0,4.8999815,1,single_row,day,2,,,,
uc3m,train,data_raw/uc3m/train/00999.jpg,,AD-798*KY*,798*KY*,1998.0,2050.0,2857.0,2064.0,2852.0,2234.0,1979.0,2220.0,5.077877,1,single_row,day,2,,,,
uc3m,train,data_raw/uc3m/train/01001.jpg,,AD-62*0HD*,62*0HD*,2235.0,1982.0,2831.0,1957.0,2835.0,2075.0,2236.0,2102.0,5.024247,1,single_row,day,2,,,,
uc3m,train,data_raw/uc3m/train/01002.jpg,,AD-3*33*HR,3*33*HR,2072.0,1879.0,2718.0,1855.0,2725.0,1994.0,2070.0,2009.0,4.8352838,1,single_row,day,2,,,,
uc3m,train,data_raw/uc3m/train/01005.jpg,,AD-269**PT,269**PT,1891.0,2261.0,2614.0,2277.0,2585.0,2443.0,1870.0,2426.0,4.2956553,1,single_row,day,2,,,,
uc3m,train,data_raw/uc3m/train/01006.jpg,,AD-594**CK,594**CK,2957.0,2076.0,3455.0,2072.0,3454.0,2185.0,2951.0,2178.0,4.652204,1,single_row,day,2,,,,
uc3m,train,data_raw/uc3m/train/01007.jpg,,AD-929**DG,929**DG,4789.0,2189.0,5090.0,2180.0,5092.0,2239.0,4792.0,2254.0,4.8468523,1,single_row,day,2,,,,
uc3m,train,data_raw/uc3m/train/01007.jpg,,AD-342*KN*,342*KN*,2457.0,2324.0,3036.0,2305.0,3019.0,2414.0,2442.0,2429.0,5.344702,1,single_row,day,2,,,,
uc3m,train,data_raw/uc3m/train/01008.jpg,,AD-965**NR,965**NR,2244.0,1727.0,2682.0,1724.0,2675.0,1829.0,2235.0,1824.0,4.33279,1,single_row,day,2,,,,
uc3m,train,data_raw/uc3m/train/01010.jpg,,AD-702**SH,702**SH,928.0,1759.0,2131.0,1721.0,2115.0,1975.0,907.0,2010.0,4.763429,1,single_row,day,2,,,,
uc3m,train,data_raw/uc3m/train/01011.jpg,,AD-149**NW,149**NW,1482.0,1832.0,2057.0,1812.0,2057.0,1937.0,1475.0,1957.0,4.6271405,1,single_row,day,2,,,,
uc3m,train,data_raw/uc3m/train/01011.jpg,,AD-702**SH,702**SH,2959.0,2011.0,3849.0,1981.0,3841.0,2164.0,2952.0,2198.0,4.8072586,1,single_row,day,2,,,,
uc3m,train,data_raw/uc3m/train/01012.jpg,,AD-965**NR,965**NR,3326.0,1574.0,3441.0,1573.0,3441.0,1596.0,3325.0,1598.0,4.913176,1,single_row,day,2,,,,
uc3m,train,data_raw/uc3m/train/01012.jpg,,AD-0*88*DN,0*88*DN,5024.0,1489.0,5128.0,1489.0,5129.0,1510.0,5025.0,1511.0,4.8320947,1,single_row,day,2,,,,
uc3m,train,data_raw/uc3m/train/01012.jpg,,AD-225*HZ*,225*HZ*,2690.0,1810.0,2922.0,1808.0,2922.0,1854.0,2690.0,1856.0,5.043666,1,single_row,day,2,,,,
uc3m,train,data_raw/uc3m/train/01012.jpg,,AD-929**DG,929**DG,1048.0,1784.0,1408.0,1783.0,1405.0,1854.0,1045.0,1852.0,5.1750846,1,single_row,day,2,,,,
uc3m,train,data_raw/uc3m/train/01012.jpg,,AD-342*KN*,342*KN*,3978.0,1726.0,4372.0,1726.0,4372.0,1797.0,3976.0,1793.0,5.723546,1,single_row,day,2,,,,
uc3m,train,data_raw/uc3m/train/01014.jpg,,AD-079**NH,079**NH,1568.0,2295.0,2412.0,2287.0,2380.0,2492.0,1556.0,2497.0,4.070024,1,single_row,day,2,,,,
uc3m,train,data_raw/uc3m/train/01015.jpg,,AD-3*18LT*,3*18LT*,423.0,2132.0,1210.0,2143.0,1178.0,2332.0,397.0,2310.0,4.2208734,1,single_row,day,2,,,,
uc3m,train,data_raw/uc3m/train/01017.jpg,,AD-M*486Y*,M*486Y*,2307.0,1507.0,2884.0,1478.0,2882.0,1601.0,2317.0,1627.0,4.6966925,1,single_row,day,2,,,,
uc3m,train,data_raw/uc3m/train/01018.jpg,,AD-*113DZ*,*113DZ*,1115.0,1157.0,2430.0,1172.0,2403.0,1469.0,1075.0,1454.0,4.4207106,1,single_row,day,2,,,,
uc3m,train,data_raw/uc3m/train/01019.jpg,,AD-51*3*CT,51*3*CT,1887.0,1431.0,2281.0,1431.0,2270.0,1522.0,1880.0,1519.0,4.3570623,1,single_row,day,2,,,,
uc3m,train,data_raw/uc3m/train/01019.jpg,,AD-911*DZ*,911*DZ*,3088.0,1632.0,3687.0,1640.0,3674.0,1770.0,3074.0,1755.0,4.7132087,1,single_row,day,2,,,,
uc3m,train,data_raw/uc3m/train/01020.jpg,,AD-098*JM*,098*JM*,2534.0,1787.0,2968.0,1782.0,2963.0,1877.0,2527.0,1884.0,4.5226536,1,single_row,day,2,,,,
uc3m,train,data_raw/uc3m/train/01021.jpg,,AD-02*7L*P,02*7L*P,4162.0,2512.0,4400.0,2504.0,4399.0,2554.0,4163.0,2559.0,4.8874903,1,single_row,day,2,,,,
uc3m,train,data_raw/uc3m/train/01021.jpg,,AD-20*9*KZ,20*9*KZ,1319.0,3273.0,2027.0,3267.0,2006.0,3422.0,1297.0,3425.0,4.571071,1,single_row,day,2,,,,
uc3m,train,data_raw/uc3m/train/01022.jpg,,AD-*433*RB,*433*RB,2217.0,2271.0,2569.0,2254.0,2569.0,2330.0,2218.0,2345.0,4.691326,1,single_row,day,2,,,,
uc3m,train,data_raw/uc3m/train/01022.jpg,,AD-20*9*KZ,20*9*KZ,4365.0,2575.0,4769.0,2563.0,4771.0,2644.0,4361.0,2653.0,5.1171455,1,single_row,day,2,,,,
uc3m,train,data_raw/uc3m/train/01023.jpg,,AD-20*9*KZ,20*9*KZ,381.0,2014.0,603.0,2000.0,604.0,2047.0,384.0,2057.0,4.9122496,1,single_row,day,2,,,,
uc3m,train,data_raw/uc3m/train/01023.jpg,,AD-707*K*X,707*K*X,2884.0,1792.0,3448.0,1766.0,3458.0,1882.0,2892.0,1911.0,4.7999444,1,single_row,day,2,,,,
uc3m,train,data_raw/uc3m/train/01024.jpg,,AD-04*2*JP,04*2*JP,1304.0,2685.0,2096.0,2668.0,2088.0,2842.0,1293.0,2852.0,4.6472416,1,single_row,day,2,,,,
uc3m,train,data_raw/uc3m/train/01025.jpg,,AD-475*JT*,475*JT*,1988.0,2206.0,2363.0,2186.0,2369.0,2263.0,1989.0,2282.0,4.9334884,1,single_row,day,2,,,,
uc3m,train,data_raw/uc3m/train/01025.jpg,,AD-04*2*JP,04*2*JP,3860.0,2014.0,4009.0,2007.0,4012.0,2037.0,3864.0,2045.0,4.8428063,1,single_row,day,2,,,,
uc3m,train,data_raw/uc3m/train/01025.jpg,,AD-707*K*X,707*K*X,4812.0,1868.0,5020.0,1857.0,5024.0,1898.0,4819.0,1910.0,4.937589,1,single_row,day,2,,,,
uc3m,train,data_raw/uc3m/train/01027.jpg,,AD-721*H*M,721*H*M,1039.0,3258.0,1919.0,3235.0,1917.0,3431.0,1029.0,3450.0,4.554825,1,single_row,day,2,,,,
uc3m,train,data_raw/uc3m/train/01028.jpg,,AD-707*K*X,707*K*X,3291.0,1705.0,3600.0,1695.0,3604.0,1758.0,3296.0,1767.0,4.925416,1,single_row,day,2,,,,
uc3m,train,data_raw/uc3m/train/01028.jpg,,AD-721*H*M,721*H*M,1138.0,2217.0,1662.0,2207.0,1662.0,2311.0,1138.0,2320.0,5.063636,1,single_row,day,2,,,,
uc3m,train,data_raw/uc3m/train/01029.jpg,,AD-80*3*DL,80*3*DL,1127.0,1610.0,1644.0,1579.0,1645.0,1697.0,1129.0,1725.0,4.440308,1,single_row,day,2,,,,
uc3m,train,data_raw/uc3m/train/01030.jpg,,AD-056**WZ,056**WZ,1465.0,2019.0,2196.0,2007.0,2177.0,2176.0,1449.0,2182.0,4.3706207,1,single_row,day,2,,,,
uc3m,train,data_raw/uc3m/train/01031.jpg,,AD-62*8LT*,62*8LT*,2340.0,2285.0,2987.0,2278.0,2973.0,2433.0,2321.0,2433.0,4.2612977,1,single_row,day,2,,,,
uc3m,train,data_raw/uc3m/train/01032.jpg,,AD-95*0LN*,95*0LN*,2152.0,2149.0,2833.0,2129.0,2817.0,2288.0,2139.0,2307.0,4.2708206,1,single_row,day,2,,,,
uc3m,train,data_raw/uc3m/train/01033.jpg,,AD-125**FN,125**FN,697.0,1940.0,1281.0,1910.0,1274.0,2054.0,692.0,2072.0,4.2243843,1,single_row,day,2,,,,
uc3m,train,data_raw/uc3m/train/01034.jpg,,AD-2*32*ND,2*32*ND,2587.0,1715.0,3176.0,1703.0,3177.0,1819.0,2596.0,1836.0,4.931229,1,single_row,day,2,,,,
uc3m,train,data_raw/uc3m/train/01035.jpg,,AD-8*02*FM,8*02*FM,1607.0,2246.0,2526.0,2224.0,2517.0,2407.0,1602.0,2429.0,5.0084095,1,single_row,day,2,,,,
uc3m,train,data_raw/uc3m/train/01036.jpg,,AD-*554*MH,*554*MH,1298.0,2301.0,1680.0,2281.0,1676.0,2365.0,1285.0,2384.0,4.604116,1,single_row,day,2,,,,
uc3m,train,data_raw/uc3m/train/01037.jpg,,AD-216**JG,216**JG,1652.0,1893.0,2092.0,1868.0,2092.0,1971.0,1650.0,1995.0,4.308665,1,single_row,day,2,,,,
uc3m,train,data_raw/uc3m/train/01038.jpg,,AD-379*FY*,379*FY*,2235.0,1989.0,3110.0,1935.0,3121.0,2118.0,2243.0,2167.0,4.857489,1,single_row,day,2,,,,
uc3m,train,data_raw/uc3m/train/01040.jpg,,AD-0*21LS*,0*21LS*,3166.0,1764.0,3663.0,1729.0,3673.0,1847.0,3175.0,1884.0,4.178269,1,single_row,day,2,,,,
uc3m,train,data_raw/uc3m/train/01041.jpg,,AD-81*0C*Y,81*0C*Y,2675.0,1308.0,4108.0,1356.0,4097.0,1637.0,2681.0,1600.0,4.971921,1,single_row,day,2,,,,
uc3m,train,data_raw/uc3m/train/01042.jpg,,AD-566*JZ*,566*JZ*,1416.0,3332.0,2537.0,3340.0,2535.0,3554.0,1427.0,3548.0,5.180341,1,single_row,day,2,,,,
uc3m,train,data_raw/uc3m/train/01044.jpg,,AD-*350GL*,*350GL*,2443.0,1705.0,2666.0,1706.0,2668.0,1754.0,2446.0,1749.0,4.8300433,1,single_row,day,2,,,,
uc3m,train,data_raw/uc3m/train/01045.jpg,,AD-0*23*WM,0*23*WM,0.0,1909.0,301.0,1915.0,302.0,1988.0,2.0,1979.0,4.2031183,1,single_row,day,2,,,,
uc3m,train,data_raw/uc3m/train/01045.jpg,,AD-27*7C*Z,27*7C*Z,1720.0,2383.0,2283.0,2383.0,2290.0,2498.0,1728.0,2489.0,5.079004,1,single_row,day,2,,,,
uc3m,train,data_raw/uc3m/train/01046.jpg,,AD-0*23*WM,0*23*WM,1054.0,1658.0,1822.0,1680.0,1828.0,1842.0,1061.0,1822.0,4.706596,1,single_row,day,2,,,,
uc3m,train,data_raw/uc3m/train/01047.jpg,,AD-M2*22*L,M2*22*L,2453.0,2398.0,2946.0,2380.0,2958.0,2485.0,2466.0,2509.0,4.5341415,1,single_row,day,2,,,,
uc3m,train,data_raw/uc3m/train/01047.jpg,,AD-82*8LM*,82*8LM*,4689.0,2264.0,5105.0,2238.0,5130.0,2340.0,4709.0,2356.0,4.2080865,1,single_row,day,2,,,,
uc3m,train,data_raw/uc3m/train/01048.jpg,,AD-83*7HR*,83*7HR*,1136.0,2262.0,1751.0,2272.0,1747.0,2404.0,1132.0,2388.0,4.766271,1,single_row,day,2,,,,
uc3m,train,data_raw/uc3m/train/01048.jpg,,BD-35*1*DX,35*1*DX,5002.0,1705.0,5108.0,1701.0,5114.0,1767.0,5003.0,1772.0,1.6295663,2,two_row,day,2,,,,
uc3m,train,data_raw/uc3m/train/01049.jpg,,AD-454**ZZ,454**ZZ,1438.0,1961.0,2163.0,1971.0,2156.0,2122.0,1438.0,2107.0,4.8566937,1,single_row,day,2,,,,
uc3m,train,data_raw/uc3m/train/01049.jpg,,AD-13*7*HT,13*7*HT,4741.0,1998.0,4981.0,1999.0,4981.0,2046.0,4745.0,2043.0,5.1641836,1,single_row,day,2,,,,
uc3m,train,data_raw/uc3m/train/01051.jpg,,AD-383**JS,383**JS,2526.0,2743.0,3215.0,2767.0,3165.0,2930.0,2513.0,2906.0,4.0173755,1,single_row,day,2,,,,
uc3m,train,data_raw/uc3m/train/01051.jpg,,AD-032**JG,032**JG,3550.0,2643.0,4234.0,2730.0,4139.0,3043.0,3450.0,2930.0,2.1991553,1,single_row,day,2,,,,
uc3m,train,data_raw/uc3m/train/01052.jpg,,AD-*028*GS,*028*GS,363.0,1976.0,823.0,2042.0,832.0,2237.0,383.0,2152.0,2.4753847,1,single_row,day,2,,,,
uc3m,train,data_raw/uc3m/train/01052.jpg,,AD-85*2KN*,85*2KN*,3885.0,1756.0,4688.0,1815.0,4681.0,2071.0,3882.0,1988.0,3.295256,1,single_row,day,2,,,,
uc3m,train,data_raw/uc3m/train/01054.jpg,,AD-877*LS*,877*LS*,2408.0,3194.0,3580.0,3149.0,3603.0,3396.0,2435.0,3435.0,4.772988,1,single_row,day,2,,,,
uc3m,train,data_raw/uc3m/train/01055.jpg,,AD-442*JG*,442*JG*,4009.0,2973.0,4438.0,2569.0,4503.0,3038.0,4039.0,3506.0,1.2392355,1,single_row,day,2,,,,
uc3m,train,data_raw/uc3m/train/01056.jpg,,AD-*999JW*,*999JW*,3060.0,2051.0,3588.0,1947.0,3577.0,2201.0,3049.0,2323.0,2.0515435,1,single_row,day,2,,,,
uc3m,train,data_raw/uc3m/train/01057.jpg,,AD-*033*XV,*033*XV,1837.0,1577.0,2725.0,1509.0,2816.0,1909.0,1944.0,2022.0,2.0392706,1,single_row,day,2,,,,
uc3m,train,data_raw/uc3m/train/01058.jpg,,AD-*762J*G,*762J*G,4437.0,2554.0,4750.0,2522.0,4750.0,2660.0,4437.0,2690.0,2.295861,1,single_row,day,2,,,,
uc3m,train,data_raw/uc3m/train/01058.jpg,,AD-4*32*VS,4*32*VS,1346.0,2042.0,1822.0,2040.0,1845.0,2188.0,1375.0,2196.0,3.086865,1,single_row,day,2,,,,
uc3m,train,data_raw/uc3m/train/01059.jpg,,AD-4*32*VS,4*32*VS,4259.0,2108.0,4627.0,2088.0,4662.0,2270.0,4303.0,2299.0,1.910939,1,single_row,day,2,,,,
uc3m,train,data_raw/uc3m/train/01059.jpg,,AD-6*71*TN,6*71*TN,1574.0,2142.0,2221.0,2096.0,2265.0,2323.0,1623.0,2383.0,2.7107093,1,single_row,day,2,,,,
uc3m,train,data_raw/uc3m/train/01060.jpg,,AD-73*1*FY,73*1*FY,3664.0,1803.0,4410.0,1790.0,4420.0,1953.0,3676.0,1972.0,4.4791484,1,single_row,day,2,,,,
uc3m,train,data_raw/uc3m/train/01061.jpg,,AD-*458J*H,*458J*H,458.0,2270.0,929.0,2261.0,927.0,2383.0,463.0,2383.0,3.9769406,1,single_row,day,2,,,,
uc3m,train,data_raw/uc3m/train/01061.jpg,,AD-218**MS,218**MS,2847.0,1817.0,3425.0,1807.0,3417.0,1934.0,2841.0,1942.0,4.57275,1,single_row,day,2,,,,
uc3m,train,data_raw/uc3m/train/01062.jpg,,AD-335*HY*,335*HY*,2232.0,2605.0,2937.0,2604.0,2939.0,2752.0,2244.0,2758.0,4.6437936,1,single_row,day,2,,,,
uc3m,train,data_raw/uc3m/train/01064.jpg,,AD-39*3*FK,39*3*FK,821.0,1910.0,1434.0,1911.0,1411.0,2077.0,800.0,2069.0,3.7322495,1,single_row,day,2,,,,
uc3m,train,data_raw/uc3m/train/01066.jpg,,AD-82*8KS*,82*8KS*,1919.0,2549.0,2476.0,2532.0,2468.0,2694.0,1912.0,2721.0,3.331684,1,single_row,day,2,,,,
uc3m,train,data_raw/uc3m/train/01067.jpg,,AD-056*BW*,056*BW*,1302.0,3119.0,2532.0,3094.0,2517.0,3378.0,1279.0,3378.0,4.5337725,1,single_row,day,2,,,,
uc3m,train,data_raw/uc3m/train/01068.jpg,,AD-58*3HZ*,58*3HZ*,2673.0,1961.0,3480.0,1964.0,3478.0,2131.0,2677.0,2129.0,4.7991705,1,single_row,day,2,,,,
uc3m,train,data_raw/uc3m/train/01069.jpg,,AD-*229*BX,*229*BX,1596.0,2063.0,2309.0,2026.0,2319.0,2166.0,1601.0,2211.0,4.9693613,1,single_row,day,2,,,,
uc3m,train,data_raw/uc3m/train/01071.jpg,,AD-56*1B*P,56*1B*P,2953.0,2387.0,4095.0,2468.0,4080.0,2695.0,2943.0,2612.0,5.0470686,1,single_row,day,2,,,,
uc3m,train,data_raw/uc3m/train/01072.jpg,,AD-0*57D*T,0*57D*T,2471.0,2836.0,3791.0,2950.0,3782.0,3221.0,2454.0,3094.0,5.0196867,1,single_row,day,2,,,,
uc3m,train,data_raw/uc3m/train/01074.jpg,,AD-747*GS*,747*GS*,2282.0,1796.0,2923.0,1831.0,2904.0,1982.0,2264.0,1938.0,4.345914,1,single_row,day,2,,,,
uc3m,train,data_raw/uc3m/train/01075.jpg,,AD-99*8*NN,99*8*NN,3677.0,1693.0,3773.0,1682.0,3779.0,1712.0,3682.0,1721.0,3.2868311,1,single_row,day,2,,,,
uc3m,train,data_raw/uc3m/train/01075.jpg,,AD-19*8GB*,19*8GB*,3089.0,1870.0,3164.0,1859.0,3164.0,1892.0,3091.0,1902.0,2.2975488,1,single_row,day,2,,,,
uc3m,train,data_raw/uc3m/train/01075.jpg,,AD-53*2*HW,53*2*HW,2383.0,1935.0,2540.0,1913.0,2545.0,1951.0,2386.0,1974.0,4.12161,1,single_row,day,2,,,,
uc3m,train,data_raw/uc3m/train/01076.jpg,,AD-28*1F*R,28*1F*R,4281.0,1297.0,4391.0,1287.0,4399.0,1329.0,4289.0,1344.0,2.4490645,1,single_row,day,2,,,,
uc3m,train,data_raw/uc3m/train/01076.jpg,,AD-37*6*WV,37*6*WV,3378.0,1474.0,3543.0,1452.0,3555.0,1498.0,3391.0,1522.0,3.4153528,1,single_row,day,2,,,,
uc3m,train,data_raw/uc3m/train/01076.jpg,,AD-99*8*NN,99*8*NN,2540.0,1531.0,2769.0,1505.0,2780.0,1564.0,2551.0,1593.0,3.750868,1,single_row,day,2,,,,
uc3m,train,data_raw/uc3m/train/01076.jpg,,AD-19*8GB*,19*8GB*,928.0,1972.0,1174.0,1931.0,1183.0,2004.0,938.0,2045.0,3.3810034,1,single_row,day,2,,,,
uc3m,train,data_raw/uc3m/train/01078.jpg,,AD-01*4GX*,01*4GX*,850.0,2094.0,1303.0,2071.0,1309.0,2159.0,858.0,2184.0,5.069893,1,single_row,day,2,,,,
uc3m,train,data_raw/uc3m/train/01079.jpg,,AD-36*8*PX,36*8*PX,1501.0,1837.0,2218.0,1814.0,2221.0,1964.0,1495.0,1982.0,4.890977,1,single_row,day,2,,,,
uc3m,train,data_raw/uc3m/train/01080.jpg,,AD-0*33JY*,0*33JY*,1392.0,1266.0,1630.0,1277.0,1617.0,1324.0,1384.0,1310.0,5.045395,1,single_row,day,2,,,,
uc3m,train,data_raw/uc3m/train/01080.jpg,,AD-816*KZ*,816*KZ*,2818.0,2277.0,3630.0,2341.0,3615.0,2504.0,2809.0,2444.0,4.903584,1,single_row,day,2,,,,
uc3m,train,data_raw/uc3m/train/01081.jpg,,AD-72*1*LZ,72*1*LZ,981.0,2218.0,1764.0,2261.0,1764.0,2422.0,974.0,2376.0,4.9365296,1,single_row,day,2,,,,
uc3m,train,data_raw/uc3m/train/01084.jpg,,AD-90*4*TJ,90*4*TJ,762.0,1738.0,1163.0,1707.0,1169.0,1791.0,765.0,1817.0,4.9429016,1,single_row,day,2,,,,
uc3m,train,data_raw/uc3m/train/01084.jpg,,AD-861**FM,861**FM,3775.0,2767.0,4917.0,2701.0,4938.0,2940.0,3788.0,2998.0,4.8704305,1,single_row,day,2,,,,
uc3m,train,data_raw/uc3m/train/01085.jpg,,AD-751**VB,751**VB,4010.0,1766.0,4267.0,1778.0,4264.0,1835.0,4010.0,1817.0,4.736512,1,single_row,day,2,,,,
uc3m,train,data_raw/uc3m/train/01085.jpg,,AD-18*7*NP,18*7*NP,2894.0,1981.0,3296.0,1996.0,3292.0,2081.0,2891.0,2061.0,4.8669496,1,single_row,day,2,,,,
uc3m,train,data_raw/uc3m/train/01085.jpg,,AD-44*5*YM,44*5*YM,1270.0,2001.0,1790.0,2018.0,1788.0,2128.0,1264.0,2106.0,4.854975,1,single_row,day,2,,,,
uc3m,train,data_raw/uc3m/train/01086.jpg,,AD-28*6*FL,28*6*FL,859.0,1708.0,1422.0,1677.0,1431.0,1793.0,864.0,1821.0,4.9313507,1,single_row,day,2,,,,
uc3m,train,data_raw/uc3m/train/01086.jpg,,AD-81*0*NS,81*0*NS,3977.0,1563.0,4546.0,1543.0,4558.0,1659.0,3986.0,1676.0,4.9639945,1,single_row,day,2,,,,
uc3m,train,data_raw/uc3m/train/01087.jpg,,AD-7*37KT*,7*37KT*,1214.0,2009.0,1460.0,1990.0,1464.0,2042.0,1218.0,2060.0,4.775812,1,single_row,day,2,,,,
uc3m,train,data_raw/uc3m/train/01087.jpg,,AD-12*3*YZ,12*3*YZ,2604.0,2123.0,3189.0,2093.0,3199.0,2200.0,2610.0,2230.0,5.476906,1,single_row,day,2,,,,
uc3m,train,data_raw/uc3m/train/01088.jpg,,AD-68*1*RD,68*1*RD,91.0,1354.0,574.0,1408.0,553.0,1502.0,68.0,1448.0,5.0443087,1,single_row,day,2,,,,
uc3m,train,data_raw/uc3m/train/01088.jpg,,AD-99*0LP*,99*0LP*,2474.0,1657.0,3100.0,1733.0,3084.0,1862.0,2455.0,1781.0,4.9515033,1,single_row,day,2,,,,
uc3m,train,data_raw/uc3m/train/01089.jpg,,AD-921*FV*,921*FV*,4860.0,1590.0,5013.0,1586.0,5012.0,1614.0,4859.0,1620.0,5.275651,1,single_row,day,2,,,,
uc3m,train,data_raw/uc3m/train/01089.jpg,,AD-288*HB*,288*HB*,2721.0,1917.0,3218.0,1950.0,3212.0,2050.0,2721.0,2013.0,5.0488696,1,single_row,day,2,,,,
uc3m,train,data_raw/uc3m/train/01089.jpg,,AD-050*F*P,050*F*P,574.0,1577.0,976.0,1600.0,982.0,1698.0,583.0,1670.0,4.188744,1,single_row,day,2,,,,
uc3m,train,data_raw/uc3m/train/01091.jpg,,AD-0*88K*W,0*88K*W,1407.0,1329.0,1942.0,1370.0,1929.0,1494.0,1389.0,1449.0,4.3835106,1,single_row,day,2,,,,
uc3m,train,data_raw/uc3m/train/01092.jpg,,AD-374**FX,374**FX,1693.0,2006.0,1944.0,2005.0,1947.0,2056.0,1693.0,2059.0,4.851846,1,single_row,day,2,,,,
uc3m,train,data_raw/uc3m/train/01092.jpg,,AD-9*09*SM,9*09*SM,2777.0,1944.0,2980.0,1940.0,2982.0,1982.0,2779.0,1983.0,5.006753,1,single_row,day,2,,,,
uc3m,train,data_raw/uc3m/train/01092.jpg,,AD-661**BZ,661**BZ,87.0,1836.0,197.0,1833.0,197.0,1857.0,86.0,1861.0,4.5106688,1,single_row,day,2,,,,
uc3m,train,data_raw/uc3m/train/01095.jpg,,AD-588*JX*,588*JX*,2109.0,1647.0,2843.0,1619.0,2856.0,1778.0,2115.0,1792.0,4.843734,1,single_row,day,2,,,,
uc3m,train,data_raw/uc3m/train/01096.jpg,,AD-*649*CJ,*649*CJ,1372.0,2160.0,2011.0,2147.0,2017.0,2286.0,1372.0,2298.0,4.6340938,1,single_row,day,2,,,,
uc3m,train,data_raw/uc3m/train/01097.jpg,,AD-75*1H*M,75*1H*M,1915.0,2017.0,2353.0,2025.0,2357.0,2120.0,1917.0,2114.0,4.5710154,1,single_row,day,2,,,,
uc3m,train,data_raw/uc3m/train/01098.jpg,,AD-398*B*B,398*B*B,3510.0,1284.0,4570.0,1222.0,4603.0,1438.0,3538.0,1501.0,4.8677053,1,single_row,day,2,,,,
uc3m,train,data_raw/uc3m/train/01099.jpg,,AD-68*6J*P,68*6J*P,2343.0,2024.0,3300.0,1986.0,3335.0,2197.0,2362.0,2218.0,4.723403,1,single_row,day,2,,,,
uc3m,train,data_raw/uc3m/train/01100.jpg,,ED-R22*2B*V,R22*2B*V,993.0,1458.0,1388.0,1438.0,1393.0,1519.0,998.0,1542.0,4.7862153,1,single_row,day,2,,,,
uc3m,train,data_raw/uc3m/train/01100.jpg,,AD-94*7BM*,94*7BM*,2962.0,1330.0,3532.0,1304.0,3544.0,1420.0,2968.0,1442.0,5.0136137,1,single_row,day,2,,,,
uc3m,train,data_raw/uc3m/train/01101.jpg,,ED-R22*2B*V,R22*2B*V,3642.0,2821.0,5163.0,2727.0,5178.0,3045.0,3657.0,3139.0,4.786822,1,single_row,day,2,,,,
uc3m,train,data_raw/uc3m/train/01102.jpg,,AD-778*DV*,778*DV*,2706.0,1515.0,4439.0,1360.0,4493.0,1724.0,2748.0,1866.0,4.838179,1,single_row,day,2,,,,
uc3m,train,data_raw/uc3m/train/01103.jpg,,AD-943**SC,943**SC,600.0,2224.0,2265.0,2141.0,2282.0,2512.0,617.0,2580.0,4.5802126,1,single_row,day,2,,,,
uc3m,train,data_raw/uc3m/train/01104.jpg,,AD-2*09*HW,2*09*HW,925.0,1227.0,1211.0,1238.0,1197.0,1320.0,914.0,1301.0,3.6066444,1,single_row,day,2,,,,
uc3m,train,data_raw/uc3m/train/01104.jpg,,AD-24*1*MW,24*1*MW,2244.0,1657.0,2746.0,1653.0,2750.0,1745.0,2250.0,1754.0,5.2944717,1,single_row,day,2,,,,
uc3m,train,data_raw/uc3m/train/01105.jpg,,AD-346**WN,346**WN,2415.0,1381.0,3148.0,1389.0,3127.0,1555.0,2393.0,1542.0,4.4483724,1,single_row,day,2,,,,
uc3m,train,data_raw/uc3m/train/01106.jpg,,AD-00*4*CB,00*4*CB,2852.0,2061.0,3473.0,2073.0,3456.0,2226.0,2829.0,2210.0,4.096798,1,single_row,day,2,,,,
uc3m,train,data_raw/uc3m/train/01107.jpg,,AD-508*JY*,508*JY*,2607.0,2070.0,3386.0,2060.0,3370.0,2233.0,2586.0,2235.0,4.5963182,1,single_row,day,2,,,,
uc3m,train,data_raw/uc3m/train/01108.jpg,,AD-379**TR,379**TR,2156.0,2102.0,3600.0,1995.0,3626.0,2293.0,2165.0,2393.0,4.9339643,1,single_row,day,2,,,,
uc3m,train,data_raw/uc3m/train/01109.jpg,,AD-828**TY,828**TY,2265.0,1022.0,3122.0,1032.0,3157.0,1252.0,2307.0,1254.0,3.7228355,1,single_row,day,2,,,,
uc3m,train,data_raw/uc3m/train/01110.jpg,,AD-56*1*TN,56*1*TN,3056.0,1905.0,3673.0,1794.0,3742.0,1961.0,3136.0,2082.0,3.3202417,1,single_row,day,2,,,,
uc3m,train,data_raw/uc3m/train/01111.jpg,,AD-053**CJ,053**CJ,101.0,1196.0,677.0,1212.0,680.0,1330.0,91.0,1313.0,4.9496484,1,single_row,day,2,,,,
uc3m,train,data_raw/uc3m/train/01111.jpg,,AD-*575LP*,*575LP*,2238.0,1405.0,3392.0,1415.0,3393.0,1654.0,2238.0,1635.0,4.923645,1,single_row,day,2,,,,
uc3m,train,data_raw/uc3m/train/01112.jpg,,AD-46*1*PC,46*1*PC,1805.0,2164.0,2909.0,2158.0,2911.0,2394.0,1801.0,2400.0,4.690326,1,single_row,day,2,,,,
uc3m,train,data_raw/uc3m/train/01113.jpg,,AD-*062*PB,*062*PB,1137.0,855.0,2397.0,841.0,2387.0,1110.0,1131.0,1111.0,4.790193,1,single_row,day,2,,,,
uc3m,train,data_raw/uc3m/train/01114.jpg,,AD-42*2*TV,42*2*TV,1135.0,163.0,2726.0,156.0,2722.0,507.0,1131.0,512.0,4.5454507,1,single_row,day,2,,,,
uc3m,train,data_raw/uc3m/train/01115.jpg,,AD-52*5*NX,52*5*NX,1083.0,1880.0,4000.0,1816.0,4006.0,2403.0,1100.0,2460.0,4.989601,1,single_row,day,2,,,,
uc3m,train,data_raw/uc3m/train/01116.jpg,,AD-212**MR,212**MR,2517.0,1275.0,3156.0,1246.0,3159.0,1376.0,2519.0,1402.0,4.980291,1,single_row,day,2,,,,
uc3m,train,data_raw/uc3m/train/01118.jpg,,AD-751**TD,751**TD,2685.0,1273.0,3520.0,1255.0,3523.0,1423.0,2682.0,1433.0,5.1096735,1,single_row,day,2,,,,
uc3m,train,data_raw/uc3m/train/01119.jpg,,AD-574**HF,574**HF,2038.0,2151.0,2563.0,2123.0,2568.0,2242.0,2035.0,2265.0,4.543287,1,single_row,day,2,,,,
uc3m,train,data_raw/uc3m/train/01120.jpg,,AD-25*4JP*,25*4JP*,3021.0,809.0,4370.0,731.0,4376.0,1019.0,3025.0,1084.0,4.801734,1,single_row,day,2,,,,
uc3m,train,data_raw/uc3m/train/01123.jpg,,AD-343*LV*,343*LV*,2368.0,869.0,3094.0,838.0,3095.0,995.0,2371.0,1022.0,4.6806846,1,single_row,day,2,,,,
uc3m,train,data_raw/uc3m/train/01124.jpg,,AD-67*2*HS,67*2*HS,2086.0,1745.0,3178.0,1666.0,3172.0,1907.0,2078.0,1972.0,4.679005,1,single_row,day,2,,,,
uc3m,train,data_raw/uc3m/train/01125.jpg,,AD-37*3LT*,37*3LT*,1356.0,2080.0,2885.0,1970.0,2878.0,2280.0,1346.0,2390.0,4.9479146,1,single_row,day,2,,,,
uc3m,train,data_raw/uc3m/train/01126.jpg,,DD-191*LR*,191*LR*,1434.0,1850.0,3008.0,1782.0,3021.0,2097.0,1439.0,2165.0,5.0117245,1,single_row,day,2,,,,
uc3m,train,data_raw/uc3m/train/01129.jpg,,AD-8*15*VY,8*15*VY,1880.0,1814.0,3410.0,1740.0,3433.0,2059.0,1912.0,2128.0,4.8065643,1,single_row,day,2,,,,
uc3m,train,data_raw/uc3m/train/01130.jpg,,AD-343*LV*,343*LV*,773.0,1936.0,2453.0,1836.0,2482.0,2185.0,807.0,2285.0,4.795508,1,single_row,day,2,,,,
uc3m,train,data_raw/uc3m/train/01131.jpg,,AD-1*56*CW,1*56*CW,614.0,1690.0,2302.0,1578.0,2343.0,1917.0,653.0,2026.0,4.9802747,1,single_row,day,2,,,,
uc3m,train,data_raw/uc3m/train/01132.jpg,,AD-05*0*GN,05*0*GN,1332.0,1628.0,3019.0,1528.0,3067.0,1856.0,1382.0,1939.0,5.223621,1,single_row,day,2,,,,
uc3m,train,data_raw/uc3m/train/01133.jpg,,AD-113**RZ,113**RZ,142.0,1492.0,1904.0,1398.0,1944.0,1742.0,188.0,1842.0,5.038197,1,single_row,day,2,,,,
uc3m,train,data_raw/uc3m/train/01135.jpg,,AD-84*1LR*,84*1LR*,2239.0,2307.0,3736.0,2185.0,3785.0,2487.0,2282.0,2600.0,4.99795,1,single_row,day,2,,,,
uc3m,train,data_raw/uc3m/train/01136.jpg,,AD-776*KP*,776*KP*,1787.0,1543.0,3119.0,1463.0,3158.0,1731.0,1826.0,1817.0,4.874451,1,single_row,day,2,,,,
uc3m,train,data_raw/uc3m/train/01137.jpg,,AD-477*HZ*,477*HZ*,906.0,1190.0,3727.0,1049.0,3794.0,1611.0,985.0,1799.0,4.779163,1,single_row,day,2,,,,
uc3m,train,data_raw/uc3m/train/01139.jpg,,AD-433**PY,433**PY,2257.0,3081.0,3960.0,3018.0,3963.0,3354.0,2275.0,3436.0,4.908612,1,single_row,day,2,,,,
uc3m,train,data_raw/uc3m/train/01140.jpg,,AD-5*95*KY,5*95*KY,2291.0,1409.0,3381.0,1362.0,3381.0,1598.0,2292.0,1642.0,4.6500883,1,single_row,day,2,,,,
uc3m,train,data_raw/uc3m/train/01141.jpg,,AD-164**DP,164**DP,1923.0,1286.0,3047.0,1276.0,3041.0,1519.0,1900.0,1523.0,4.7072115,1,single_row,day,2,,,,
uc3m,train,data_raw/uc3m/train/01143.jpg,,AD-5*10J*K,5*10J*K,3432.0,2276.0,4791.0,2197.0,4797.0,2495.0,3439.0,2580.0,4.520456,1,single_row,day,2,,,,
uc3m,train,data_raw/uc3m/train/01144.jpg,,BD-98*1G*W,98*1G*W,2100.0,665.0,2720.0,668.0,2715.0,1077.0,2080.0,1074.0,1.533274,2,two_row,day,2,,,,
uc3m,train,data_raw/uc3m/train/01145.jpg,,AD-041*K*B,041*K*B,655.0,1337.0,1514.0,1335.0,1519.0,1511.0,655.0,1514.0,4.8800597,1,single_row,day,2,,,,
uc3m,train,data_raw/uc3m/train/01145.jpg,,AD-187**RN,187**RN,4403.0,1500.0,4848.0,1504.0,4850.0,1588.0,4415.0,1588.0,5.09157,1,single_row,day,2,,,,
uc3m,train,data_raw/uc3m/train/01147.jpg,,AD-828**NH,828**NH,3331.0,3115.0,4203.0,3060.0,4190.0,3243.0,3325.0,3294.0,4.799831,1,single_row,day,2,,,,
uc3m,train,data_raw/uc3m/train/01148.jpg,,AD-44*4LR*,44*4LR*,2515.0,390.0,4184.0,418.0,4163.0,757.0,2478.0,739.0,4.857086,1,single_row,day,2,,,,
uc3m,train,data_raw/uc3m/train/01149.jpg,,AD-*176*FR,*176*FR,1811.0,2429.0,2735.0,2437.0,2733.0,2629.0,1811.0,2619.0,4.8325615,1,single_row,day,2,,,,
uc3m,train,data_raw/uc3m/train/01152.jpg,,AD-947*L*L,947*L*L,1067.0,1989.0,2290.0,1927.0,2295.0,2181.0,1062.0,2245.0,4.821094,1,single_row,day,2,,,,
uc3m,train,data_raw/uc3m/train/01156.jpg,,AD-3*09JY*,3*09JY*,2085.0,1407.0,2872.0,1355.0,2871.0,1508.0,2090.0,1575.0,4.8978333,1,single_row,day,2,,,,
uc3m,train,data_raw/uc3m/train/01157.jpg,,AD-31*0*ZS,31*0*ZS,1859.0,1654.0,2326.0,1634.0,2331.0,1728.0,1862.0,1752.0,4.8758855,1,single_row,day,2,,,,
uc3m,train,data_raw/uc3m/train/01158.jpg,,AD-475**MS,475**MS,2017.0,1819.0,2498.0,1817.0,2495.0,1979.0,2019.0,1985.0,2.9174566,1,single_row,day,2,,,,
uc3m,train,data_raw/uc3m/train/01158.jpg,,AD-55*9*MC,55*9*MC,3530.0,2265.0,4544.0,2269.0,4540.0,2502.0,3530.0,2495.0,4.3712354,1,single_row,day,2,,,,
uc3m,train,data_raw/uc3m/train/01159.jpg,,AD-475**MS,475**MS,1107.0,553.0,1589.0,558.0,1582.0,726.0,1105.0,714.0,2.91403,1,single_row,day,2,,,,
uc3m,train,data_raw/uc3m/train/01159.jpg,,AD-095*G*B,095*G*B,2664.0,2161.0,4115.0,2206.0,4113.0,2528.0,2641.0,2479.0,4.563584,1,single_row,day,2,,,,
uc3m,train,data_raw/uc3m/train/01160.jpg,,AD-799*KV*,799*KV*,2495.0,2656.0,4348.0,2739.0,4402.0,3182.0,2565.0,3109.0,4.082557,1,single_row,day,2,,,,
uc3m,train,data_raw/uc3m/train/01161.jpg,,AD-626*L*L,626*L*L,2281.0,1473.0,2914.0,1491.0,2912.0,1618.0,2282.0,1596.0,5.054159,1,single_row,day,2,,,,
uc3m,train,data_raw/uc3m/train/01162.jpg,,AD-82*8LM*,82*8LM*,1892.0,1787.0,2666.0,1745.0,2668.0,1905.0,1891.0,1943.0,4.9145265,1,single_row,day,2,,,,
uc3m,train,data_raw/uc3m/train/01164.jpg,,AD-8*22*FS,8*22*FS,3289.0,2405.0,3572.0,2341.0,3581.0,2402.0,3300.0,2466.0,4.677474,1,single_row,day,2,,,,
uc3m,train,data_raw/uc3m/train/01165.jpg,,AD-139**PZ,139**PZ,3049.0,2576.0,3523.0,2495.0,3525.0,2592.0,3057.0,2670.0,4.992289,1,single_row,day,2,,,,
uc3m,train,data_raw/uc3m/train/01166.jpg,,AD-M278**T,M278**T,3551.0,1584.0,3994.0,1518.0,3998.0,1606.0,3554.0,1676.0,4.9815416,1,single_row,day,2,,,,
uc3m,train,data_raw/uc3m/train/01167.jpg,,AD-5*14LL*,5*14LL*,2439.0,2777.0,2920.0,2697.0,2929.0,2797.0,2447.0,2877.0,4.863409,1,single_row,day,2,,,,
uc3m,train,data_raw/uc3m/train/01168.jpg,,AD-841**VT,841**VT,2402.0,2545.0,2896.0,2468.0,2894.0,2557.0,2400.0,2635.0,5.585673,1,single_row,day,2,,,,
uc3m,train,data_raw/uc3m/train/01169.jpg,,AD-44*9KY*,44*9KY*,2931.0,2291.0,3363.0,2229.0,3370.0,2326.0,2938.0,2387.0,4.509973,1,single_row,day,2,,,,
uc3m,train,data_raw/uc3m/train/01171.jpg,,AD-5*00*PZ,5*00*PZ,1087.0,1161.0,1469.0,1108.0,1471.0,1189.0,1089.0,1242.0,4.7597737,1,single_row,day,2,,,,
uc3m,train,data_raw/uc3m/train/01171.jpg,,AD-797**VZ,797**VZ,919.0,3121.0,1364.0,3058.0,1368.0,3148.0,925.0,3213.0,4.921876,1,single_row,day,2,,,,
uc3m,train,data_raw/uc3m/train/01171.jpg,,AD-44*9KY*,44*9KY*,3312.0,2724.0,3740.0,2663.0,3743.0,2756.0,3318.0,2817.0,4.6266775,1,single_row,day,2,,,,
uc3m,train,data_raw/uc3m/train/01173.jpg,,AD-710**HJ,710**HJ,2147.0,2393.0,2893.0,2273.0,2914.0,2431.0,2163.0,2552.0,4.7503476,1,single_row,day,2,,,,
uc3m,train,data_raw/uc3m/train/01174.jpg,,AD-08*1*HN,08*1*HN,3844.0,3623.0,4693.0,3466.0,4712.0,3644.0,3860.0,3793.0,4.9414253,1,single_row,day,2,,,,
uc3m,train,data_raw/uc3m/train/01175.jpg,,AD-195*L*P,195*L*P,2536.0,3857.0,3547.0,3698.0,3569.0,3915.0,2563.0,4076.0,4.654434,1,single_row,day,2,,,,
uc3m,train,data_raw/uc3m/train/01176.jpg,,AD-92*1JX*,92*1JX*,5105.0,3043.0,5796.0,2952.0,5800.0,3096.0,5111.0,3186.0,4.8464828,1,single_row,day,2,,,,
uc3m,train,data_raw/uc3m/train/01177.jpg,,AD-M64*2Y*,M64*2Y*,3445.0,2222.0,3767.0,2204.0,3758.0,2297.0,3438.0,2318.0,3.3907602,1,single_row,day,2,,,,
uc3m,train,data_raw/uc3m/train/01178.jpg,,AD-82*2*FM,82*2*FM,5116.0,1344.0,5588.0,1297.0,5587.0,1394.0,5111.0,1448.0,4.740267,1,single_row,day,2,,,,
uc3m,train,data_raw/uc3m/train/01179.jpg,,AD-03*9*CD,03*9*CD,2771.0,2438.0,3263.0,2387.0,3266.0,2482.0,2780.0,2540.0,4.984131,1,single_row,day,2,,,,
uc3m,train,data_raw/uc3m/train/01180.jpg,,AD-3*99*GW,3*99*GW,5777.0,2191.0,6263.0,2133.0,6256.0,2243.0,5778.0,2292.0,4.5919867,1,single_row,day,2,,,,
uc3m,train,data_raw/uc3m/train/01181.jpg,,AD-95*5*CF,95*5*CF,2758.0,2042.0,3252.0,1999.0,3249.0,2104.0,2754.0,2144.0,4.7917895,1,single_row,day,2,,,,
uc3m,train,data_raw/uc3m/train/01183.jpg,,AD-71*0K*K,71*0K*K,3630.0,2477.0,4134.0,2422.0,4129.0,2532.0,3628.0,2580.0,4.740168,1,single_row,day,2,,,,
uc3m,train,data_raw/uc3m/train/01184.jpg,,AD-60*7G*F,60*7G*F,2894.0,2642.0,3407.0,2592.0,3402.0,2699.0,2891.0,2745.0,4.893867,1,single_row,day,2,,,,
uc3m,train,data_raw/uc3m/train/01185.jpg,,AD-25*5*JH,25*5*JH,4125.0,4275.0,4670.0,4208.0,4670.0,4328.0,4130.0,4395.0,4.553206,1,single_row,day,2,,,,
uc3m,train,data_raw/uc3m/train/01186.jpg,,AD-M76*4Y*,M76*4Y*,4483.0,1740.0,4957.0,1701.0,4959.0,1801.0,4496.0,1844.0,4.592087,1,single_row,day,2,,,,
uc3m,train,data_raw/uc3m/train/01187.jpg,,AD-168**DD,168**DD,4150.0,3776.0,4679.0,3720.0,4672.0,3828.0,4138.0,3877.0,5.08819,1,single_row,day,2,,,,
uc3m,train,data_raw/uc3m/train/01188.jpg,,AD-501*GZ*,501*GZ*,1064.0,1918.0,1535.0,1885.0,1532.0,1980.0,1061.0,2010.0,5.0461144,1,single_row,day,2,,,,
uc3m,train,data_raw/uc3m/train/01188.jpg,,AD-00*4*XR,00*4*XR,4212.0,1897.0,4664.0,1858.0,4660.0,1955.0,4212.0,1993.0,4.6782513,1,single_row,day,2,,,,
uc3m,train,data_raw/uc3m/train/01189.jpg,,AD-9*68*BF,9*68*BF,1580.0,2531.0,2015.0,2497.0,2014.0,2594.0,1579.0,2620.0,4.6884546,1,single_row,day,2,,,,
uc3m,train,data_raw/uc3m/train/01189.jpg,,AD-4*01*DT,4*01*DT,3689.0,2259.0,4089.0,2229.0,4088.0,2311.0,3685.0,2345.0,4.7921453,1,single_row,day,2,,,,
uc3m,train,data_raw/uc3m/train/01190.jpg,,AD-3*18*LK,3*18*LK,1262.0,482.0,1681.0,442.0,1685.0,531.0,1267.0,567.0,4.8236217,1,single_row,day,2,,,,
uc3m,train,data_raw/uc3m/train/01190.jpg,,AD-*322K*Y,*322K*Y,684.0,2301.0,1157.0,2247.0,1146.0,2345.0,686.0,2400.0,4.752933,1,single_row,day,2,,,,
uc3m,train,data_raw/uc3m/train/01190.jpg,,AD-16*5J*B,16*5J*B,3595.0,2024.0,4053.0,1964.0,4058.0,2060.0,3600.0,2114.0,4.9556627,1,single_row,day,2,,,,
uc3m,train,data_raw/uc3m/train/01190.jpg,,AD-9*68*BF,9*68*BF,3019.0,4002.0,3542.0,3932.0,3549.0,4043.0,3027.0,4114.0,4.717863,1,single_row,day,2,,,,
uc3m,train,data_raw/uc3m/train/01190.jpg,,AD-4*01*DT,4*01*DT,6373.0,4046.0,6879.0,3976.0,6883.0,4083.0,6378.0,4156.0,4.701302,1,single_row,day,2,,,,
uc3m,train,data_raw/uc3m/train/01192.jpg,,AD-740**VC,740**VC,2639.0,2367.0,3050.0,2349.0,3046.0,2431.0,2634.0,2451.0,4.9557776,1,single_row,day,2,,,,
uc3m,train,data_raw/uc3m/train/01193.jpg,,AD-3*12KX*,3*12KX*,2669.0,2287.0,3072.0,2249.0,3071.0,2337.0,2671.0,2370.0,4.713486,1,single_row,day,2,,,,
uc3m,train,data_raw/uc3m/train/01194.jpg,,AD-04*0*FC,04*0*FC,2864.0,2009.0,3382.0,1969.0,3377.0,2077.0,2868.0,2117.0,4.7648487,1,single_row,day,2,,,,
uc3m,train,data_raw/uc3m/train/01195.jpg,,AD-00*2*NB,00*2*NB,1955.0,1741.0,2453.0,1703.0,2452.0,1811.0,1953.0,1844.0,4.7366056,1,single_row,day,2,,,,
uc3m,train,data_raw/uc3m/train/01196.jpg,,AD-420**XJ,420**XJ,4426.0,1384.0,4806.0,1314.0,4800.0,1411.0,4420.0,1479.0,4.015237,1,single_row,day,2,,,,
uc3m,train,data_raw/uc3m/train/01197.jpg,,AD-234**RN,234**RN,2808.0,2905.0,3322.0,2868.0,3321.0,2978.0,2804.0,3012.0,4.7606883,1,single_row,day,2,,,,
uc3m,train,data_raw/uc3m/train/01198.jpg,,AD-06*0*RW,06*0*RW,2720.0,2865.0,3239.0,2833.0,3236.0,2946.0,2717.0,2973.0,4.7027345,1,single_row,day,2,,,,
uc3m,train,data_raw/uc3m/train/01199.jpg,,AD-86*1*HF,86*1*HF,2607.0,2901.0,3133.0,2868.0,3126.0,2977.0,2598.0,3012.0,4.788062,1,single_row,day,2,,,,
uc3m,train,data_raw/uc3m/train/01200.jpg,,AD-00*6*HN,00*6*HN,4244.0,1878.0,4718.0,1855.0,4718.0,1954.0,4240.0,1976.0,4.8358836,1,single_row,day,2,,,,
uc3m,train,data_raw/uc3m/train/01202.jpg,,AD-10*1*RR,10*1*RR,3044.0,2752.0,3572.0,2735.0,3559.0,2841.0,3042.0,2859.0,4.890196,1,single_row,day,2,,,,
uc3m,train,data_raw/uc3m/train/01203.jpg,,AD-78*4*CL,78*4*CL,1172.0,3487.0,1791.0,3368.0,1810.0,3495.0,1187.0,3619.0,4.843991,1,single_row,day,2,,,,
uc3m,train,data_raw/uc3m/train/01203.jpg,,AD-36*7*WF,36*7*WF,4271.0,2357.0,4864.0,2248.0,4875.0,2375.0,4283.0,2476.0,4.870865,1,single_row,day,2,,,,
uc3m,train,data_raw/uc3m/train/01204.jpg,,AD-*433*SN,*433*SN,2992.0,2612.0,3659.0,2508.0,3671.0,2649.0,2998.0,2751.0,4.8309183,1,single_row,day,2,,,,
uc3m,train,data_raw/uc3m/train/01205.jpg,,AD-*261KR*,*261KR*,2745.0,2571.0,3428.0,2466.0,3435.0,2608.0,2757.0,2719.0,4.7411375,1,single_row,day,2,,,,
uc3m,train,data_raw/uc3m/train/01205.jpg,,AD-63*3*WW,63*3*WW,4030.0,138.0,4639.0,56.0,4642.0,193.0,4034.0,268.0,4.5942717,1,single_row,day,2,,,,
uc3m,train,data_raw/uc3m/train/01207.jpg,,AD-653*H*C,653*H*C,2339.0,3402.0,3048.0,3302.0,3065.0,3448.0,2356.0,3560.0,4.6872087,1,single_row,day,2,,,,
uc3m,train,data_raw/uc3m/train/01208.jpg,,AD-388*CR*,388*CR*,2242.0,3042.0,2798.0,2965.0,2807.0,3077.0,2255.0,3156.0,4.927044,1,single_row,day,2,,,,
uc3m,train,data_raw/uc3m/train/01210.jpg,,AD-221*G*L,221*G*L,4389.0,1649.0,4876.0,1594.0,4882.0,1696.0,4395.0,1751.0,4.796571,1,single_row,day,2,,,,
uc3m,train,data_raw/uc3m/train/01211.jpg,,AD-4*29*HP,4*29*HP,2164.0,2979.0,2698.0,2907.0,2702.0,3019.0,2165.0,3091.0,4.822641,1,single_row,day,2,,,,
uc3m,train,data_raw/uc3m/train/01212.jpg,,AD-23*6*FY,23*6*FY,2722.0,2871.0,3258.0,2800.0,3274.0,2912.0,2741.0,2984.0,4.736112,1,single_row,day,2,,,,
uc3m,train,data_raw/uc3m/train/01213.jpg,,AD-0*03DC*,0*03DC*,3042.0,2799.0,3575.0,2727.0,3565.0,2827.0,3037.0,2897.0,5.389323,1,single_row,day,2,,,,
uc3m,train,data_raw/uc3m/train/01216.jpg,,AD-512**JY,512**JY,2260.0,2623.0,2788.0,2563.0,2790.0,2674.0,2260.0,2736.0,4.7541366,1,single_row,day,2,,,,
uc3m,train,data_raw/uc3m/train/01217.jpg,,AD-42*3LV*,42*3LV*,2200.0,2604.0,3095.0,2471.0,3107.0,2668.0,2210.0,2791.0,4.70637,1,single_row,day,2,,,,
uc3m,train,data_raw/uc3m/train/01218.jpg,,AD-06*8*RV,06*8*RV,3326.0,2271.0,3890.0,2206.0,3895.0,2328.0,3330.0,2395.0,4.6175656,1,single_row,day,2,,,,
uc3m,train,data_raw/uc3m/train/01219.jpg,,AD-3*48*DP,3*48*DP,3187.0,2334.0,3739.0,2274.0,3744.0,2392.0,3192.0,2453.0,4.6819587,1,single_row,day,2,,,,
uc3m,train,data_raw/uc3m/train/01221.jpg,,AD-7*73KS*,7*73KS*,2700.0,2296.0,3268.0,2233.0,3272.0,2353.0,2705.0,2414.0,4.7938147,1,single_row,day,2,,,,
uc3m,train,data_raw/uc3m/train/01222.jpg,,AD-M80*5*L,M80*5*L,5563.0,1637.0,6081.0,1580.0,6078.0,1685.0,5559.0,1748.0,4.8304687,1,single_row,day,2,,,,
uc3m,train,data_raw/uc3m/train/01223.jpg,,AD-40*1*SF,40*1*SF,2891.0,2631.0,3477.0,2571.0,3477.0,2696.0,2894.0,2755.0,4.7183547,1,single_row,day,2,,,,
uc3m,train,data_raw/uc3m/train/01224.jpg,,AD-773**FS,773**FS,2686.0,2326.0,3266.0,2265.0,3269.0,2390.0,2687.0,2449.0,4.70965,1,single_row,day,2,,,,
uc3m,train,data_raw/uc3m/train/01224.jpg,,AD-594**RM,594**RM,5656.0,1594.0,6200.0,1536.0,6194.0,1655.0,5649.0,1706.0,4.73037,1,single_row,day,2,,,,
uc3m,train,data_raw/uc3m/train/01225.jpg,,AD-52*5K*K,52*5K*K,2737.0,2707.0,3331.0,2650.0,3328.0,2768.0,2740.0,2828.0,4.968233,1,single_row,day,2,,,,
uc3m,train,data_raw/uc3m/train/01226.jpg,,AD-*018C*C,*018C*C,2449.0,2551.0,3026.0,2498.0,3024.0,2607.0,2447.0,2662.0,5.2675133,1,single_row,day,2,,,,
uc3m,train,data_raw/uc3m/train/01228.jpg,,AD-*584*SB,*584*SB,1788.0,3648.0,2419.0,3574.0,2425.0,3707.0,1799.0,3784.0,4.696361,1,single_row,day,2,,,,
uc3m,train,data_raw/uc3m/train/01228.jpg,,AD-35*5*CW,35*5*CW,4297.0,1985.0,4859.0,1919.0,4855.0,2042.0,4294.0,2101.0,4.725797,1,single_row,day,2,,,,
uc3m,train,data_raw/uc3m/train/01229.jpg,,AD-*373F*V,*373F*V,3144.0,2250.0,3741.0,2180.0,3749.0,2304.0,3151.0,2374.0,4.842614,1,single_row,day,2,,,,
uc3m,train,data_raw/uc3m/train/01230.jpg,,AD-*755KN*,*755KN*,3148.0,3201.0,3759.0,3124.0,3766.0,3259.0,3149.0,3329.0,4.6993165,1,single_row,day,2,,,,
uc3m,train,data_raw/uc3m/train/01231.jpg,,AD-583*L*X,583*L*X,2352.0,2625.0,2969.0,2558.0,2966.0,2687.0,2354.0,2753.0,4.8090763,1,single_row,day,2,,,,
uc3m,train,data_raw/uc3m/train/01232.jpg,,AD-99*8*WS,99*8*WS,4654.0,1624.0,5229.0,1571.0,5235.0,1691.0,4658.0,1747.0,4.75772,1,single_row,day,2,,,,
uc3m,train,data_raw/uc3m/train/01233.jpg,,AD-18*8*MF,18*8*MF,2988.0,3067.0,3620.0,2993.0,3622.0,3124.0,2989.0,3196.0,4.897329,1,single_row,day,2,,,,
uc3m,train,data_raw/uc3m/train/01235.jpg,,AD-32*0*VN,32*0*VN,2737.0,3541.0,3368.0,3464.0,3376.0,3603.0,2738.0,3680.0,4.594378,1,single_row,day,2,,,,
uc3m,train,data_raw/uc3m/train/01238.jpg,,AD-78*6KS*,78*6KS*,3727.0,3740.0,4353.0,3687.0,4352.0,3824.0,3722.0,3874.0,4.6485987,1,single_row,day,2,,,,
uc3m,train,data_raw/uc3m/train/01238.jpg,,AD-05*9*GS,05*9*GS,5485.0,1946.0,6045.0,1895.0,6040.0,2023.0,5477.0,2072.0,4.4326315,1,single_row,day,2,,,,
uc3m,train,data_raw/uc3m/train/01239.jpg,,AD-015*JW*,015*JW*,5163.0,946.0,5718.0,905.0,5714.0,1028.0,5163.0,1066.0,4.5618286,1,single_row,day,2,,,,
uc3m,train,data_raw/uc3m/train/01240.jpg,,AD-3*03G*N,3*03G*N,2068.0,2629.0,2617.0,2568.0,2622.0,2692.0,2070.0,2745.0,4.6098876,1,single_row,day,2,,,,
uc3m,train,data_raw/uc3m/train/01241.jpg,,AD-*036*CM,*036*CM,2345.0,2713.0,2911.0,2658.0,2911.0,2779.0,2345.0,2829.0,4.7969203,1,single_row,day,2,,,,
uc3m,train,data_raw/uc3m/train/01243.jpg,,AD-20*1FZ*,20*1FZ*,2650.0,2680.0,3210.0,2629.0,3212.0,2744.0,2653.0,2797.0,4.842905,1,single_row,day,2,,,,
uc3m,train,data_raw/uc3m/train/01244.jpg,,AD-45*6*CV,45*6*CV,2388.0,2592.0,2955.0,2535.0,2958.0,2651.0,2387.0,2706.0,4.9708085,1,single_row,day,2,,,,
uc3m,train,data_raw/uc3m/train/01245.jpg,,AD-867**GK,867**GK,2254.0,2514.0,2828.0,2461.0,2828.0,2591.0,2260.0,2637.0,4.5282173,1,single_row,day,2,,,,
uc3m,train,data_raw/uc3m/train/01246.jpg,,AD-22*5L*S,22*5L*S,2390.0,2556.0,2956.0,2500.0,2959.0,2621.0,2392.0,2673.0,4.7810235,1,single_row,day,2,,,,
uc3m,train,data_raw/uc3m/train/01247.jpg,,AD-75*6*MP,75*6*MP,4057.0,3845.0,4668.0,3780.0,4671.0,3915.0,4064.0,3968.0,4.7389765,1,single_row,day,2,,,,
uc3m,train,data_raw/uc3m/train/01249.jpg,,AD-*797*HP,*797*HP,4483.0,1211.0,5022.0,1161.0,5025.0,1274.0,4490.0,1327.0,4.7063427,1,single_row,day,2,,,,
uc3m,train,data_raw/uc3m/train/01250.jpg,,AD-95*0*NX,95*0*NX,2482.0,2277.0,3072.0,2225.0,3075.0,2353.0,2490.0,2404.0,4.620316,1,single_row,day,2,,,,
uc3m,train,data_raw/uc3m/train/01252.jpg,,AD-224**DV,224**DV,2425.0,1312.0,3005.0,1241.0,3016.0,1366.0,2431.0,1440.0,4.6288714,1,single_row,day,2,,,,
uc3m,train,data_raw/uc3m/train/01253.jpg,,AD-05*5*MX,05*5*MX,2395.0,1552.0,2982.0,1484.0,2988.0,1603.0,2403.0,1676.0,4.849709,1,single_row,day,2,,,,
uc3m,train,data_raw/uc3m/train/01254.jpg,,AD-4*95*PV,4*95*PV,5222.0,1019.0,5786.0,941.0,5799.0,1067.0,5237.0,1142.0,4.5348783,1,single_row,day,2,,,,
uc3m,train,data_raw/uc3m/train/01255.jpg,,AD-05*6DZ*,05*6DZ*,4061.0,35.0,4594.0,0.0,4599.0,89.0,4061.0,149.0,5.2942877,1,single_row,day,2,,,,
uc3m,train,data_raw/uc3m/train/01255.jpg,,AD-41*5*NN,41*5*NN,2413.0,1894.0,3011.0,1818.0,3014.0,1934.0,2417.0,2021.0,4.9613624,1,single_row,day,2,,,,
uc3m,train,data_raw/uc3m/train/01256.jpg,,AD-05*6DZ*,05*6DZ*,6012.0,1408.0,6586.0,1337.0,6591.0,1461.0,6015.0,1533.0,4.6514893,1,single_row,day,2,,,,
uc3m,train,data_raw/uc3m/train/01257.jpg,,AD-914**BD,914**BD,383.0,3268.0,986.0,3213.0,988.0,3338.0,390.0,3393.0,4.820024,1,single_row,day,2,,,,
uc3m,train,data_raw/uc3m/train/01258.jpg,,AD-*760*NM,*760*NM,2333.0,2278.0,2885.0,2215.0,2887.0,2332.0,2339.0,2394.0,4.7479067,1,single_row,day,2,,,,
uc3m,train,data_raw/uc3m/train/01259.jpg,,AD-666**HN,666**HN,2925.0,1766.0,3539.0,1695.0,3541.0,1826.0,2928.0,1894.0,4.7668386,1,single_row,day,2,,,,
uc3m,train,data_raw/uc3m/train/01261.jpg,,AD-58*4GZ*,58*4GZ*,631.0,2030.0,1352.0,1965.0,1352.0,2107.0,639.0,2179.0,4.946696,1,single_row,day,2,,,,
uc3m,train,data_raw/uc3m/train/01262.jpg,,AD-*360*MB,*360*MB,4920.0,1835.0,5608.0,1762.0,5616.0,1916.0,4925.0,1991.0,4.469787,1,single_row,day,2,,,,
uc3m,train,data_raw/uc3m/train/01263.jpg,,AD-96*6*KY,96*6*KY,1734.0,2697.0,2474.0,2622.0,2475.0,2775.0,1738.0,2852.0,4.8199286,1,single_row,day,2,,,,
uc3m,train,data_raw/uc3m/train/01264.jpg,,AD-11*8*JW,11*8*JW,1742.0,2673.0,2471.0,2593.0,2476.0,2745.0,1743.0,2824.0,4.8521667,1,single_row,day,2,,,,
uc3m,train,data_raw/uc3m/train/01265.jpg,,AD-414**FY,414**FY,2296.0,2609.0,3010.0,2529.0,3012.0,2679.0,2300.0,2758.0,4.7977114,1,single_row,day,2,,,,
uc3m,train,data_raw/uc3m/train/01266.jpg,,AD-0*37KW*,0*37KW*,1628.0,2913.0,2354.0,2829.0,2360.0,2985.0,1633.0,3065.0,4.744462,1,single_row,day,2,,,,
uc3m,train,data_raw/uc3m/train/01268.jpg,,AD-45*6HP*,45*6HP*,5461.0,1864.0,6134.0,1702.0,6154.0,1850.0,5487.0,2015.0,4.55875,1,single_row,day,2,,,,
uc3m,train,data_raw/uc3m/train/01269.jpg,,AD-22*2GP*,22*2GP*,3140.0,2455.0,3658.0,2520.0,3659.0,2631.0,3138.0,2567.0,4.6945004,1,single_row,day,2,,,,
uc3m,train,data_raw/uc3m/train/01270.jpg,,AD-103**CX,103**CX,3268.0,1907.0,3941.0,1986.0,3919.0,2139.0,3252.0,2052.0,4.4941063,1,single_row,day,2,,,,
uc3m,train,data_raw/uc3m/train/01272.jpg,,AD-*797*HP,*797*HP,2054.0,1949.0,2479.0,1831.0,2507.0,1969.0,2080.0,2080.0,3.2156494,1,single_row,day,2,,,,
uc3m,train,data_raw/uc3m/train/01272.jpg,,AD-959**BB,959**BB,3811.0,1308.0,4241.0,1204.0,4262.0,1327.0,3827.0,1438.0,3.4850419,1,single_row,day,2,,,,
uc3m,train,data_raw/uc3m/train/01273.jpg,,AD-M278**T,M278**T,1515.0,2366.0,2184.0,2233.0,2198.0,2368.0,1538.0,2506.0,4.8860292,1,single_row,day,2,,,,
uc3m,train,data_raw/uc3m/train/01273.jpg,,AD-37*2L*X,37*2L*X,5050.0,1073.0,5663.0,933.0,5682.0,1076.0,5066.0,1213.0,4.417867,1,single_row,day,2,,,,
uc3m,train,data_raw/uc3m/train/01274.jpg,,AD-*655KS*,*655KS*,1179.0,2602.0,1845.0,2481.0,1862.0,2628.0,1190.0,2746.0,4.6483846,1,single_row,day,2,,,,
uc3m,train,data_raw/uc3m/train/01274.jpg,,AD-0*66*VW,0*66*VW,3746.0,1198.0,4376.0,1092.0,4385.0,1225.0,3757.0,1336.0,4.6978016,1,single_row,day,2,,,,
uc3m,train,data_raw/uc3m/train/01277.jpg,,AD-67*9*BC,67*9*BC,2752.0,2527.0,3449.0,2405.0,3460.0,2550.0,2764.0,2674.0,4.829393,1,single_row,day,2,,,,
uc3m,train,data_raw/uc3m/train/01278.jpg,,AD-09*4JY*,09*4JY*,2437.0,2842.0,3132.0,2729.0,3138.0,2877.0,2438.0,2991.0,4.756748,1,single_row,day,2,,,,
uc3m,train,data_raw/uc3m/train/01279.jpg,,AD-0*00GT*,0*00GT*,2350.0,2892.0,3057.0,2757.0,3070.0,2900.0,2370.0,3029.0,5.075703,1,single_row,day,2,,,,
uc3m,train,data_raw/uc3m/train/01280.jpg,,AD-96*6JW*,96*6JW*,2772.0,2519.0,3472.0,2401.0,3487.0,2554.0,2785.0,2674.0,4.5979986,1,single_row,day,2,,,,
uc3m,train,data_raw/uc3m/train/01281.jpg,,AD-22*6*NW,22*6*NW,3211.0,2782.0,3907.0,2653.0,3923.0,2809.0,3234.0,2931.0,4.576232,1,single_row,day,2,,,,
uc3m,train,data_raw/uc3m/train/01282.jpg,,AD-96*8*MJ,96*8*MJ,2636.0,2357.0,3340.0,2230.0,3352.0,2384.0,2660.0,2511.0,4.5723596,1,single_row,day,2,,,,
uc3m,train,data_raw/uc3m/train/01283.jpg,,AD-8*04F*R,8*04F*R,1268.0,3325.0,2065.0,3312.0,2057.0,3464.0,1275.0,3479.0,5.154725,1,single_row,day,2,,,,
uc3m,train,data_raw/uc3m/train/01284.jpg,,AD-60*7F*D,60*7F*D,5966.0,2241.0,6660.0,2215.0,6645.0,2372.0,5966.0,2388.0,4.5080667,1,single_row,day,2,,,,
uc3m,train,data_raw/uc3m/train/01285.jpg,,AD-78*1HY*,78*1HY*,1894.0,2287.0,2600.0,2264.0,2591.0,2409.0,1883.0,2430.0,4.900169,1,single_row,day,2,,,,
uc3m,train,data_raw/uc3m/train/01286.jpg,,AD-21*6*DR,21*6*DR,5650.0,2057.0,6342.0,2034.0,6323.0,2185.0,5642.0,2207.0,4.542724,1,single_row,day,2,,,,
uc3m,train,data_raw/uc3m/train/01287.jpg,,AD-*056*NB,*056*NB,1736.0,2455.0,2459.0,2450.0,2448.0,2597.0,1728.0,2602.0,4.89781,1,single_row,day,2,,,,
uc3m,train,data_raw/uc3m/train/01289.jpg,,AD-777**KW,777**KW,2737.0,1991.0,3453.0,1974.0,3445.0,2126.0,2727.0,2138.0,4.788187,1,single_row,day,2,,,,
uc3m,train,data_raw/uc3m/train/01290.jpg,,AD-028*GZ*,028*GZ*,2269.0,2685.0,2957.0,2671.0,2947.0,2820.0,2258.0,2834.0,4.610302,1,single_row,day,2,,,,
uc3m,train,data_raw/uc3m/train/01291.jpg,,AD-82*1*WY,82*1*WY,2284.0,2130.0,2908.0,2120.0,2904.0,2247.0,2281.0,2260.0,4.8511376,1,single_row,day,2,,,,
uc3m,train,data_raw/uc3m/train/01292.jpg,,AD-028*GZ*,028*GZ*,1904.0,3651.0,2634.0,3653.0,2624.0,3804.0,1895.0,3809.0,4.712796,1,single_row,day,2,,,,
uc3m,train,data_raw/uc3m/train/01292.jpg,,AD-*296*XR,*296*XR,4251.0,2281.0,4902.0,2278.0,4884.0,2417.0,4227.0,2412.0,4.7853274,1,single_row,day,2,,,,
uc3m,train,data_raw/uc3m/train/01293.jpg,,AD-028*GZ*,028*GZ*,1975.0,3405.0,2701.0,3396.0,2694.0,3545.0,1978.0,3556.0,4.804025,1,single_row,day,2,,,,
uc3m,train,data_raw/uc3m/train/01293.jpg,,AD-*296*XR,*296*XR,4767.0,2420.0,5428.0,2425.0,5407.0,2555.0,4749.0,2555.0,4.9239182,1,single_row,day,2,,,,
uc3m,train,data_raw/uc3m/train/01294.jpg,,AD-*977J*W,*977J*W,2646.0,2365.0,3373.0,2370.0,3365.0,2526.0,2631.0,2526.0,4.595807,1,single_row,day,2,,,,
uc3m,train,data_raw/uc3m/train/01295.jpg,,AD-65*0LN*,65*0LN*,4986.0,1739.0,5663.0,1732.0,5650.0,1876.0,4967.0,1876.0,4.8075337,1,single_row,day,2,,,,
uc3m,train,data_raw/uc3m/train/01296.jpg,,AD-314**CV,314**CV,2280.0,2385.0,3002.0,2379.0,2993.0,2537.0,2263.0,2535.0,4.6958303,1,single_row,day,2,,,,
uc3m,train,data_raw/uc3m/train/01297.jpg,,AD-0*00*DM,0*00*DM,2146.0,2205.0,2851.0,2208.0,2832.0,2341.0,2130.0,2350.0,5.0210977,1,single_row,day,2,,,,
uc3m,train,data_raw/uc3m/train/01298.jpg,,AD-877**FN,877**FN,2381.0,2254.0,3087.0,2249.0,3084.0,2397.0,2375.0,2405.0,4.7302856,1,single_row,day,2,,,,
uc3m,train,data_raw/uc3m/train/01298.jpg,,AD-205*H*R,205*H*R,4310.0,470.0,4961.0,468.0,4941.0,611.0,4301.0,603.0,4.64916,1,single_row,day,2,,,,
uc3m,train,data_raw/uc3m/train/01299.jpg,,AD-01*6*JW,01*6*JW,3220.0,2690.0,3952.0,2684.0,3930.0,2828.0,3209.0,2836.0,4.974821,1,single_row,day,2,,,,
uc3m,train,data_raw/uc3m/train/01300.jpg,,AD-96*3KW*,96*3KW*,3184.0,2682.0,3912.0,2678.0,3898.0,2826.0,3180.0,2833.0,4.8247557,1,single_row,day,2,,,,
uc3m,train,data_raw/uc3m/train/01301.jpg,,AD-0*86*TT,0*86*TT,4561.0,1077.0,5218.0,1096.0,5201.0,1228.0,4544.0,1212.0,4.8836646,1,single_row,day,2,,,,
uc3m,train,data_raw/uc3m/train/01302.jpg,,AD-33*3LV*,33*3LV*,717.0,2328.0,1434.0,2287.0,1421.0,2425.0,714.0,2471.0,5.0655227,1,single_row,day,2,,,,
uc3m,train,data_raw/uc3m/train/01302.jpg,,AD-46*5LP*,46*5LP*,5407.0,505.0,5878.0,400.0,5871.0,536.0,5397.0,640.0,3.564123,1,single_row,day,2,,,,
uc3m,train,data_raw/uc3m/train/01303.jpg,,AD-35*9*PY,35*9*PY,4565.0,1082.0,5183.0,1062.0,5174.0,1192.0,4553.0,1209.0,4.806776,1,single_row,day,2,,,,
uc3m,train,data_raw/uc3m/train/01304.jpg,,AD-479**WN,479**WN,1085.0,2002.0,1734.0,1976.0,1726.0,2111.0,1080.0,2132.0,4.8839083,1,single_row,day,2,,,,
uc3m,train,data_raw/uc3m/train/01304.jpg,,AD-68*8*BM,68*8*BM,3957.0,1103.0,4573.0,1079.0,4563.0,1213.0,3955.0,1232.0,4.650036,1,single_row,day,2,,,,
uc3m,train,data_raw/uc3m/train/01305.jpg,,AD-958**RZ,958**RZ,1332.0,3084.0,2029.0,3064.0,2023.0,3206.0,1323.0,3224.0,4.948444,1,single_row,day,2,,,,
uc3m,train,data_raw/uc3m/train/01308.jpg,,AD-140*G*M,140*G*M,2679.0,3192.0,3364.0,3170.0,3362.0,3311.0,2675.0,3325.0,5.00775,1,single_row,day,2,,,,
uc3m,train,data_raw/uc3m/train/01309.jpg,,AD-166*DM*,166*DM*,1837.0,3137.0,2529.0,3128.0,2517.0,3265.0,1834.0,3281.0,4.8844523,1,single_row,day,2,,,,
uc3m,train,data_raw/uc3m/train/01310.jpg,,AD-60*3KV*,60*3KV*,1617.0,2307.0,2291.0,2297.0,2280.0,2439.0,1606.0,2448.0,4.7493963,1,single_row,day,2,,,,
uc3m,train,data_raw/uc3m/train/01311.jpg,,AD-677*LV*,677*LV*,884.0,4492.0,1607.0,4382.0,1631.0,4539.0,896.0,4638.0,4.8243685,1,single_row,day,2,,,,
uc3m,train,data_raw/uc3m/train/01312.jpg,,AD-25*5*DR,25*5*DR,3569.0,267.0,4186.0,190.0,4193.0,324.0,3577.0,395.0,4.7321296,1,single_row,day,2,,,,
uc3m,train,data_raw/uc3m/train/01313.jpg,,AD-*797*HP,*797*HP,1724.0,1059.0,2044.0,1016.0,2051.0,1125.0,1734.0,1168.0,2.9393291,1,single_row,day,2,,,,
uc3m,train,data_raw/uc3m/train/01313.jpg,,AD-959**BB,959**BB,3068.0,751.0,3390.0,712.0,3398.0,816.0,3068.0,852.0,3.1967263,1,single_row,day,2,,,,
uc3m,train,data_raw/uc3m/train/01313.jpg,,AD-56*1*KS,56*1*KS,4889.0,2510.0,5378.0,2604.0,5366.0,2714.0,4875.0,2620.0,4.5042434,1,single_row,day,2,,,,
uc3m,train,data_raw/uc3m/train/01314.jpg,,AD-66*4LV*,66*4LV*,1564.0,1687.0,2226.0,1650.0,2226.0,1778.0,1556.0,1819.0,5.127095,1,single_row,day,2,,,,
uc3m,train,data_raw/uc3m/train/01315.jpg,,AD-66*4LV*,66*4LV*,1909.0,1552.0,2618.0,1485.0,2611.0,1631.0,1895.0,1695.0,4.937059,1,single_row,day,2,,,,
uc3m,train,data_raw/uc3m/train/01316.jpg,,AD-4*66*JZ,4*66*JZ,6022.0,1606.0,6729.0,1536.0,6725.0,1702.0,6014.0,1770.0,4.3140974,1,single_row,day,2,,,,
uc3m,train,data_raw/uc3m/train/01317.jpg,,AD-85*4*HH,85*4*HH,3041.0,2522.0,3778.0,2445.0,3774.0,2599.0,3034.0,2671.0,4.8958645,1,single_row,day,2,,,,
uc3m,train,data_raw/uc3m/train/01318.jpg,,AD-*095*NR,*095*NR,3004.0,3321.0,3767.0,3257.0,3764.0,3417.0,2995.0,3485.0,4.7419033,1,single_row,day,2,,,,
uc3m,train,data_raw/uc3m/train/01320.jpg,,AD-27*2*CS,27*2*CS,3052.0,2098.0,3776.0,2029.0,3777.0,2182.0,3047.0,2252.0,4.756442,1,single_row,day,2,,,,
uc3m,train,data_raw/uc3m/train/01321.jpg,,AD-336**PN,336**PN,4923.0,3295.0,5678.0,3215.0,5671.0,3376.0,4915.0,3447.0,4.8459954,1,single_row,day,2,,,,
uc3m,train,data_raw/uc3m/train/01323.jpg,,AD-309**SN,309**SN,4163.0,2981.0,4896.0,2912.0,4896.0,3074.0,4171.0,3141.0,4.544787,1,single_row,day,2,,,,
uc3m,train,data_raw/uc3m/train/01324.jpg,,AD-22*2*CD,22*2*CD,2731.0,3021.0,3449.0,2931.0,3444.0,3068.0,2731.0,3159.0,5.24336,1,single_row,day,2,,,,
uc3m,train,data_raw/uc3m/train/01325.jpg,,AD-535**RW,535**RW,4607.0,2082.0,5284.0,2014.0,5287.0,2168.0,4604.0,2222.0,4.643718,1,single_row,day,2,,,,
uc3m,train,data_raw/uc3m/train/01326.jpg,,AD-915*H*H,915*H*H,2864.0,2845.0,3332.0,2807.0,3336.0,2965.0,2862.0,2990.0,3.115506,1,single_row,day,2,,,,
uc3m,train,data_raw/uc3m/train/01327.jpg,,AD-97*2JT*,97*2JT*,2691.0,3186.0,3423.0,3113.0,3434.0,3275.0,2700.0,3345.0,4.5797114,1,single_row,day,2,,,,
uc3m,train,data_raw/uc3m/train/01328.jpg,,AD-304*J*V,304*J*V,2387.0,3101.0,3097.0,3021.0,3107.0,3179.0,2402.0,3257.0,4.519471,1,single_row,day,2,,,,
uc3m,train,data_raw/uc3m/train/01329.jpg,,AD-05*8D*Y,05*8D*Y,2236.0,3274.0,2944.0,3192.0,2952.0,3339.0,2241.0,3420.0,4.869815,1,single_row,day,2,,,,
uc3m,train,data_raw/uc3m/train/01330.jpg,,AD-57*5J*P,57*5J*P,3573.0,3852.0,4310.0,3757.0,4310.0,3914.0,3589.0,4008.0,4.684874,1,single_row,day,2,,,,
uc3m,train,data_raw/uc3m/train/01331.jpg,,AD-4*48LN*,4*48LN*,2106.0,3590.0,2815.0,3499.0,2821.0,3647.0,2107.0,3731.0,4.958892,1,single_row,day,2,,,,
uc3m,train,data_raw/uc3m/train/01332.jpg,,AD-20*0*CP,20*0*CP,2255.0,3155.0,2955.0,3077.0,2962.0,3222.0,2262.0,3300.0,4.851814,1,single_row,day,2,,,,
uc3m,train,data_raw/uc3m/train/01333.jpg,,AD-044**CJ,044**CJ,6132.0,2594.0,6601.0,2456.0,6600.0,2591.0,6125.0,2711.0,3.880867,1,single_row,day,2,,,,
uc3m,train,data_raw/uc3m/train/01334.jpg,,AD-*519LR*,*519LR*,2855.0,2454.0,3419.0,2394.0,3421.0,2510.0,2854.0,2561.0,5.0957837,1,single_row,day,2,,,,
uc3m,train,data_raw/uc3m/train/01335.jpg,,AD-*060*WT,*060*WT,1848.0,2123.0,2398.0,2086.0,2394.0,2195.0,1846.0,2227.0,5.1629047,1,single_row,day,2,,,,
uc3m,train,data_raw/uc3m/train/01336.jpg,,AD-15*9*GL,15*9*GL,2747.0,2449.0,3313.0,2399.0,3314.0,2516.0,2750.0,2565.0,4.867464,1,single_row,day,2,,,,
uc3m,train,data_raw/uc3m/train/01337.jpg,,AD-3*47*JF,3*47*JF,4259.0,1610.0,4790.0,1559.0,4787.0,1672.0,4256.0,1716.0,4.866955,1,single_row,day,2,,,,
uc3m,train,data_raw/uc3m/train/01338.jpg,,AD-319**HC,319**HC,2006.0,2821.0,2575.0,2763.0,2580.0,2882.0,2007.0,2933.0,4.9639406,1,single_row,day,2,,,,
uc3m,train,data_raw/uc3m/train/01340.jpg,,AD-M905*Z*,M905*Z*,2632.0,2838.0,3200.0,2770.0,3200.0,2881.0,2629.0,2945.0,5.258763,1,single_row,day,2,,,,
uc3m,train,data_raw/uc3m/train/01342.jpg,,AD-822*HP*,822*HP*,1924.0,2110.0,2469.0,2045.0,2472.0,2160.0,1926.0,2213.0,5.0327253,1,single_row,day,2,,,,
uc3m,train,data_raw/uc3m/train/01343.jpg,,AD-622**LM,622**LM,1161.0,2074.0,1693.0,2012.0,1702.0,2125.0,1159.0,2183.0,4.8642325,1,single_row,day,2,,,,
uc3m,train,data_raw/uc3m/train/01344.jpg,,AD-*295*CY,*295*CY,2583.0,2510.0,3129.0,2447.0,3133.0,2554.0,2582.0,2613.0,5.254068,1,single_row,day,2,,,,
uc3m,train,data_raw/uc3m/train/01346.jpg,,AD-2*44*GN,2*44*GN,3015.0,2391.0,3568.0,2324.0,3570.0,2435.0,3012.0,2496.0,5.176173,1,single_row,day,2,,,,
uc3m,train,data_raw/uc3m/train/01347.jpg,,AD-743*K*J,743*K*J,2386.0,2291.0,2945.0,2224.0,2952.0,2335.0,2389.0,2397.0,5.1983304,1,single_row,day,2,,,,
uc3m,train,data_raw/uc3m/train/01349.jpg,,AD-564**JR,564**JR,3684.0,1303.0,4199.0,1249.0,4201.0,1358.0,3681.0,1403.0,4.9734535,1,single_row,day,2,,,,
uc3m,train,data_raw/uc3m/train/01350.jpg,,AD-44*1LR*,44*1LR*,2362.0,3090.0,2961.0,3031.0,2961.0,3151.0,2365.0,3208.0,5.043806,1,single_row,day,2,,,,
uc3m,train,data_raw/uc3m/train/01350.jpg,,AD-564**JR,564**JR,5748.0,2765.0,6298.0,2696.0,6300.0,2811.0,5746.0,2873.0,4.984712,1,single_row,day,2,,,,
uc3m,train,data_raw/uc3m/train/01351.jpg,,AD-249*K*K,249*K*K,2560.0,2472.0,3108.0,2404.0,3116.0,2519.0,2563.0,2576.0,5.052557,1,single_row,day,2,,,,
uc3m,train,data_raw/uc3m/train/01352.jpg,,AD-871*LL*,871*LL*,3932.0,1660.0,4461.0,1608.0,4464.0,1719.0,3930.0,1763.0,4.9862638,1,single_row,day,2,,,,
uc3m,train,data_raw/uc3m/train/01353.jpg,,AD-03*6C*H,03*6C*H,1699.0,2551.0,2258.0,2511.0,2260.0,2618.0,1697.0,2657.0,5.2797194,1,single_row,day,2,,,,
uc3m,train,data_raw/uc3m/train/01354.jpg,,AD-220*L*V,220*L*V,2338.0,2170.0,2883.0,2127.0,2886.0,2234.0,2338.0,2284.0,4.962721,1,single_row,day,2,,,,
uc3m,train,data_raw/uc3m/train/01355.jpg,,AD-456**HV,456**HV,4831.0,1278.0,5356.0,1220.0,5360.0,1331.0,4830.0,1382.0,4.9314566,1,single_row,day,2,,,,
uc3m,train,data_raw/uc3m/train/01356.jpg,,AD-036**KZ,036**KZ,3106.0,2665.0,3683.0,2592.0,3684.0,2714.0,3106.0,2778.0,4.949412,1,single_row,day,2,,,,
uc3m,train,data_raw/uc3m/train/01357.jpg,,AD-*119*XZ,*119*XZ,3134.0,2495.0,3719.0,2428.0,3717.0,2543.0,3133.0,2604.0,5.2494917,1,single_row,day,2,,,,
uc3m,train,data_raw/uc3m/train/01358.jpg,,AD-*395*PY,*395*PY,2123.0,1081.0,2652.0,1025.0,2658.0,1136.0,2122.0,1185.0,4.9737725,1,single_row,day,2,,,,
uc3m,train,data_raw/uc3m/train/01359.jpg,,AD-1*01D*X,1*01D*X,2919.0,1658.0,3473.0,1604.0,3475.0,1714.0,2919.0,1768.0,5.0688615,1,single_row,day,2,,,,
uc3m,train,data_raw/uc3m/train/01360.jpg,,AD-3*13*RM,3*13*RM,3658.0,2795.0,4255.0,2732.0,4251.0,2855.0,3653.0,2907.0,5.104979,1,single_row,day,2,,,,
uc3m,train,data_raw/uc3m/train/01361.jpg,,AD-702*K*V,702*K*V,3952.0,2261.0,4525.0,2201.0,4529.0,2317.0,3951.0,2372.0,5.0941386,1,single_row,day,2,,,,
uc3m,train,data_raw/uc3m/train/01362.jpg,,AD-6*03*FZ,6*03*FZ,4307.0,2774.0,4899.0,2705.0,4903.0,2824.0,4307.0,2883.0,5.2393365,1,single_row,day,2,,,,
uc3m,train,data_raw/uc3m/train/01364.jpg,,AD-*454*DK,*454*DK,5728.0,2969.0,6302.0,2888.0,6304.0,3011.0,5730.0,3080.0,4.9472213,1,single_row,day,2,,,,
uc3m,train,data_raw/uc3m/train/01365.jpg,,AD-*451D*L,*451D*L,2418.0,1070.0,2965.0,1035.0,2963.0,1140.0,2418.0,1172.0,5.2848144,1,single_row,day,2,,,,
uc3m,train,data_raw/uc3m/train/01366.jpg,,AD-41*4*HD,41*4*HD,2377.0,2324.0,2940.0,2283.0,2947.0,2395.0,2378.0,2433.0,5.1294746,1,single_row,day,2,,,,
uc3m,train,data_raw/uc3m/train/01367.jpg,,AD-630**RT,630**RT,2317.0,2034.0,2864.0,1993.0,2862.0,2106.0,2313.0,2140.0,5.0142426,1,single_row,day,2,,,,
uc3m,train,data_raw/uc3m/train/01368.jpg,,AD-*418D*K,*418D*K,2112.0,2250.0,2668.0,2213.0,2670.0,2326.0,2113.0,2360.0,5.000696,1,single_row,day,2,,,,
uc3m,train,data_raw/uc3m/train/01369.jpg,,AD-31*8*FS,31*8*FS,2407.0,2251.0,2952.0,2210.0,2956.0,2320.0,2400.0,2360.0,5.034158,1,single_row,day,2,,,,
uc3m,train,data_raw/uc3m/train/01370.jpg,,AD-2*58LT*,2*58LT*,2577.0,2617.0,3134.0,2580.0,3136.0,2684.0,2569.0,2721.0,5.407059,1,single_row,day,2,,,,
uc3m,train,data_raw/uc3m/train/01371.jpg,,AD-4*06LL*,4*06LL*,2008.0,1905.0,2547.0,1867.0,2549.0,1971.0,2004.0,2009.0,5.2219186,1,single_row,day,2,,,,
uc3m,train,data_raw/uc3m/train/01372.jpg,,AD-6*11*JG,6*11*JG,1709.0,1909.0,2243.0,1863.0,2243.0,1971.0,1708.0,2014.0,5.0360513,1,single_row,day,2,,,,
uc3m,train,data_raw/uc3m/train/01373.jpg,,AD-*443*RX,*443*RX,2008.0,2295.0,2567.0,2251.0,2564.0,2365.0,2006.0,2406.0,4.977543,1,single_row,day,2,,,,
uc3m,train,data_raw/uc3m/train/01373.jpg,,AD-821**MG,821**MG,3336.0,716.0,3848.0,680.0,3846.0,789.0,3339.0,830.0,4.581409,1,single_row,day,2,,,,
uc3m,train,data_raw/uc3m/train/01374.jpg,,AD-92*6B*F,92*6B*F,1526.0,1678.0,2061.0,1637.0,2062.0,1744.0,1527.0,1780.0,5.1326766,1,single_row,day,2,,,,
uc3m,train,data_raw/uc3m/train/01375.jpg,,AD-53*6KX*,53*6KX*,6304.0,3559.0,6882.0,3500.0,6879.0,3627.0,6303.0,3669.0,4.8874993,1,single_row,day,2,,,,
uc3m,train,data_raw/uc3m/train/01376.jpg,,AD-474**RR,474**RR,2290.0,2395.0,2852.0,2349.0,2854.0,2461.0,2291.0,2504.0,5.1059027,1,single_row,day,2,,,,
uc3m,train,data_raw/uc3m/train/01377.jpg,,AD-M3*44Z*,M3*44Z*,2058.0,1587.0,2599.0,1546.0,2599.0,1650.0,2057.0,1690.0,5.2463765,1,single_row,day,2,,,,
uc3m,train,data_raw/uc3m/train/01378.jpg,,AD-58*4*BR,58*4*BR,3038.0,2620.0,3622.0,2568.0,3626.0,2693.0,3040.0,2736.0,4.869255,1,single_row,day,2,,,,
uc3m,train,data_raw/uc3m/train/01378.jpg,,AD-264**DT,264**DT,6642.0,562.0,6945.0,446.0,6942.0,553.0,6641.0,660.0,3.1402452,1,single_row,day,2,,,,
uc3m,train,data_raw/uc3m/train/01380.jpg,,AD-8*53LM*,8*53LM*,2236.0,2405.0,2809.0,2355.0,2812.0,2475.0,2232.0,2521.0,4.9003263,1,single_row,day,2,,,,
uc3m,train,data_raw/uc3m/train/01380.jpg,,AD-264**DT,264**DT,5991.0,848.0,6351.0,740.0,6351.0,851.0,5989.0,948.0,3.5571115,1,single_row,day,2,,,,
uc3m,train,data_raw/uc3m/train/01381.jpg,,AD-955*KZ*,955*KZ*,2960.0,2724.0,3540.0,2669.0,3540.0,2786.0,2960.0,2841.0,4.9795036,1,single_row,day,2,,,,
uc3m,train,data_raw/uc3m/train/01381.jpg,,AD-264**DT,264**DT,5946.0,859.0,6308.0,754.0,6305.0,863.0,5945.0,959.0,3.5853336,1,single_row,day,2,,,,
uc3m,train,data_raw/uc3m/train/01382.jpg,,AD-866**NM,866**NM,1782.0,3119.0,2477.0,3077.0,2470.0,3218.0,1771.0,3251.0,5.1019278,1,single_row,day,2,,,,
uc3m,train,data_raw/uc3m/train/01383.jpg,,AD-015**JW,015**JW,1334.0,2236.0,2002.0,2195.0,2005.0,2327.0,1330.0,2364.0,5.172196,1,single_row,day,2,,,,
uc3m,train,data_raw/uc3m/train/01383.jpg,,AD-66*8*MB,66*8*MB,4301.0,1277.0,4910.0,1245.0,4908.0,1363.0,4294.0,1400.0,5.0782456,1,single_row,day,2,,,,
uc3m,train,data_raw/uc3m/train/01385.jpg,,AD-47*4H*J,47*4H*J,464.0,1596.0,1082.0,1559.0,1084.0,1685.0,460.0,1717.0,5.034469,1,single_row,day,2,,,,
uc3m,train,data_raw/uc3m/train/01386.jpg,,AD-27*3*GM,27*3*GM,2095.0,2688.0,2736.0,2595.0,2740.0,2723.0,2101.0,2810.0,5.1660886,1,single_row,day,2,,,,
uc3m,train,data_raw/uc3m/train/01386.jpg,,AD-625**LM,625**LM,5772.0,2220.0,6373.0,2123.0,6377.0,2247.0,5772.0,2339.0,5.022258,1,single_row,day,2,,,,
uc3m,train,data_raw/uc3m/train/01387.jpg,,AD-849*C*B,849*C*B,2474.0,4087.0,3172.0,3958.0,3176.0,4095.0,2480.0,4221.0,5.2255607,1,single_row,day,2,,,,
uc3m,train,data_raw/uc3m/train/01387.jpg,,AD-0*12*ND,0*12*ND,6407.0,1433.0,6926.0,1281.0,6935.0,1407.0,6414.0,1558.0,4.3068333,1,single_row,day,2,,,,
uc3m,train,data_raw/uc3m/train/01388.jpg,,AD-6*05KW*,6*05KW*,988.0,2007.0,1618.0,1898.0,1622.0,2018.0,993.0,2127.0,5.3201075,1,single_row,day,2,,,,
uc3m,train,data_raw/uc3m/train/01389.jpg,,AD-50*4*VX,50*4*VX,3348.0,888.0,3959.0,792.0,3968.0,917.0,3354.0,1010.0,5.008663,1,single_row,day,2,,,,
uc3m,train,data_raw/uc3m/train/01390.jpg,,AD-92*9*VX,92*9*VX,1346.0,2572.0,2000.0,2470.0,2004.0,2596.0,1353.0,2694.0,5.31789,1,single_row,day,2,,,,
uc3m,train,data_raw/uc3m/train/01391.jpg,,AD-7*96LV*,7*96LV*,1448.0,2089.0,2074.0,1975.0,2093.0,2106.0,1460.0,2211.0,5.012346,1,single_row,day,2,,,,
uc3m,train,data_raw/uc3m/train/01392.jpg,,AD-2*53HW*,2*53HW*,1519.0,2292.0,2173.0,2168.0,2194.0,2299.0,1539.0,2421.0,5.0602093,1,single_row,day,2,,,,
uc3m,train,data_raw/uc3m/train/01393.jpg,,AD-555**LZ,555**LZ,1664.0,2368.0,2318.0,2243.0,2335.0,2380.0,1673.0,2496.0,5.0228677,1,single_row,day,2,,,,
uc3m,train,data_raw/uc3m/train/01394.jpg,,AD-5*99G*J,5*99G*J,4151.0,1411.0,4767.0,1308.0,4775.0,1430.0,4161.0,1533.0,5.0971723,1,single_row,day,2,,,,
uc3m,train,data_raw/uc3m/train/01396.jpg,,AD-2*91*SH,2*91*SH,2235.0,2575.0,2888.0,2456.0,2908.0,2587.0,2245.0,2703.0,5.1237445,1,single_row,day,2,,,,
uc3m,train,data_raw/uc3m/train/01397.jpg,,AD-828**BW,828**BW,1582.0,3072.0,2252.0,2943.0,2268.0,3079.0,1595.0,3208.0,4.999152,1,single_row,day,2,,,,
uc3m,train,data_raw/uc3m/train/01397.jpg,,AD-687**VZ,687**VZ,2272.0,440.0,2860.0,337.0,2872.0,462.0,2283.0,558.0,4.890588,1,single_row,day,2,,,,
uc3m,train,data_raw/uc3m/train/01398.jpg,,AD-687**VZ,687**VZ,3676.0,1352.0,4286.0,1238.0,4300.0,1368.0,3685.0,1478.0,4.844237,1,single_row,day,2,,,,
uc3m,train,data_raw/uc3m/train/01399.jpg,,AD-052*FX*,052*FX*,2808.0,4036.0,3503.0,3886.0,3529.0,4028.0,2831.0,4176.0,4.9767118,1,single_row,day,2,,,,
uc3m,train,data_raw/uc3m/train/01400.jpg,,AD-7*00LR*,7*00LR*,1649.0,2603.0,2304.0,2486.0,2321.0,2620.0,1662.0,2738.0,4.931126,1,single_row,day,2,,,,
uc3m,train,data_raw/uc3m/train/01402.jpg,,AD-62*0H*D,62*0H*D,1911.0,2583.0,2539.0,2479.0,2550.0,2597.0,1919.0,2699.0,5.43362,1,single_row,day,2,,,,
uc3m,train,data_raw/uc3m/train/01403.jpg,,AD-344**JD,344**JD,1821.0,2373.0,2448.0,2264.0,2456.0,2394.0,1830.0,2495.0,5.030137,1,single_row,day,2,,,,
uc3m,train,data_raw/uc3m/train/01405.jpg,,AD-795*J*M,795*J*M,1284.0,1981.0,1918.0,1877.0,1930.0,2010.0,1292.0,2119.0,4.7455873,1,single_row,day,2,,,,
uc3m,train,data_raw/uc3m/train/01406.jpg,,AD-972*LH*,972*LH*,1612.0,2282.0,2250.0,2164.0,2260.0,2293.0,1620.0,2398.0,5.2811327,1,single_row,day,2,,,,
uc3m,train,data_raw/uc3m/train/01407.jpg,,AD-*105*FC,*105*FC,1174.0,2048.0,1795.0,1936.0,1815.0,2066.0,1185.0,2173.0,4.9415526,1,single_row,day,2,,,,
uc3m,train,data_raw/uc3m/train/01408.jpg,,AD-*757JX*,*757JX*,1395.0,2138.0,2029.0,2019.0,2045.0,2152.0,1405.0,2257.0,5.105516,1,single_row,day,2,,,,
uc3m,train,data_raw/uc3m/train/01409.jpg,,AD-3*56*XV,3*56*XV,2276.0,2421.0,2909.0,2304.0,2917.0,2426.0,2281.0,2543.0,5.280614,1,single_row,day,2,,,,
uc3m,train,data_raw/uc3m/train/01410.jpg,,AD-74*9H*R,74*9H*R,2068.0,2686.0,2711.0,2574.0,2718.0,2704.0,2067.0,2809.0,5.1822047,1,single_row,day,2,,,,
uc3m,train,data_raw/uc3m/train/01411.jpg,,AD-05*3*ZT,05*3*ZT,1789.0,2109.0,2417.0,1985.0,2430.0,2110.0,1797.0,2228.0,5.2421613,1,single_row,day,2,,,,
uc3m,train,data_raw/uc3m/train/01412.jpg,,AD-979**RT,979**RT,3846.0,1062.0,4437.0,956.0,4447.0,1081.0,3852.0,1182.0,4.903057,1,single_row,day,2,,,,
uc3m,train,data_raw/uc3m/train/01413.jpg,,AD-*151*JN,*151*JN,1369.0,2526.0,2022.0,2409.0,2034.0,2540.0,1384.0,2662.0,4.93622,1,single_row,day,2,,,,
uc3m,train,data_raw/uc3m/train/01413.jpg,,AD-979**RT,979**RT,6198.0,2512.0,6834.0,2388.0,6844.0,2526.0,6207.0,2634.0,4.9639387,1,single_row,day,2,,,,
uc3m,train,data_raw/uc3m/train/01415.jpg,,AD-11*6L*X,11*6L*X,4777.0,4518.0,5485.0,4375.0,5498.0,4526.0,4786.0,4635.0,5.3647065,1,single_row,day,2,,,,
uc3m,train,data_raw/uc3m/train/01415.jpg,,AD-BR0*0*S,BR0*0*S,4226.0,1350.0,4851.0,1243.0,4864.0,1380.0,4239.0,1484.0,4.6564274,1,single_row,day,2,,,,
uc3m,train,data_raw/uc3m/train/01416.jpg,,AD-115**XX,115**XX,655.0,2644.0,1303.0,2533.0,1319.0,2660.0,664.0,2766.0,5.27676,1,single_row,day,2,,,,
uc3m,train,data_raw/uc3m/train/01416.jpg,,AD-70*1D*S,70*1D*S,4162.0,1397.0,4758.0,1286.0,4773.0,1412.0,4172.0,1516.0,4.937617,1,single_row,day,2,,,,
uc3m,train,data_raw/uc3m/train/01418.jpg,,AD-5*05KX*,5*05KX*,2302.0,2736.0,2945.0,2618.0,2963.0,2751.0,2313.0,2867.0,4.9459476,1,single_row,day,2,,,,
uc3m,train,data_raw/uc3m/train/01419.jpg,,AD-55*0K*P,55*0K*P,2176.0,2341.0,2823.0,2223.0,2838.0,2355.0,2184.0,2463.0,5.176284,1,single_row,day,2,,,,
uc3m,train,data_raw/uc3m/train/01420.jpg,,AD-44*8KP*,44*8KP*,6224.0,1981.0,6862.0,1896.0,6865.0,2039.0,6222.0,2119.0,4.5956717,1,single_row,day,2,,,,
uc3m,train,data_raw/uc3m/train/01421.jpg,,AD-61*8*BY,61*8*BY,1305.0,1526.0,1952.0,1449.0,1958.0,1576.0,1304.0,1654.0,5.1351104,1,single_row,day,2,,,,
uc3m,train,data_raw/uc3m/train/01422.jpg,,AD-504**CV,504**CV,348.0,1593.0,944.0,1493.0,955.0,1618.0,355.0,1719.0,4.8187585,1,single_row,day,2,,,,
uc3m,train,data_raw/uc3m/train/01426.jpg,,AD-6*26*FC,6*26*FC,1036.0,3305.0,1662.0,3187.0,1672.0,3313.0,1039.0,3425.0,5.1935124,1,single_row,day,2,,,,
uc3m,train,data_raw/uc3m/train/01427.jpg,,AD-475**JZ,475**JZ,1423.0,3620.0,2068.0,3489.0,2076.0,3618.0,1431.0,3743.0,5.2084327,1,single_row,day,2,,,,
uc3m,train,data_raw/uc3m/train/01428.jpg,,AD-446**HS,446**HS,1091.0,3008.0,1738.0,2881.0,1753.0,3017.0,1105.0,3144.0,4.82437,1,single_row,day,2,,,,
uc3m,train,data_raw/uc3m/train/01429.jpg,,AD-3*16*VY,3*16*VY,1694.0,2820.0,2327.0,2694.0,2343.0,2821.0,1708.0,2946.0,5.073429,1,single_row,day,2,,,,
uc3m,train,data_raw/uc3m/train/01430.jpg,,AD-398*F*X,398*F*X,3511.0,1150.0,4100.0,1033.0,4109.0,1158.0,3524.0,1266.0,4.9386287,1,single_row,day,2,,,,
uc3m,train,data_raw/uc3m/train/01430.jpg,,AD-897**JM,897**JM,44.0,2101.0,667.0,1978.0,683.0,2108.0,63.0,2235.0,4.760791,1,single_row,day,2,,,,
uc3m,train,data_raw/uc3m/train/01431.jpg,,AD-887**CT,887**CT,1151.0,2547.0,1788.0,2422.0,1808.0,2553.0,1167.0,2673.0,5.014009,1,single_row,day,2,,,,
uc3m,train,data_raw/uc3m/train/01432.jpg,,AD-49*0*HN,49*0*HN,2107.0,2726.0,2745.0,2599.0,2759.0,2725.0,2116.0,2853.0,5.14036,1,single_row,day,2,,,,
uc3m,train,data_raw/uc3m/train/01434.jpg,,AD-86*2K*J,86*2K*J,1770.0,2513.0,2411.0,2375.0,2433.0,2504.0,1790.0,2648.0,4.91746,1,single_row,day,2,,,,
uc3m,train,data_raw/uc3m/train/01435.jpg,,AD-416**GM,416**GM,1969.0,2462.0,2599.0,2325.0,2614.0,2444.0,1978.0,2579.0,5.4570727,1,single_row,day,2,,,,
uc3m,train,data_raw/uc3m/train/01436.jpg,,AD-95*5KY*,95*5KY*,3052.0,2024.0,3682.0,1882.0,3700.0,2015.0,3063.0,2150.0,4.9750443,1,single_row,day,2,,,,
uc3m,train,data_raw/uc3m/train/01440.jpg,,AD-398**TV,398**TV,721.0,3750.0,1326.0,3813.0,1316.0,3955.0,709.0,3886.0,4.3717017,1,single_row,day,2,,,,
uc3m,train,data_raw/uc3m/train/01440.jpg,,AD-29*7*GK,29*7*GK,4174.0,1029.0,4739.0,1056.0,4732.0,1187.0,4168.0,1162.0,4.275838,1,single_row,day,2,,,,
uc3m,train,data_raw/uc3m/train/01441.jpg,,AD-745*CS*,745*CS*,2825.0,944.0,3407.0,982.0,3401.0,1115.0,2815.0,1068.0,4.5473747,1,single_row,day,2,,,,
uc3m,train,data_raw/uc3m/train/01442.jpg,,AD-*099K*M,*099K*M,2056.0,568.0,2540.0,590.0,2546.0,706.0,2060.0,672.0,4.41211,1,single_row,day,2,,,,
uc3m,train,data_raw/uc3m/train/01443.jpg,,AD-95*0*JD,95*0*JD,2203.0,3014.0,2792.0,3043.0,2789.0,3180.0,2202.0,3142.0,4.4444485,1,single_row,day,2,,,,
uc3m,train,data_raw/uc3m/train/01443.jpg,,AD-40*2*MB,40*2*MB,2035.0,841.0,2544.0,866.0,2558.0,986.0,2047.0,952.0,4.395339,1,single_row,day,2,,,,
uc3m,train,data_raw/uc3m/train/01444.jpg,,AD-71*7LR*,71*7LR*,2510.0,1262.0,3102.0,1288.0,3102.0,1427.0,2512.0,1388.0,4.467122,1,single_row,day,2,,,,
uc3m,train,data_raw/uc3m/train/01446.jpg,,AD-*026HZ*,*026HZ*,3328.0,2119.0,4028.0,2038.0,4028.0,2183.0,3328.0,2256.0,4.994564,1,single_row,day,2,,,,
uc3m,train,data_raw/uc3m/train/01448.jpg,,AD-97*3F*H,97*3F*H,2296.0,2988.0,2943.0,2879.0,2957.0,3014.0,2296.0,3118.0,4.9873137,1,single_row,day,2,,,,
uc3m,train,data_raw/uc3m/train/01449.jpg,,AD-352**VP,352**VP,4573.0,1621.0,5186.0,1525.0,5190.0,1645.0,4583.0,1742.0,5.1150293,1,single_row,day,2,,,,
uc3m,train,data_raw/uc3m/train/01450.jpg,,AD-2*96*NZ,2*96*NZ,1816.0,2913.0,2474.0,2816.0,2478.0,2942.0,1820.0,3041.0,5.23566,1,single_row,day,2,,,,
uc3m,train,data_raw/uc3m/train/01451.jpg,,AD-762**FH,762**FH,2469.0,2694.0,3122.0,2588.0,3129.0,2722.0,2477.0,2824.0,4.9974833,1,single_row,day,2,,,,
uc3m,train,data_raw/uc3m/train/01452.jpg,,AD-61*1L*L,61*1L*L,2388.0,3048.0,3058.0,2930.0,3069.0,3067.0,2397.0,3182.0,5.0123897,1,single_row,day,2,,,,
uc3m,train,data_raw/uc3m/train/01453.jpg,,AD-751*HV*,751*HV*,3745.0,3346.0,4420.0,3227.0,4429.0,3365.0,3758.0,3475.0,5.095666,1,single_row,day,2,,,,
uc3m,train,data_raw/uc3m/train/01455.jpg,,AD-45*3HP*,45*3HP*,4658.0,2205.0,5292.0,2081.0,5305.0,2211.0,4668.0,2329.0,5.0729065,1,single_row,day,2,,,,
uc3m,train,data_raw/uc3m/train/01456.jpg,,AD-64*4*RT,64*4*RT,2902.0,4442.0,3606.0,4333.0,3619.0,4465.0,2907.0,4572.0,5.4518228,1,single_row,day,2,,,,
uc3m,train,data_raw/uc3m/train/01462.jpg,,AD-*881L*Y,*881L*Y,3613.0,3565.0,4269.0,3444.0,4276.0,3569.0,3617.0,3688.0,5.384353,1,single_row,day,2,,,,
uc3m,train,data_raw/uc3m/train/01462.jpg,,AD-5*05*CJ,5*05*CJ,5488.0,1262.0,5840.0,1092.0,5850.0,1215.0,5489.0,1373.0,3.3486736,1,single_row,day,2,,,,
uc3m,train,data_raw/uc3m/train/01463.jpg,,AD-*881L*Y,*881L*Y,3958.0,2913.0,4612.0,2782.0,4621.0,2914.0,3963.0,3039.0,5.173103,1,single_row,day,2,,,,
uc3m,train,data_raw/uc3m/train/01463.jpg,,AD-290*J*B,290*J*B,6100.0,1380.0,6698.0,1265.0,6712.0,1394.0,6110.0,1500.0,4.87749,1,single_row,day,2,,,,
uc3m,train,data_raw/uc3m/train/01463.jpg,,AD-377*LP*,377*LP*,965.0,866.0,1556.0,756.0,1496.0,896.0,974.0,981.0,4.2217546,1,single_row,day,2,,,,
uc3m,train,data_raw/uc3m/train/01464.jpg,,AD-*881L*Y,*881L*Y,3919.0,4157.0,4576.0,4014.0,4585.0,4147.0,3929.0,4282.0,5.187905,1,single_row,day,2,,,,
uc3m,train,data_raw/uc3m/train/01464.jpg,,AD-08*6B*S,08*6B*S,4305.0,1739.0,4874.0,1626.0,4886.0,1742.0,4318.0,1854.0,4.9883432,1,single_row,day,2,,,,
uc3m,train,data_raw/uc3m/train/01464.jpg,,AD-377*LP*,377*LP*,884.0,2177.0,1470.0,2058.0,1417.0,2197.0,894.0,2292.0,4.275314,1,single_row,day,2,,,,
uc3m,train,data_raw/uc3m/train/01467.jpg,,AD-941**BB,941**BB,1943.0,2831.0,2593.0,2693.0,2609.0,2821.0,1956.0,2953.0,5.28711,1,single_row,day,2,,,,
uc3m,train,data_raw/uc3m/train/01468.jpg,,AD-87*2*BC,87*2*BC,2446.0,2546.0,3080.0,2410.0,3096.0,2538.0,2463.0,2673.0,5.038946,1,single_row,day,2,,,,
uc3m,train,data_raw/uc3m/train/01469.jpg,,AD-*808LT*,*808LT*,3547.0,2467.0,4166.0,2305.0,4183.0,2441.0,3561.0,2595.0,4.8176217,1,single_row,day,2,,,,
uc3m,train,data_raw/uc3m/train/01470.jpg,,AD-*162*GN,*162*GN,2800.0,2687.0,3438.0,2544.0,3456.0,2673.0,2814.0,2817.0,5.0259523,1,single_row,day,2,,,,
uc3m,train,data_raw/uc3m/train/01471.jpg,,AD-9*38CZ*,9*38CZ*,3194.0,2764.0,3621.0,2683.0,3631.0,2811.0,3204.0,2889.0,3.4228396,1,single_row,day,2,,,,
uc3m,train,data_raw/uc3m/train/01472.jpg,,AD-598**BH,598**BH,3402.0,3108.0,4069.0,2959.0,4085.0,3100.0,3420.0,3240.0,4.9541454,1,single_row,day,2,,,,
uc3m,train,data_raw/uc3m/train/01473.jpg,,AD-471**XN,471**XN,4985.0,3169.0,5426.0,3067.0,5447.0,3200.0,4998.0,3301.0,3.4152956,1,single_row,day,2,,,,
uc3m,train,data_raw/uc3m/train/01474.jpg,,AD-414**WX,414**WX,4392.0,3773.0,5079.0,3619.0,5094.0,3761.0,4405.0,3908.0,5.0592036,1,single_row,day,2,,,,
uc3m,train,data_raw/uc3m/train/01475.jpg,,AD-49*8*YY,49*8*YY,3858.0,2715.0,4515.0,2567.0,4535.0,2701.0,3869.0,2849.0,5.022355,1,single_row,day,2,,,,
uc3m,train,data_raw/uc3m/train/01476.jpg,,AD-*258KR*,*258KR*,4009.0,3057.0,4681.0,2908.0,4692.0,3044.0,4018.0,3187.0,5.163246,1,single_row,day,2,,,,
uc3m,train,data_raw/uc3m/train/01478.jpg,,AD-7*77L*K,7*77L*K,3525.0,2787.0,4194.0,2647.0,4211.0,2779.0,3543.0,2913.0,5.2417803,1,single_row,day,2,,,,
uc3m,train,data_raw/uc3m/train/01479.jpg,,AD-*248*CF,*248*CF,5463.0,1804.0,6095.0,1657.0,6105.0,1794.0,5473.0,1939.0,4.756611,1,single_row,day,2,,,,
uc3m,train,data_raw/uc3m/train/01480.jpg,,AD-*356*VB,*356*VB,5127.0,1656.0,5725.0,1526.0,5744.0,1652.0,5148.0,1780.0,4.824664,1,single_row,day,2,,,,
uc3m,train,data_raw/uc3m/train/01481.jpg,,AD-39*6LL*,39*6LL*,1838.0,2559.0,2478.0,2420.0,2495.0,2550.0,1859.0,2693.0,4.899104,1,single_row,day,2,,,,
uc3m,train,data_raw/uc3m/train/01481.jpg,,AD-*356GV*,*356GV*,5874.0,1907.0,6477.0,1773.0,6496.0,1902.0,5891.0,2033.0,4.8022113,1,single_row,day,2,,,,
uc3m,train,data_raw/uc3m/train/01482.jpg,,AD-161**JT,161**JT,2559.0,2611.0,3196.0,2474.0,3215.0,2603.0,2573.0,2734.0,5.141098,1,single_row,day,2,,,,
uc3m,train,data_raw/uc3m/train/01483.jpg,,AD-3*00*FV,3*00*FV,3160.0,2646.0,3810.0,2506.0,3822.0,2638.0,3177.0,2770.0,5.134857,1,single_row,day,2,,,,
uc3m,train,data_raw/uc3m/train/01484.jpg,,AD-*134F*F,*134F*F,4739.0,1252.0,5341.0,1124.0,5361.0,1252.0,4753.0,1376.0,4.859515,1,single_row,day,2,,,,
uc3m,train,data_raw/uc3m/train/01485.jpg,,AD-32*9*HM,32*9*HM,2775.0,2581.0,3422.0,2457.0,3432.0,2590.0,2784.0,2709.0,5.034982,1,single_row,day,2,,,,
uc3m,train,data_raw/uc3m/train/01486.jpg,,AD-526*FC*,526*FC*,3425.0,2962.0,4087.0,2826.0,4104.0,2959.0,3436.0,3090.0,5.1667476,1,single_row,day,2,,,,
uc3m,train,data_raw/uc3m/train/01488.jpg,,AD-*199*JB,*199*JB,1738.0,1967.0,2373.0,1843.0,2387.0,1974.0,1753.0,2098.0,4.9051466,1,single_row,day,2,,,,
uc3m,train,data_raw/uc3m/train/01490.jpg,,AD-811**NZ,811**NZ,3236.0,2690.0,3873.0,2554.0,3890.0,2686.0,3244.0,2812.0,5.128327,1,single_row,day,2,,,,
uc3m,train,data_raw/uc3m/train/01491.jpg,,AD-69*3*CM,69*3*CM,2935.0,2238.0,3581.0,2100.0,3593.0,2228.0,2947.0,2362.0,5.2157855,1,single_row,day,2,,,,
uc3m,train,data_raw/uc3m/train/01492.jpg,,AD-33*5F*S,33*5F*S,2339.0,1446.0,2955.0,1320.0,2974.0,1451.0,2356.0,1571.0,4.867284,1,single_row,day,2,,,,
uc3m,train,data_raw/uc3m/train/01493.jpg,,AD-2*33*ST,2*33*ST,4013.0,3065.0,4695.0,2933.0,4714.0,3072.0,4028.0,3194.0,5.1503243,1,single_row,day,2,,,,
uc3m,train,data_raw/uc3m/train/01496.jpg,,AD-M28*6Z*,M28*6Z*,1890.0,3425.0,2521.0,3285.0,2534.0,3406.0,1902.0,3546.0,5.3173804,1,single_row,day,2,,,,
uc3m,train,data_raw/uc3m/train/01496.jpg,,AD-*586*JW,*586*JW,4123.0,2069.0,4687.0,1939.0,4701.0,2057.0,4131.0,2184.0,4.966842,1,single_row,day,2,,,,
uc3m,train,data_raw/uc3m/train/01497.jpg,,AD-*586*JW,*586*JW,3614.0,1655.0,4270.0,1714.0,4270.0,1872.0,3614.0,1810.0,4.2094927,1,single_row,day,2,,,,
uc3m,train,data_raw/uc3m/train/01497.jpg,,AD-118*LN*,118*LN*,358.0,1106.0,960.0,1156.0,984.0,1298.0,381.0,1244.0,4.2599916,1,single_row,day,2,,,,
uc3m,train,data_raw/uc3m/train/01498.jpg,,AD-7*13*LL,7*13*LL,2902.0,1806.0,3537.0,1878.0,3533.0,2023.0,2901.0,1943.0,4.5242767,1,single_row,day,2,,,,
uc3m,train,data_raw/uc3m/train/01498.jpg,,AD-118*LN*,118*LN*,268.0,1055.0,866.0,1101.0,891.0,1239.0,293.0,1187.0,4.370192,1,single_row,day,2,,,,
uc3m,train,data_raw/uc3m/train/01499.jpg,,AD-050**DT,050**DT,2969.0,1732.0,3613.0,1795.0,3610.0,1943.0,2966.0,1876.0,4.4324546,1,single_row,day,2,,,,
uc3m,train,data_raw/uc3m/train/01499.jpg,,AD-118*LN*,118*LN*,268.0,1084.0,867.0,1130.0,891.0,1263.0,289.0,1215.0,4.498064,1,single_row,day,2,,,,
uc3m,train,data_raw/uc3m/train/01501.jpg,,AD-04*0*YD,04*0*YD,2880.0,1577.0,3525.0,1637.0,3526.0,1788.0,2882.0,1726.0,4.3156333,1,single_row,day,2,,,,
uc3m,train,data_raw/uc3m/train/01501.jpg,,AD-118*LN*,118*LN*,247.0,766.0,848.0,806.0,877.0,956.0,270.0,905.0,4.125304,1,single_row,day,2,,,,
uc3m,train,data_raw/uc3m/train/01502.jpg,,AD-290*J*B,290*J*B,2816.0,1721.0,3440.0,1747.0,3453.0,1896.0,2825.0,1860.0,4.339767,1,single_row,day,2,,,,
uc3m,train,data_raw/uc3m/train/01503.jpg,,AD-45*3HP*,45*3HP*,2360.0,745.0,2989.0,781.0,2995.0,942.0,2359.0,893.0,4.1017537,1,single_row,day,2,,,,
uc3m,train,data_raw/uc3m/train/01504.jpg,,AD-2*12*NW,2*12*NW,1498.0,2067.0,2175.0,2078.0,2172.0,2235.0,1498.0,2213.0,4.4598036,1,single_row,day,2,,,,
uc3m,train,data_raw/uc3m/train/01505.jpg,,AD-794*L*L,794*L*L,1095.0,972.0,1725.0,1006.0,1733.0,1169.0,1100.0,1119.0,4.0798106,1,single_row,day,2,,,,
uc3m,train,data_raw/uc3m/train/01506.jpg,,AD-*818*MD,*818*MD,3154.0,1400.0,3823.0,1417.0,3826.0,1577.0,3161.0,1542.0,4.4180474,1,single_row,day,2,,,,
uc3m,train,data_raw/uc3m/train/01507.jpg,,AD-76*7*NY,76*7*NY,3040.0,1014.0,3705.0,1027.0,3722.0,1183.0,3053.0,1155.0,4.4710765,1,single_row,day,2,,,,
uc3m,train,data_raw/uc3m/train/01509.jpg,,AD-230**GD,230**GD,2281.0,1069.0,2905.0,1139.0,2905.0,1293.0,2285.0,1222.0,4.077371,1,single_row,day,2,,,,
uc3m,train,data_raw/uc3m/train/01510.jpg,,AD-3*33*GF,3*33*GF,3319.0,2162.0,3883.0,2162.0,3888.0,2284.0,3326.0,2281.0,4.666267,1,single_row,day,2,,,,
uc3m,train,data_raw/uc3m/train/01511.jpg,,AD-625**LM,625**LM,3331.0,1514.0,4056.0,1495.0,4080.0,1642.0,3350.0,1654.0,5.0144677,1,single_row,day,2,,,,
uc3m,train,data_raw/uc3m/train/01514.jpg,,AD-3*84H*H,3*84H*H,3311.0,2002.0,4075.0,1966.0,4095.0,2126.0,3326.0,2154.0,4.886745,1,single_row,day,2,,,,
uc3m,train,data_raw/uc3m/train/01516.jpg,,AD-896*BT*,896*BT*,2573.0,2415.0,3368.0,2396.0,3379.0,2571.0,2582.0,2580.0,4.675049,1,single_row,day,2,,,,
uc3m,train,data_raw/uc3m/train/01521.jpg,,AD-966*GM*,966*GM*,1838.0,2082.0,2652.0,2080.0,2656.0,2258.0,1845.0,2249.0,4.7076826,1,single_row,day,2,,,,
uc3m,train,data_raw/uc3m/train/01522.jpg,,AD-*531*HR,*531*HR,2231.0,1585.0,3027.0,1581.0,3030.0,1764.0,2231.0,1754.0,4.53114,1,single_row,day,2,,,,
uc3m,train,data_raw/uc3m/train/01524.jpg,,AD-12*3HX*,12*3HX*,1810.0,1863.0,2630.0,1851.0,2643.0,2041.0,1827.0,2055.0,4.2699056,1,single_row,day,2,,,,
uc3m,train,data_raw/uc3m/train/01526.jpg,,AD-*315*PY,*315*PY,2192.0,3275.0,2921.0,3115.0,2935.0,3261.0,2207.0,3423.0,5.050839,1,single_row,day,2,,,,
uc3m,train,data_raw/uc3m/train/01527.jpg,,AD-44*6JY*,44*6JY*,2450.0,3696.0,3210.0,3518.0,3224.0,3671.0,2465.0,3846.0,5.1233397,1,single_row,day,2,,,,
uc3m,train,data_raw/uc3m/train/01527.jpg,,AD-83*8J*G,83*8J*G,3455.0,732.0,4106.0,602.0,4126.0,727.0,3473.0,863.0,5.1420345,1,single_row,day,2,,,,
uc3m,train,data_raw/uc3m/train/01530.jpg,,AD-503**GT,503**GT,4074.0,2430.0,4752.0,2276.0,4766.0,2420.0,4085.0,2568.0,4.917289,1,single_row,day,2,,,,
uc3m,train,data_raw/uc3m/train/01532.jpg,,AD-VA587*A*,VA587*A*,3958.0,2609.0,4634.0,2448.0,4644.0,2590.0,3968.0,2745.0,4.981544,1,single_row,day,2,,,,
uc3m,train,data_raw/uc3m/train/01534.jpg,,AD-*385*RX,*385*RX,1969.0,2994.0,2692.0,2843.0,2706.0,2991.0,1981.0,3131.0,5.1609707,1,single_row,day,2,,,,
uc3m,train,data_raw/uc3m/train/01535.jpg,,AD-3*66*MS,3*66*MS,3539.0,748.0,4184.0,615.0,4203.0,746.0,3551.0,874.0,5.1093345,1,single_row,day,2,,,,
uc3m,train,data_raw/uc3m/train/01536.jpg,,AD-252**SV,252**SV,2123.0,3514.0,2881.0,3362.0,2894.0,3518.0,2141.0,3669.0,4.9301586,1,single_row,day,2,,,,
uc3m,train,data_raw/uc3m/train/01537.jpg,,AD-79*2KX*,79*2KX*,2756.0,4155.0,3530.0,3989.0,3546.0,4147.0,2769.0,4307.0,5.090212,1,single_row,day,2,,,,
uc3m,train,data_raw/uc3m/train/01538.jpg,,AD-141**NV,141**NV,2234.0,2943.0,2963.0,2791.0,2975.0,2942.0,2246.0,3083.0,5.0932956,1,single_row,day,2,,,,
uc3m,train,data_raw/uc3m/train/01539.jpg,,AD-25*8*HV,25*8*HV,2273.0,3370.0,3009.0,3219.0,3030.0,3373.0,2291.0,3519.0,4.9249496,1,single_row,day,2,,,,
uc3m,train,data_raw/uc3m/train/01540.jpg,,AD-9*59*SZ,9*59*SZ,4742.0,2214.0,5422.0,2068.0,5434.0,2212.0,4749.0,2354.0,4.9005537,1,single_row,day,2,,,,
uc3m,train,data_raw/uc3m/train/01541.jpg,,AD-2*25JB*,2*25JB*,3438.0,2422.0,4163.0,2288.0,4179.0,2437.0,3448.0,2563.0,5.078999,1,single_row,day,2,,,,
uc3m,train,data_raw/uc3m/train/01542.jpg,,AD-M*795X*,M*795X*,215.0,1767.0,886.0,1637.0,901.0,1773.0,226.0,1896.0,5.143181,1,single_row,day,2,,,,
uc3m,train,data_raw/uc3m/train/01543.jpg,,AD-M*795X*,M*795X*,298.0,2103.0,974.0,1979.0,985.0,2116.0,309.0,2233.0,5.12617,1,single_row,day,2,,,,
uc3m,train,data_raw/uc3m/train/01543.jpg,,AD-92*9HY*,92*9HY*,4478.0,1421.0,5122.0,1293.0,5130.0,1423.0,4486.0,1547.0,5.1166797,1,single_row,day,2,,,,
uc3m,train,data_raw/uc3m/train/01545.jpg,,AD-332*JM*,332*JM*,1636.0,3099.0,2343.0,3007.0,2351.0,3150.0,1641.0,3237.0,5.07714,1,single_row,day,2,,,,
uc3m,train,data_raw/uc3m/train/01545.jpg,,AD-8*77*BC,8*77*BC,6055.0,2725.0,6748.0,2633.0,6750.0,2780.0,6055.0,2856.0,5.0293336,1,single_row,day,2,,,,
uc3m,train,data_raw/uc3m/train/01548.jpg,,AD-0*38KV*,0*38KV*,4410.0,1752.0,5080.0,1668.0,5078.0,1808.0,4412.0,1878.0,5.0554934,1,single_row,day,2,,,,
uc3m,train,data_raw/uc3m/train/01549.jpg,,AD-28*7*FZ,28*7*FZ,1944.0,2397.0,2664.0,2324.0,2672.0,2473.0,1945.0,2536.0,5.042762,1,single_row,day,2,,,,
uc3m,train,data_raw/uc3m/train/01550.jpg,,AD-6*22J*B,6*22J*B,1416.0,2472.0,2127.0,2404.0,2129.0,2536.0,1416.0,2603.0,5.438415,1,single_row,day,2,,,,
uc3m,train,data_raw/uc3m/train/01551.jpg,,AD-579**DR,579**DR,1883.0,2522.0,2590.0,2442.0,2590.0,2575.0,1886.0,2655.0,5.337828,1,single_row,day,2,,,,
uc3m,train,data_raw/uc3m/train/01552.jpg,,AD-*378*GT,*378*GT,2119.0,2843.0,2831.0,2762.0,2837.0,2899.0,2119.0,2979.0,5.2686586,1,single_row,day,2,,,,
uc3m,train,data_raw/uc3m/train/01553.jpg,,AD-93*7*JM,93*7*JM,3867.0,1469.0,4526.0,1391.0,4525.0,1525.0,3865.0,1600.0,5.010387,1,single_row,day,2,,,,
uc3m,train,data_raw/uc3m/train/01554.jpg,,AD-02*6LV*,02*6LV*,2217.0,3016.0,2942.0,2934.0,2948.0,3077.0,2215.0,3162.0,5.0755234,1,single_row,day,2,,,,
uc3m,train,data_raw/uc3m/train/01555.jpg,,AD-18*7*DR,18*7*DR,1877.0,2734.0,2590.0,2645.0,2590.0,2777.0,1881.0,2865.0,5.4473047,1,single_row,day,2,,,,
uc3m,train,data_raw/uc3m/train/01556.jpg,,AD-70*5*HH,70*5*HH,349.0,2098.0,1044.0,2020.0,1047.0,2164.0,348.0,2235.0,4.9885616,1,single_row,day,2,,,,
uc3m,train,data_raw/uc3m/train/01556.jpg,,AD-65*1*YY,65*1*YY,4420.0,1477.0,5087.0,1393.0,5088.0,1528.0,4420.0,1603.0,5.151136,1,single_row,day,2,,,,
uc3m,train,data_raw/uc3m/train/01557.jpg,,AD-260**MH,260**MH,2085.0,3248.0,2806.0,3159.0,2811.0,3303.0,2083.0,3390.0,5.10188,1,single_row,day,2,,,,
uc3m,train,data_raw/uc3m/train/01558.jpg,,AD-798**WV,798**WV,2011.0,3490.0,2736.0,3394.0,2735.0,3535.0,2014.0,3628.0,5.22621,1,single_row,day,2,,,,
uc3m,train,data_raw/uc3m/train/01559.jpg,,AD-116**XT,116**XT,4725.0,1705.0,5388.0,1628.0,5392.0,1761.0,4723.0,1835.0,5.0956345,1,single_row,day,2,,,,
uc3m,train,data_raw/uc3m/train/01561.jpg,,AD-*428*HC,*428*HC,1958.0,2808.0,2681.0,2732.0,2682.0,2872.0,1960.0,2950.0,5.1528144,1,single_row,day,2,,,,
uc3m,train,data_raw/uc3m/train/01562.jpg,,AD-5*35*TN,5*35*TN,5564.0,1473.0,6143.0,1313.0,6149.0,1462.0,5568.0,1605.0,4.2642937,1,single_row,day,2,,,,
uc3m,train,data_raw/uc3m/train/01564.jpg,,AD-*531*HR,*531*HR,1609.0,2915.0,2306.0,2796.0,2316.0,2936.0,1623.0,3055.0,5.017626,1,single_row,day,2,,,,
uc3m,train,data_raw/uc3m/train/01568.jpg,,AD-4*08JG*,4*08JG*,4278.0,1162.0,4935.0,1055.0,4944.0,1195.0,4287.0,1296.0,4.8449316,1,single_row,day,2,,,,
uc3m,train,data_raw/uc3m/train/01570.jpg,,AD-44*4*PY,44*4*PY,2199.0,2960.0,2906.0,2832.0,2920.0,2971.0,2212.0,3099.0,5.148301,1,single_row,day,2,,,,
uc3m,train,data_raw/uc3m/train/01571.jpg,,AD-4*32F*C,4*32F*C,2209.0,2492.0,2905.0,2369.0,2924.0,2503.0,2225.0,2627.0,5.222174,1,single_row,day,2,,,,
uc3m,train,data_raw/uc3m/train/01572.jpg,,AD-27*5*SY,27*5*SY,2321.0,2656.0,3031.0,2538.0,3040.0,2682.0,2331.0,2800.0,4.983897,1,single_row,day,2,,,,
uc3m,train,data_raw/uc3m/train/01573.jpg,,AD-233*C*Z,233*C*Z,5107.0,1517.0,5772.0,1397.0,5780.0,1528.0,5113.0,1639.0,5.3352747,1,single_row,day,2,,,,
uc3m,train,data_raw/uc3m/train/01573.jpg,,AD-09*2*HH,09*2*HH,1.0,1404.0,654.0,1276.0,673.0,1409.0,19.0,1518.0,5.318843,1,single_row,day,2,,,,
uc3m,train,data_raw/uc3m/train/01575.jpg,,AD-70*1*CR,70*1*CR,1838.0,2583.0,2544.0,2463.0,2557.0,2600.0,1844.0,2714.0,5.3513193,1,single_row,day,2,,,,
uc3m,train,data_raw/uc3m/train/01577.jpg,,AD-158**RP,158**RP,5870.0,1710.0,6549.0,1586.0,6556.0,1729.0,5876.0,1844.0,4.976048,1,single_row,day,2,,,,
uc3m,train,data_raw/uc3m/train/01577.jpg,,AD-699*FT*,699*FT*,526.0,1022.0,1182.0,910.0,1196.0,1050.0,540.0,1153.0,4.880006,1,single_row,day,2,,,,
uc3m,train,data_raw/uc3m/train/01578.jpg,,AD-86*9LN*,86*9LN*,2319.0,2954.0,3050.0,2827.0,3062.0,2976.0,2327.0,3104.0,4.9650793,1,single_row,day,2,,,,
uc3m,train,data_raw/uc3m/train/01579.jpg,,AD-728**YV,728**YV,3914.0,1948.0,4445.0,1732.0,4428.0,1848.0,3903.0,2050.0,5.1665783,1,single_row,day,2,,,,
uc3m,train,data_raw/uc3m/train/01580.jpg,,AD-823*DR*,823*DR*,3775.0,2711.0,4317.0,2492.0,4302.0,2603.0,3756.0,2816.0,5.3524137,1,single_row,day,2,,,,
uc3m,train,data_raw/uc3m/train/01581.jpg,,AD-943*FV*,943*FV*,5354.0,1388.0,6061.0,1085.0,6097.0,1223.0,5376.0,1528.0,5.458501,1,single_row,day,2,,,,
uc3m,train,data_raw/uc3m/train/01583.jpg,,AD-439*KW*,439*KW*,2360.0,3196.0,3122.0,2862.0,3154.0,3021.0,2391.0,3347.0,5.252971,1,single_row,day,2,,,,
uc3m,train,data_raw/uc3m/train/01584.jpg,,AD-10*0*HB,10*0*HB,1692.0,3000.0,2438.0,2689.0,2464.0,2839.0,1721.0,3142.0,5.4199653,1,single_row,day,2,,,,
uc3m,train,data_raw/uc3m/train/01586.jpg,,AD-725*C*W,725*C*W,3095.0,3990.0,3881.0,3654.0,3911.0,3820.0,3122.0,4141.0,5.298632,1,single_row,day,2,,,,
uc3m,train,data_raw/uc3m/train/01587.jpg,,AD-*593C*M,*593C*M,3364.0,3538.0,4117.0,3201.0,4167.0,3362.0,3396.0,3695.0,5.063089,1,single_row,day,2,,,,
uc3m,train,data_raw/uc3m/train/01588.jpg,,AD-221**NW,221**NW,3390.0,1542.0,3835.0,1385.0,3862.0,1482.0,3413.0,1641.0,4.68656,1,single_row,day,2,,,,
uc3m,train,data_raw/uc3m/train/01589.jpg,,AD-221**NW,221**NW,4815.0,2522.0,5288.0,2350.0,5313.0,2451.0,4843.0,2629.0,4.6861167,1,single_row,day,2,,,,
uc3m,train,data_raw/uc3m/train/01590.jpg,,AD-*585LS*,*585LS*,4572.0,2508.0,5041.0,2336.0,5049.0,2437.0,4578.0,2599.0,5.1820984,1,single_row,day,2,,,,
uc3m,train,data_raw/uc3m/train/01591.jpg,,AD-36*3JX*,36*3JX*,3483.0,1761.0,3946.0,1606.0,3955.0,1700.0,3489.0,1853.0,5.2443604,1,single_row,day,2,,,,
uc3m,train,data_raw/uc3m/train/01592.jpg,,AD-753*KX*,753*KX*,2523.0,2258.0,2807.0,2447.0,2803.0,2553.0,2519.0,2354.0,3.4028783,1,single_row,day,2,,,,
uc3m,train,data_raw/uc3m/train/01593.jpg,,AD-843**PV,843**PV,3927.0,3666.0,4244.0,3879.0,4209.0,3995.0,3895.0,3766.0,3.4070878,1,single_row,day,2,,,,
uc3m,train,data_raw/uc3m/train/01594.jpg,,AD-423**FS,423**FS,1701.0,2582.0,2001.0,2777.0,2009.0,2883.0,1706.0,2679.0,3.5544357,1,single_row,day,2,,,,
uc3m,train,data_raw/uc3m/train/01599.jpg,,AD-*425*WR,*425*WR,4177.0,2518.0,4594.0,2359.0,4611.0,2445.0,4193.0,2605.0,5.0752,1,single_row,day,2,,,,
uc3m,train,data_raw/uc3m/train/01600.jpg,,AD-04*1LN*,04*1LN*,4160.0,2835.0,4594.0,2673.0,4607.0,2764.0,4170.0,2930.0,4.9651756,1,single_row,day,2,,,,
uc3m,train,data_raw/uc3m/train/01601.jpg,,AD-5*79*NP,5*79*NP,4850.0,2690.0,5265.0,2525.0,5281.0,2619.0,4862.0,2780.0,4.810492,1,single_row,day,2,,,,
uc3m,train,data_raw/uc3m/train/01602.jpg,,AN-686**MX,686**MX,4642.0,2586.0,5057.0,2422.0,5075.0,2512.0,4659.0,2672.0,4.9704976,1,single_row,night,2,,,,
uc3m,train,data_raw/uc3m/train/01603.jpg,,AD-22*2*RW,22*2*RW,4290.0,2601.0,4704.0,2437.0,4716.0,2522.0,4302.0,2678.0,5.420427,1,single_row,day,2,,,,
uc3m,train,data_raw/uc3m/train/01604.jpg,,AD-019**BX,019**BX,4942.0,1472.0,5328.0,1322.0,5336.0,1409.0,4946.0,1556.0,4.845994,1,single_row,day,2,,,,
uc3m,train,data_raw/uc3m/train/01605.jpg,,AD-866**HV,866**HV,4386.0,2386.0,4798.0,2228.0,4808.0,2316.0,4394.0,2466.0,5.217599,1,single_row,day,2,,,,
uc3m,train,data_raw/uc3m/train/01606.jpg,,AD-84*1*MS,84*1*MS,4735.0,2609.0,5153.0,2443.0,5162.0,2530.0,4741.0,2692.0,5.277971,1,single_row,day,2,,,,
uc3m,train,data_raw/uc3m/train/01608.jpg,,AD-83*1*YR,83*1*YR,4149.0,2448.0,4568.0,2295.0,4583.0,2382.0,4167.0,2534.0,5.04669,1,single_row,day,2,,,,
uc3m,train,data_raw/uc3m/train/01609.jpg,,AD-8*18HT*,8*18HT*,3605.0,2411.0,4022.0,2253.0,4032.0,2334.0,3617.0,2489.0,5.537382,1,single_row,day,2,,,,
uc3m,train,data_raw/uc3m/train/01609.jpg,,AD-*110*RG,*110*RG,5771.0,582.0,6047.0,413.0,6054.0,492.0,5776.0,655.0,4.235906,1,single_row,day,2,,,,
uc3m,train,data_raw/uc3m/train/01610.jpg,,AD-933*GY*,933*GY*,2959.0,2886.0,3253.0,3049.0,3266.0,3142.0,2971.0,2973.0,3.7206266,1,single_row,day,2,,,,
uc3m,train,data_raw/uc3m/train/01611.jpg,,AD-797*CB*,797*CB*,2874.0,2241.0,3275.0,2075.0,3291.0,2160.0,2892.0,2322.0,5.1020308,1,single_row,day,2,,,,
uc3m,train,data_raw/uc3m/train/01612.jpg,,AD-712**CM,712**CM,4407.0,736.0,4689.0,574.0,4709.0,651.0,4425.0,810.0,4.1788464,1,single_row,day,2,,,,
uc3m,train,data_raw/uc3m/train/01613.jpg,,AD-07*3JW*,07*3JW*,2905.0,2654.0,3303.0,2478.0,3327.0,2568.0,2925.0,2734.0,4.9548287,1,single_row,day,2,,,,
uc3m,train,data_raw/uc3m/train/01613.jpg,,AD-04*4GP*,04*4GP*,1050.0,226.0,1398.0,89.0,1416.0,166.0,1069.0,306.0,4.6383643,1,single_row,day,2,,,,
uc3m,train,data_raw/uc3m/train/01614.jpg,,AD-04*4GP*,04*4GP*,5850.0,1165.0,6103.0,971.0,6116.0,1054.0,5860.0,1241.0,3.9575238,1,single_row,day,2,,,,
uc3m,train,data_raw/uc3m/train/01615.jpg,,AD-*114*WH,*114*WH,3364.0,2897.0,3768.0,2719.0,3792.0,2814.0,3377.0,2978.0,4.9311094,1,single_row,day,2,,,,
uc3m,train,data_raw/uc3m/train/01616.jpg,,AD-319**NZ,319**NZ,2785.0,2810.0,3170.0,2630.0,3188.0,2719.0,2799.0,2885.0,5.074515,1,single_row,day,2,,,,
uc3m,train,data_raw/uc3m/train/01617.jpg,,AD-1*60*HB,1*60*HB,2252.0,2436.0,2655.0,2273.0,2674.0,2360.0,2269.0,2521.0,4.9537625,1,single_row,day,2,,,,
uc3m,train,data_raw/uc3m/train/01618.jpg,,AD-759*DW*,759*DW*,3354.0,3033.0,3765.0,2841.0,3784.0,2931.0,3369.0,3114.0,5.2029586,1,single_row,day,2,,,,
uc3m,train,data_raw/uc3m/train/01618.jpg,,AD-82*1*RP,82*1*RP,4846.0,1754.0,5212.0,1597.0,5215.0,1671.0,4847.0,1828.0,5.3917537,1,single_row,day,2,,,,
uc3m,train,data_raw/uc3m/train/01619.jpg,,AD-8*80KZ*,8*80KZ*,5065.0,1801.0,5430.0,1641.0,5446.0,1718.0,5079.0,1876.0,5.150983,1,single_row,day,2,,,,
uc3m,train,data_raw/uc3m/train/01620.jpg,,AD-635**DM,635**DM,4067.0,3287.0,4481.0,3088.0,4496.0,3177.0,4081.0,3369.0,5.2848096,1,single_row,day,2,,,,
uc3m,train,data_raw/uc3m/train/01622.jpg,,AD-3*21F*D,3*21F*D,1528.0,2041.0,1913.0,1878.0,1935.0,1965.0,1549.0,2126.0,4.7171,1,single_row,day,2,,,,
uc3m,train,data_raw/uc3m/train/01622.jpg,,AD-62*7*FX,62*7*FX,3926.0,668.0,4198.0,500.0,4214.0,578.0,3940.0,742.0,4.1244583,1,single_row,day,2,,,,
uc3m,train,data_raw/uc3m/train/01623.jpg,,AD-55*3*JT,55*3*JT,4342.0,3293.0,4753.0,3095.0,4770.0,3187.0,4357.0,3376.0,5.1174173,1,single_row,day,2,,,,
uc3m,train,data_raw/uc3m/train/01623.jpg,,AD-4*43L*S,4*43L*S,1622.0,192.0,1959.0,59.0,1977.0,130.0,1637.0,267.0,4.867777,1,single_row,day,2,,,,
uc3m,train,data_raw/uc3m/train/01624.jpg,,AD-4*43L*S,4*43L*S,5374.0,1704.0,5747.0,1543.0,5764.0,1622.0,5387.0,1788.0,4.934562,1,single_row,day,2,,,,
uc3m,train,data_raw/uc3m/train/01625.jpg,,AD-848**YX,848**YX,4281.0,977.0,4528.0,811.0,4544.0,879.0,4294.0,1049.0,4.194645,1,single_row,day,2,,,,
uc3m,train,data_raw/uc3m/train/01627.jpg,,AN-53*3C*M,53*3C*M,5084.0,3021.0,5476.0,2827.0,5490.0,2923.0,5097.0,3108.0,4.7126083,1,single_row,night,2,,,,
uc3m,train,data_raw/uc3m/train/01628.jpg,,AD-*176KP*,*176KP*,3835.0,3360.0,4253.0,3167.0,4273.0,3261.0,3850.0,3448.0,4.9785814,1,single_row,day,2,,,,
uc3m,train,data_raw/uc3m/train/01630.jpg,,AD-36*3*VP,36*3*VP,5539.0,1709.0,5905.0,1539.0,5919.0,1622.0,5551.0,1787.0,4.947276,1,single_row,day,2,,,,
uc3m,train,data_raw/uc3m/train/01630.jpg,,AD-3*77KX*,3*77KX*,275.0,1531.0,646.0,1379.0,667.0,1459.0,298.0,1609.0,4.872582,1,single_row,day,2,,,,
uc3m,train,data_raw/uc3m/train/01631.jpg,,AD-093*HW*,093*HW*,5325.0,1465.0,5690.0,1300.0,5700.0,1375.0,5342.0,1542.0,5.148898,1,single_row,day,2,,,,
uc3m,train,data_raw/uc3m/train/01631.jpg,,AD-1*18HV*,1*18HV*,224.0,1405.0,587.0,1256.0,606.0,1326.0,237.0,1476.0,5.464004,1,single_row,day,2,,,,
uc3m,train,data_raw/uc3m/train/01632.jpg,,AD-1*18HV*,1*18HV*,2290.0,2396.0,2679.0,2224.0,2694.0,2301.0,2306.0,2474.0,5.378263,1,single_row,day,2,,,,
uc3m,train,data_raw/uc3m/train/01633.jpg,,AD-*768KZ*,*768KZ*,3216.0,2806.0,3611.0,2608.0,3631.0,2698.0,3236.0,2887.0,5.0090823,1,single_row,day,2,,,,
uc3m,train,data_raw/uc3m/train/01633.jpg,,AD-29*3*RT,29*3*RT,1507.0,456.0,1835.0,318.0,1849.0,387.0,1524.0,527.0,4.948789,1,single_row,day,2,,,,
uc3m,train,data_raw/uc3m/train/01634.jpg,,AD-9*19KY*,9*19KY*,3361.0,2867.0,3759.0,2677.0,3774.0,2764.0,3377.0,2953.0,5.0109377,1,single_row,day,2,,,,
uc3m,train,data_raw/uc3m/train/01635.jpg,,AD-*769*WV,*769*WV,4159.0,1812.0,4505.0,1632.0,4522.0,1714.0,4176.0,1891.0,4.7320313,1,single_row,day,2,,,,
uc3m,train,data_raw/uc3m/train/01636.jpg,,AD-224**GF,224**GF,3173.0,2794.0,3565.0,2606.0,3585.0,2691.0,3192.0,2876.0,5.0679226,1,single_row,day,2,,,,
uc3m,train,data_raw/uc3m/train/01637.jpg,,AD-64*4C*P,64*4C*P,3789.0,3234.0,4176.0,3042.0,4198.0,3127.0,3801.0,3313.0,5.1901336,1,single_row,day,2,,,,
uc3m,train,data_raw/uc3m/train/01639.jpg,,AD-96*7*YR,96*7*YR,3385.0,3416.0,3784.0,3213.0,3805.0,3305.0,3402.0,3499.0,4.997145,1,single_row,day,2,,,,
uc3m,train,data_raw/uc3m/train/01639.jpg,,AD-896*BT*,896*BT*,4044.0,1618.0,4407.0,1456.0,4416.0,1537.0,4053.0,1696.0,4.960778,1,single_row,day,2,,,,
uc3m,train,data_raw/uc3m/train/01640.jpg,,AD-09*6LR*,09*6LR*,3789.0,3569.0,4204.0,3364.0,4228.0,3456.0,3815.0,3661.0,4.845499,1,single_row,day,2,,,,
uc3m,train,data_raw/uc3m/train/01642.jpg,,AD-70*6LR*,70*6LR*,3260.0,2908.0,3650.0,2717.0,3667.0,2812.0,3274.0,2993.0,4.746326,1,single_row,day,2,,,,
uc3m,train,data_raw/uc3m/train/01643.jpg,,AD-948*LV*,948*LV*,3211.0,2652.0,3598.0,2470.0,3620.0,2556.0,3230.0,2738.0,4.851962,1,single_row,day,2,,,,
uc3m,train,data_raw/uc3m/train/01644.jpg,,AD-6*00C*C,6*00C*C,2781.0,2590.0,3172.0,2407.0,3192.0,2492.0,2798.0,2669.0,5.1367354,1,single_row,day,2,,,,
uc3m,train,data_raw/uc3m/train/01645.jpg,,AD-*191LM*,*191LM*,1958.0,2635.0,2346.0,2455.0,2365.0,2537.0,1978.0,2712.0,5.2065043,1,single_row,day,2,,,,
uc3m,train,data_raw/uc3m/train/01645.jpg,,AD-79*2*XP,79*2*XP,3608.0,922.0,3916.0,751.0,3934.0,829.0,3630.0,1000.0,4.3520093,1,single_row,day,2,,,,
uc3m,train,data_raw/uc3m/train/01647.jpg,,AD-963**CR,963**CR,3637.0,3076.0,4024.0,2881.0,4047.0,2969.0,3652.0,3152.0,5.1577783,1,single_row,day,2,,,,
uc3m,train,data_raw/uc3m/train/01649.jpg,,AD-16*5*JR,16*5*JR,4566.0,2829.0,4966.0,2720.0,4955.0,2809.0,4555.0,2912.0,4.7728934,1,single_row,day,2,,,,
uc3m,train,data_raw/uc3m/train/01649.jpg,,AD-60*0*TB,60*0*TB,5.0,2240.0,393.0,2148.0,393.0,2248.0,6.0,2334.0,4.0988493,1,single_row,day,2,,,,
uc3m,train,data_raw/uc3m/train/01650.jpg,,AD-60*0*TB,60*0*TB,2524.0,3992.0,2977.0,3870.0,2971.0,3969.0,2520.0,4083.0,4.9105377,1,single_row,day,2,,,,
uc3m,train,data_raw/uc3m/train/01652.jpg,,AD-66*8*CR,66*8*CR,3329.0,1962.0,3722.0,1857.0,3720.0,1944.0,3319.0,2042.0,4.888804,1,single_row,day,2,,,,
uc3m,train,data_raw/uc3m/train/01654.jpg,,AD-62*3*JN,62*3*JN,2315.0,3569.0,2756.0,3445.0,2753.0,3537.0,2311.0,3656.0,5.1124063,1,single_row,day,2,,,,
uc3m,train,data_raw/uc3m/train/01654.jpg,,AD-*799*RR,*799*RR,554.0,266.0,926.0,191.0,923.0,267.0,547.0,341.0,5.038129,1,single_row,day,2,,,,
uc3m,train,data_raw/uc3m/train/01655.jpg,,AD-*799*RR,*799*RR,4333.0,2841.0,4728.0,2727.0,4721.0,2808.0,4322.0,2921.0,5.0959015,1,single_row,day,2,,,,
uc3m,train,data_raw/uc3m/train/01656.jpg,,AD-293*KY*,293*KY*,2179.0,3483.0,2628.0,3364.0,2628.0,3460.0,2181.0,3582.0,4.757721,1,single_row,day,2,,,,
uc3m,train,data_raw/uc3m/train/01657.jpg,,AD-51*0F*F,51*0F*F,2376.0,3702.0,2819.0,3577.0,2809.0,3669.0,2366.0,3784.0,5.241132,1,single_row,day,2,,,,
uc3m,train,data_raw/uc3m/train/01659.jpg,,AD-91*2G*G,91*2G*G,2495.0,3774.0,2946.0,3649.0,2934.0,3738.0,2486.0,3858.0,5.346354,1,single_row,day,2,,,,
uc3m,train,data_raw/uc3m/train/01660.jpg,,AD-40*0BN*,40*0BN*,4043.0,2487.0,4429.0,2379.0,4425.0,2471.0,4027.0,2567.0,4.6653576,1,single_row,day,2,,,,
uc3m,train,data_raw/uc3m/train/01661.jpg,,AD-682**FC,682**FC,2541.0,3661.0,2990.0,3539.0,2984.0,3635.0,2533.0,3752.0,4.9654317,1,single_row,day,2,,,,
uc3m,train,data_raw/uc3m/train/01663.jpg,,AD-*356*RJ,*356*RJ,2351.0,3380.0,2786.0,3256.0,2767.0,3337.0,2333.0,3454.0,5.659159,1,single_row,day,2,,,,
uc3m,train,data_raw/uc3m/train/01664.jpg,,AD-441*KT*,441*KT*,1266.0,2842.0,1705.0,2727.0,1707.0,2823.0,1261.0,2928.0,5.006454,1,single_row,day,2,,,,
uc3m,train,data_raw/uc3m/train/01664.jpg,,AD-9*18*WV,9*18*WV,4010.0,655.0,4211.0,507.0,4206.0,581.0,4002.0,731.0,3.3390377,1,single_row,day,2,,,,
uc3m,train,data_raw/uc3m/train/01666.jpg,,AD-9*31*GT,9*31*GT,3429.0,3240.0,3891.0,3089.0,3883.0,3186.0,3418.0,3344.0,4.839597,1,single_row,day,2,,,,
uc3m,train,data_raw/uc3m/train/01666.jpg,,AD-*062*XM,*062*XM,3207.0,642.0,3610.0,512.0,3605.0,605.0,3203.0,725.0,4.7833753,1,single_row,day,2,,,,
uc3m,train,data_raw/uc3m/train/01668.jpg,,AD-*482CD*,*482CD*,2791.0,2533.0,3246.0,2386.0,3236.0,2489.0,2779.0,2621.0,4.960192,1,single_row,day,2,,,,
uc3m,train,data_raw/uc3m/train/01670.jpg,,AD-394**RT,394**RT,4250.0,3390.0,4715.0,3223.0,4697.0,3322.0,4229.0,3479.0,5.1425347,1,single_row,day,2,,,,
uc3m,train,data_raw/uc3m/train/01671.jpg,,AD-64*5*DF,64*5*DF,3316.0,3186.0,3780.0,3030.0,3768.0,3128.0,3304.0,3278.0,5.102392,1,single_row,day,2,,,,
uc3m,train,data_raw/uc3m/train/01672.jpg,,AD-482*GW*,482*GW*,3900.0,3598.0,4372.0,3436.0,4361.0,3536.0,3891.0,3694.0,5.049502,1,single_row,day,2,,,,
uc3m,train,data_raw/uc3m/train/01673.jpg,,AD-*025B*M,*025B*M,2488.0,2982.0,2948.0,2838.0,2942.0,2938.0,2477.0,3071.0,5.086243,1,single_row,day,2,,,,
uc3m,train,data_raw/uc3m/train/01674.jpg,,AD-M499*Y*,M499*Y*,2241.0,3153.0,2702.0,3029.0,2691.0,3124.0,2231.0,3247.0,5.0143065,1,single_row,day,2,,,,
uc3m,train,data_raw/uc3m/train/01675.jpg,,AD-45*7H*V,45*7H*V,2685.0,3224.0,3150.0,3069.0,3143.0,3165.0,2672.0,3306.0,5.4764113,1,single_row,day,2,,,,
uc3m,train,data_raw/uc3m/train/01676.jpg,,AD-74*9*DT,74*9*DT,4632.0,2994.0,5076.0,2854.0,5075.0,2955.0,4625.0,3088.0,4.7872944,1,single_row,day,2,,,,
uc3m,train,data_raw/uc3m/train/01677.jpg,,AD-066*GV*,066*GV*,2844.0,3228.0,3299.0,3074.0,3297.0,3174.0,2839.0,3318.0,5.0508275,1,single_row,day,2,,,,
uc3m,train,data_raw/uc3m/train/01679.jpg,,AD-67*4FB*,67*4FB*,3734.0,1497.0,4160.0,1390.0,4157.0,1483.0,3720.0,1581.0,4.977839,1,single_row,day,2,,,,
uc3m,train,data_raw/uc3m/train/01681.jpg,,AD-218*G*V,218*G*V,5285.0,1947.0,6134.0,1663.0,6123.0,1850.0,5277.0,2125.0,4.8831754,1,single_row,day,2,,,,
uc3m,train,data_raw/uc3m/train/01682.jpg,,AD-03*8*WY,03*8*WY,5954.0,2467.0,6779.0,2181.0,6768.0,2359.0,5938.0,2629.0,5.1182547,1,single_row,day,2,,,,
uc3m,train,data_raw/uc3m/train/01683.jpg,,AD-702**DG,702**DG,5353.0,2219.0,6187.0,1936.0,6164.0,2112.0,5323.0,2382.0,5.1393056,1,single_row,day,2,,,,
uc3m,train,data_raw/uc3m/train/01686.jpg,,AD-55*3GF*,55*3GF*,4302.0,3603.0,5115.0,3230.0,5132.0,3432.0,4312.0,3775.0,4.7554865,1,single_row,day,2,,,,
uc3m,train,data_raw/uc3m/train/01689.jpg,,AD-3*35JZ*,3*35JZ*,4134.0,2458.0,4695.0,2226.0,4694.0,2350.0,4128.0,2570.0,5.141887,1,single_row,day,2,,,,
uc3m,train,data_raw/uc3m/train/01690.jpg,,AD-028*CM*,028*CM*,3067.0,2081.0,3606.0,1868.0,3601.0,1985.0,3064.0,2192.0,5.06285,1,single_row,day,2,,,,
uc3m,train,data_raw/uc3m/train/01691.jpg,,AD-2*92*CG,2*92*CG,3868.0,2044.0,4413.0,1825.0,4408.0,1951.0,3867.0,2158.0,4.858756,1,single_row,day,2,,,,
uc3m,train,data_raw/uc3m/train/01693.jpg,,AD-658**SN,658**SN,4453.0,2396.0,5007.0,2165.0,5017.0,2295.0,4455.0,2506.0,4.9938593,1,single_row,day,2,,,,
uc3m,train,data_raw/uc3m/train/01694.jpg,,AD-18*4*LW,18*4*LW,3898.0,1753.0,4450.0,1530.0,4450.0,1656.0,3903.0,1873.0,4.810215,1,single_row,day,2,,,,
uc3m,train,data_raw/uc3m/train/01695.jpg,,AD-8*02G*L,8*02G*L,4727.0,2325.0,5265.0,2103.0,5264.0,2220.0,4726.0,2431.0,5.2011375,1,single_row,day,2,,,,
uc3m,train,data_raw/uc3m/train/01696.jpg,,AD-405*H*X,405*H*X,3818.0,1949.0,4370.0,1721.0,4378.0,1848.0,3826.0,2062.0,4.9442544,1,single_row,day,2,,,,
uc3m,train,data_raw/uc3m/train/01697.jpg,,AD-1*06*GR,1*06*GR,3896.0,2659.0,4444.0,2429.0,4449.0,2552.0,3890.0,2771.0,5.0780706,1,single_row,day,2,,,,
uc3m,train,data_raw/uc3m/train/01698.jpg,,AD-44*4*GG,44*4*GG,3743.0,1894.0,4293.0,1666.0,4293.0,1787.0,3740.0,2004.0,5.14817,1,single_row,day,2,,,,
uc3m,train,data_raw/uc3m/train/01699.jpg,,AD-*202JB*,*202JB*,3303.0,2154.0,3860.0,1930.0,3864.0,2047.0,3298.0,2270.0,5.183637,1,single_row,day,2,,,,
uc3m,train,data_raw/uc3m/train/01700.jpg,,AD-*036DB*,*036DB*,3992.0,2271.0,4557.0,2046.0,4564.0,2173.0,3995.0,2390.0,4.9430394,1,single_row,day,2,,,,
uc3m,train,data_raw/uc3m/train/01701.jpg,,AD-563**TB,563**TB,4009.0,2734.0,4565.0,2502.0,4568.0,2622.0,4005.0,2850.0,5.1242847,1,single_row,day,2,,,,
uc3m,train,data_raw/uc3m/train/01702.jpg,,AD-0*18LL*,0*18LL*,4092.0,2683.0,4663.0,2438.0,4671.0,2577.0,4097.0,2817.0,4.5495443,1,single_row,day,2,,,,
uc3m,train,data_raw/uc3m/train/01703.jpg,,AD-707*KT*,707*KT*,3256.0,2423.0,3881.0,2202.0,3889.0,2343.0,3256.0,2555.0,4.869508,1,single_row,day,2,,,,
uc3m,train,data_raw/uc3m/train/01704.jpg,,AD-29*8*MN,29*8*MN,3123.0,2326.0,3734.0,2102.0,3733.0,2234.0,3120.0,2445.0,5.174697,1,single_row,day,2,,,,
uc3m,train,data_raw/uc3m/train/01705.jpg,,AD-151**JW,151**JW,3033.0,3115.0,3666.0,2888.0,3672.0,3021.0,3030.0,3238.0,5.270499,1,single_row,day,2,,,,
uc3m,train,data_raw/uc3m/train/01706.jpg,,AD-80*2*PZ,80*2*PZ,2976.0,2670.0,3589.0,2463.0,3593.0,2598.0,2979.0,2795.0,4.966782,1,single_row,day,2,,,,
uc3m,train,data_raw/uc3m/train/01708.jpg,,AD-9*99GY*,9*99GY*,4932.0,4163.0,5533.0,3924.0,5560.0,4063.0,4947.0,4293.0,4.7768617,1,single_row,day,2,,,,
uc3m,train,data_raw/uc3m/train/01711.jpg,,AD-488**KN,488**KN,3521.0,3610.0,3977.0,3497.0,3967.0,3595.0,3505.0,3700.0,4.9682703,1,single_row,day,2,,,,
uc3m,train,data_raw/uc3m/train/01712.jpg,,AD-9*18*WV,9*18*WV,1065.0,748.0,1312.0,950.0,1309.0,1032.0,1061.0,830.0,3.8923454,1,single_row,day,2,,,,
uc3m,train,data_raw/uc3m/train/01713.jpg,,AD-32*3*PX,32*3*PX,2113.0,2464.0,2555.0,2374.0,2551.0,2466.0,2106.0,2553.0,4.9872394,1,single_row,day,2,,,,
uc3m,train,data_raw/uc3m/train/01714.jpg,,AD-83*7BY*,83*7BY*,3412.0,2220.0,3806.0,2118.0,3799.0,2214.0,3402.0,2312.0,4.3216095,1,single_row,day,2,,,,
uc3m,train,data_raw/uc3m/train/01715.jpg,,AD-*252*ZR,*252*ZR,2860.0,2989.0,3307.0,2900.0,3293.0,2990.0,2848.0,3075.0,5.10815,1,single_row,day,2,,,,
uc3m,train,data_raw/uc3m/train/01716.jpg,,AD-*252DW*,*252DW*,3152.0,3194.0,3602.0,3093.0,3594.0,3188.0,3143.0,3283.0,4.989942,1,single_row,day,2,,,,
uc3m,train,data_raw/uc3m/train/01717.jpg,,AN-*555J*N,*555J*N,3604.0,3420.0,4051.0,3313.0,4044.0,3408.0,3593.0,3520.0,4.7193074,1,single_row,night,2,,,,
uc3m,train,data_raw/uc3m/train/01721.jpg,,AD-0*75*PG,0*75*PG,2502.0,3401.0,2958.0,3305.0,2950.0,3392.0,2490.0,3488.0,5.3422136,1,single_row,day,2,,,,
uc3m,train,data_raw/uc3m/train/01722.jpg,,AD-87*0D*P,87*0D*P,4537.0,1800.0,4927.0,1717.0,4927.0,1806.0,4527.0,1886.0,4.5942497,1,single_row,day,2,,,,
uc3m,train,data_raw/uc3m/train/01723.jpg,,AD-3*22KS*,3*22KS*,3451.0,3768.0,3908.0,3657.0,3889.0,3754.0,3432.0,3853.0,5.044007,1,single_row,day,2,,,,
uc3m,train,data_raw/uc3m/train/01724.jpg,,AD-006**BF,006**BF,2396.0,2137.0,3055.0,2250.0,3046.0,2361.0,2382.0,2238.0,6.2996974,1,single_row,day,2,,,,
uc3m,train,data_raw/uc3m/train/01725.jpg,,AD-71*1GF*,71*1GF*,1872.0,332.0,2386.0,211.0,2384.0,320.0,1870.0,436.0,4.9520707,1,single_row,day,2,,,,
uc3m,train,data_raw/uc3m/train/01726.jpg,,AD-777**MW,777**MW,4404.0,3861.0,4975.0,3711.0,4970.0,3834.0,4392.0,3973.0,5.026042,1,single_row,day,2,,,,
uc3m,train,data_raw/uc3m/train/01727.jpg,,AD-16*5CY*,16*5CY*,3712.0,2636.0,4249.0,2504.0,4253.0,2613.0,3709.0,2738.0,5.263241,1,single_row,day,2,,,,
uc3m,train,data_raw/uc3m/train/01728.jpg,,AD-314**YN,314**YN,3919.0,2890.0,4279.0,2791.0,4272.0,2906.0,3909.0,2996.0,3.3712707,1,single_row,day,2,,,,
uc3m,train,data_raw/uc3m/train/01729.jpg,,AD-68*4KT*,68*4KT*,4412.0,3105.0,4955.0,2960.0,4946.0,3074.0,4396.0,3210.0,5.1167808,1,single_row,day,2,,,,
uc3m,train,data_raw/uc3m/train/01730.jpg,,AD-38*3*JP,38*3*JP,4553.0,3348.0,5092.0,3199.0,5089.0,3312.0,4545.0,3451.0,5.18,1,single_row,day,2,,,,
uc3m,train,data_raw/uc3m/train/01731.jpg,,AD-789**RY,789**RY,4765.0,1276.0,5261.0,1177.0,5251.0,1284.0,4755.0,1380.0,4.77003,1,single_row,day,2,,,,
uc3m,train,data_raw/uc3m/train/01732.jpg,,AD-571**YS,571**YS,1743.0,2947.0,2290.0,2909.0,2266.0,3022.0,1711.0,3057.0,4.800148,1,single_row,day,2,,,,
uc3m,train,data_raw/uc3m/train/01733.jpg,,AD-1*25JY*,1*25JY*,2092.0,2901.0,2671.0,2872.0,2637.0,2981.0,2066.0,3013.0,5.0254507,1,single_row,day,2,,,,
uc3m,train,data_raw/uc3m/train/01734.jpg,,AD-593**TR,593**TR,1855.0,3109.0,2435.0,3094.0,2403.0,3206.0,1820.0,3221.0,4.975499,1,single_row,day,2,,,,
uc3m,train,data_raw/uc3m/train/01735.jpg,,AD-6*36L*S,6*36L*S,3789.0,3802.0,4388.0,3793.0,4350.0,3905.0,3753.0,3920.0,4.950567,1,single_row,day,2,,,,
uc3m,train,data_raw/uc3m/train/01737.jpg,,AD-0*24H*L,0*24H*L,3309.0,3183.0,3892.0,3182.0,3856.0,3300.0,3268.0,3300.0,4.734278,1,single_row,day,2,,,,
uc3m,train,data_raw/uc3m/train/01738.jpg,,AD-*777JW*,*777JW*,3458.0,2826.0,4026.0,2828.0,3980.0,2932.0,3410.0,2929.0,5.005453,1,single_row,day,2,,,,
uc3m,train,data_raw/uc3m/train/01739.jpg,,AD-257**CN,257**CN,5490.0,2488.0,6000.0,2533.0,5948.0,2621.0,5442.0,2572.0,5.128344,1,single_row,day,2,,,,
uc3m,train,data_raw/uc3m/train/01741.jpg,,AD-21*1*MH,21*1*MH,2940.0,2665.0,3523.0,2751.0,3468.0,2856.0,2882.0,2770.0,4.954512,1,single_row,day,2,,,,
uc3m,train,data_raw/uc3m/train/01742.jpg,,AD-7*15*KZ,7*15*KZ,5107.0,1804.0,5624.0,1693.0,5613.0,1811.0,5096.0,1920.0,4.4978857,1,single_row,day,2,,,,
uc3m,train,data_raw/uc3m/train/01743.jpg,,AD-955**NT,955**NT,3209.0,2725.0,3760.0,2560.0,3755.0,2679.0,3204.0,2836.0,4.9870467,1,single_row,day,2,,,,
uc3m,train,data_raw/uc3m/train/01745.jpg,,AD-572**XR,572**XR,5065.0,2209.0,5557.0,2042.0,5553.0,2146.0,5049.0,2311.0,5.0640097,1,single_row,day,2,,,,
uc3m,train,data_raw/uc3m/train/01746.jpg,,AD-*885*MX,*885*MX,3004.0,2698.0,3542.0,2537.0,3537.0,2646.0,2991.0,2802.0,5.27955,1,single_row,day,2,,,,
uc3m,train,data_raw/uc3m/train/01747.jpg,,AD-696*GW*,696*GW*,4383.0,4283.0,4960.0,4101.0,4955.0,4224.0,4375.0,4395.0,5.139222,1,single_row,day,2,,,,
uc3m,train,data_raw/uc3m/train/01749.jpg,,AD-52*2*MX,52*2*MX,5569.0,2938.0,6131.0,2795.0,6124.0,2911.0,5565.0,3051.0,5.042583,1,single_row,day,2,,,,
uc3m,train,data_raw/uc3m/train/01750.jpg,,AD-969**NR,969**NR,6250.0,2163.0,6677.0,2083.0,6675.0,2171.0,6245.0,2251.0,4.948825,1,single_row,day,2,,,,
uc3m,train,data_raw/uc3m/train/01751.jpg,,AD-19*3L*M,19*3L*M,5710.0,1779.0,6138.0,1693.0,6134.0,1783.0,5696.0,1858.0,5.1722097,1,single_row,day,2,,,,
uc3m,train,data_raw/uc3m/train/01752.jpg,,AD-716**PF,716**PF,6036.0,1475.0,6456.0,1400.0,6447.0,1486.0,6028.0,1556.0,5.0722737,1,single_row,day,2,,,,
uc3m,train,data_raw/uc3m/train/01753.jpg,,AD-842**BN,842**BN,3595.0,3346.0,4215.0,3200.0,4218.0,3331.0,3591.0,3463.0,5.149893,1,single_row,day,2,,,,
uc3m,train,data_raw/uc3m/train/01754.jpg,,AD-91*9*BT,91*9*BT,4390.0,1845.0,4976.0,1753.0,4973.0,1884.0,4383.0,1971.0,4.624515,1,single_row,day,2,,,,
uc3m,train,data_raw/uc3m/train/01755.jpg,,AD-554*L*K,554*L*K,5029.0,2514.0,5622.0,2415.0,5610.0,2541.0,5014.0,2631.0,4.9236298,1,single_row,day,2,,,,
uc3m,train,data_raw/uc3m/train/01756.jpg,,AD-667**YC,667**YC,5733.0,2827.0,6328.0,2721.0,6314.0,2848.0,5720.0,2937.0,5.0516677,1,single_row,day,2,,,,
uc3m,train,data_raw/uc3m/train/01757.jpg,,AD-2*50*VT,2*50*VT,2255.0,2955.0,2866.0,2850.0,2858.0,2970.0,2238.0,3061.0,5.4766455,1,single_row,day,2,,,,
uc3m,train,data_raw/uc3m/train/01758.jpg,,AD-61*3*TV,61*3*TV,5488.0,1511.0,5926.0,1348.0,5917.0,1462.0,5477.0,1617.0,4.227019,1,single_row,day,2,,,,
uc3m,train,data_raw/uc3m/train/01759.jpg,,AD-0*99*RR,0*99*RR,2133.0,3094.0,2761.0,3010.0,2759.0,3140.0,2124.0,3220.0,4.96852,1,single_row,day,2,,,,
uc3m,train,data_raw/uc3m/train/01760.jpg,,AD-988*DR*,988*DR*,2477.0,3533.0,3105.0,3438.0,3108.0,3569.0,2474.0,3655.0,5.037914,1,single_row,day,2,,,,
uc3m,train,data_raw/uc3m/train/01762.jpg,,AD-0*80*BF,0*80*BF,3190.0,3880.0,3817.0,3821.0,3799.0,3946.0,3166.0,3992.0,5.250296,1,single_row,day,2,,,,
uc3m,train,data_raw/uc3m/train/01763.jpg,,AD-*181*VD,*181*VD,3308.0,4056.0,3946.0,3997.0,3916.0,4128.0,3281.0,4168.0,5.1161146,1,single_row,day,2,,,,
uc3m,train,data_raw/uc3m/train/01764.jpg,,AD-682**MM,682**MM,2456.0,3593.0,3086.0,3545.0,3075.0,3678.0,2441.0,3716.0,4.922821,1,single_row,day,2,,,,
uc3m,train,data_raw/uc3m/train/01765.jpg,,AD-9*04HW*,9*04HW*,2007.0,3768.0,2627.0,3713.0,2624.0,3830.0,1992.0,3885.0,5.3482747,1,single_row,day,2,,,,
uc3m,train,data_raw/uc3m/train/01766.jpg,,AD-0*10*FG,0*10*FG,2802.0,4131.0,3438.0,4070.0,3426.0,4202.0,2792.0,4254.0,4.9816246,1,single_row,day,2,,,,
uc3m,train,data_raw/uc3m/train/01767.jpg,,AD-180**RC,180**RC,2033.0,3667.0,2662.0,3616.0,2653.0,3732.0,2020.0,3786.0,5.36466,1,single_row,day,2,,,,
uc3m,train,data_raw/uc3m/train/01768.jpg,,AD-569*K*Y,569*K*Y,1317.0,2964.0,1921.0,2897.0,1912.0,3023.0,1306.0,3081.0,4.988882,1,single_row,day,2,,,,
uc3m,train,data_raw/uc3m/train/01770.jpg,,AD-79*5*SW,79*5*SW,1967.0,2578.0,2576.0,2534.0,2560.0,2656.0,1944.0,2694.0,5.088038,1,single_row,day,2,,,,
uc3m,train,data_raw/uc3m/train/01771.jpg,,AD-44*7*JH,44*7*JH,2802.0,3745.0,3448.0,3696.0,3431.0,3828.0,2786.0,3880.0,4.8133082,1,single_row,day,2,,,,
uc3m,train,data_raw/uc3m/train/01773.jpg,,AD-*511KY*,*511KY*,6298.0,3887.0,6895.0,3826.0,6878.0,3952.0,6276.0,3996.0,5.050414,1,single_row,day,2,,,,
uc3m,train,data_raw/uc3m/train/01774.jpg,,AD-*153KZ*,*153KZ*,1536.0,2524.0,2153.0,2481.0,2138.0,2601.0,1518.0,2632.0,5.3782306,1,single_row,day,2,,,,
uc3m,train,data_raw/uc3m/train/01775.jpg,,AD-52*8KY*,52*8KY*,2664.0,3522.0,3288.0,3471.0,3263.0,3589.0,2641.0,3636.0,5.275509,1,single_row,day,2,,,,
uc3m,train,data_raw/uc3m/train/01776.jpg,,AD-357**CR,357**CR,3133.0,3063.0,3766.0,3027.0,3744.0,3156.0,3114.0,3185.0,4.972572,1,single_row,day,2,,,,
uc3m,train,data_raw/uc3m/train/01777.jpg,,AD-819**KY,819**KY,2424.0,4211.0,3076.0,4152.0,3055.0,4288.0,2405.0,4333.0,5.0030947,1,single_row,day,2,,,,
uc3m,train,data_raw/uc3m/train/01778.jpg,,AD-16*8*VW,16*8*VW,4840.0,2093.0,5412.0,2044.0,5407.0,2166.0,4828.0,2208.0,4.8569036,1,single_row,day,2,,,,
uc3m,train,data_raw/uc3m/train/01779.jpg,,AD-680**XN,680**XN,2762.0,3910.0,3396.0,3837.0,3385.0,3957.0,2746.0,4028.0,5.3472977,1,single_row,day,2,,,,
uc3m,train,data_raw/uc3m/train/01780.jpg,,AD-189*KX*,189*KX*,2617.0,3188.0,3238.0,3131.0,3226.0,3260.0,2598.0,3305.0,5.0514836,1,single_row,day,2,,,,
uc3m,train,data_raw/uc3m/train/01781.jpg,,AD-82*1DV*,82*1DV*,2880.0,3077.0,3505.0,3030.0,3504.0,3159.0,2876.0,3203.0,4.925382,1,single_row,day,2,,,,
uc3m,train,data_raw/uc3m/train/01784.jpg,,AD-31*9JW*,31*9JW*,2983.0,3095.0,3365.0,3076.0,3340.0,3157.0,2969.0,3166.0,4.795685,1,single_row,day,2,,,,
uc3m,train,data_raw/uc3m/train/01785.jpg,,AD-876**SB,876**SB,4314.0,2635.0,4658.0,2625.0,4642.0,2701.0,4295.0,2712.0,4.403998,1,single_row,day,2,,,,
uc3m,train,data_raw/uc3m/train/01786.jpg,,AD-00*1BN*,00*1BN*,2667.0,3130.0,3038.0,3111.0,3022.0,3194.0,2647.0,3198.0,4.803525,1,single_row,day,2,,,,
uc3m,train,data_raw/uc3m/train/01788.jpg,,AD-2*78*RV,2*78*RV,3261.0,3825.0,3641.0,3791.0,3624.0,3869.0,3241.0,3897.0,4.9531174,1,single_row,day,2,,,,
uc3m,train,data_raw/uc3m/train/01789.jpg,,AD-926**JY,926**JY,4073.0,1881.0,4311.0,1808.0,4297.0,1875.0,4057.0,1943.0,3.762059,1,single_row,day,2,,,,
uc3m,train,data_raw/uc3m/train/01790.jpg,,AD-1*35*RC,1*35*RC,2596.0,3340.0,2970.0,3320.0,2956.0,3396.0,2580.0,3408.0,5.1022677,1,single_row,day,2,,,,
uc3m,train,data_raw/uc3m/train/01791.jpg,,AD-55*3*FF,55*3*FF,2697.0,3411.0,3067.0,3385.0,3050.0,3459.0,2681.0,3479.0,5.0790963,1,single_row,day,2,,,,
uc3m,train,data_raw/uc3m/train/01793.jpg,,AD-97*2KS*,97*2KS*,2085.0,2549.0,2446.0,2541.0,2433.0,2615.0,2072.0,2623.0,4.8059783,1,single_row,day,2,,,,
uc3m,train,data_raw/uc3m/train/01794.jpg,,AD-784*HV*,784*HV*,2797.0,3436.0,3173.0,3423.0,3162.0,3490.0,2781.0,3508.0,5.3486185,1,single_row,day,2,,,,
uc3m,train,data_raw/uc3m/train/01795.jpg,,AD-69*3*CR,69*3*CR,3003.0,3102.0,3187.0,3302.0,3177.0,3374.0,2990.0,3168.0,3.929588,1,single_row,day,2,,,,
uc3m,train,data_raw/uc3m/train/01797.jpg,,AD-993*HT*,993*HT*,2487.0,2860.0,2853.0,2849.0,2838.0,2927.0,2464.0,2935.0,4.688792,1,single_row,day,2,,,,
uc3m,train,data_raw/uc3m/train/01798.jpg,,AD-9*02*VW,9*02*VW,2372.0,3408.0,2752.0,3403.0,2740.0,3480.0,2354.0,3480.0,5.0348754,1,single_row,day,2,,,,
uc3m,train,data_raw/uc3m/train/01799.jpg,,AD-1*00B*D,1*00B*D,2260.0,3215.0,2629.0,3195.0,2613.0,3273.0,2239.0,3282.0,4.9630237,1,single_row,day,2,,,,
uc3m,train,data_raw/uc3m/train/01800.jpg,,AD-89*7LT*,89*7LT*,3067.0,3794.0,3456.0,3775.0,3443.0,3856.0,3050.0,3870.0,4.894566,1,single_row,day,2,,,,
uc3m,train,data_raw/uc3m/train/01801.jpg,,AD-596*C*Z,596*C*Z,2962.0,3566.0,3341.0,3550.0,3320.0,3625.0,2946.0,3634.0,5.099757,1,single_row,day,2,,,,
uc3m,train,data_raw/uc3m/train/01802.jpg,,AD-*639FZ*,*639FZ*,2956.0,3720.0,3344.0,3701.0,3326.0,3780.0,2936.0,3796.0,4.879282,1,single_row,day,2,,,,
uc3m,train,data_raw/uc3m/train/01804.jpg,,AD-64*6G*V,64*6G*V,3557.0,2038.0,3832.0,2008.0,3813.0,2063.0,3540.0,2095.0,4.686824,1,single_row,day,2,,,,
uc3m,train,data_raw/uc3m/train/01805.jpg,,AD-18*3*SX,18*3*SX,2015.0,2989.0,2381.0,2989.0,2367.0,3065.0,2002.0,3060.0,4.891201,1,single_row,day,2,,,,
uc3m,train,data_raw/uc3m/train/01806.jpg,,AD-0*09DH*,0*09DH*,2393.0,3873.0,2778.0,3864.0,2763.0,3940.0,2378.0,3946.0,5.0670805,1,single_row,day,2,,,,
uc3m,train,data_raw/uc3m/train/01807.jpg,,AD-*528*DH,*528*DH,2576.0,3091.0,2936.0,3077.0,2916.0,3139.0,2555.0,3150.0,5.646311,1,single_row,day,2,,,,
uc3m,train,data_raw/uc3m/train/01808.jpg,,AD-257*L*M,257*L*M,3544.0,2967.0,3886.0,2961.0,3871.0,3031.0,3528.0,3034.0,4.876848,1,single_row,day,2,,,,
uc3m,train,data_raw/uc3m/train/01810.jpg,,AD-292**SS,292**SS,1500.0,2736.0,1722.0,2726.0,1718.0,2799.0,1491.0,2802.0,3.215316,1,single_row,day,2,,,,
uc3m,train,data_raw/uc3m/train/01811.jpg,,AD-1*76*MX,1*76*MX,2827.0,1917.0,3106.0,1886.0,3096.0,1948.0,2815.0,1979.0,4.473309,1,single_row,day,2,,,,
uc3m,train,data_raw/uc3m/train/01812.jpg,,AD-914**PZ,914**PZ,1787.0,3378.0,2156.0,3366.0,2137.0,3433.0,1766.0,3446.0,5.258282,1,single_row,day,2,,,,
uc3m,train,data_raw/uc3m/train/01813.jpg,,AD-272**DJ,272**DJ,1387.0,3203.0,1752.0,3197.0,1743.0,3271.0,1376.0,3274.0,5.000682,1,single_row,day,2,,,,
uc3m,train,data_raw/uc3m/train/01814.jpg,,AD-*033LL*,*033LL*,1901.0,3238.0,2260.0,3223.0,2249.0,3296.0,1888.0,3304.0,5.1058936,1,single_row,day,2,,,,
uc3m,train,data_raw/uc3m/train/01815.jpg,,AD-5*06*DN,5*06*DN,3220.0,2845.0,3546.0,2834.0,3534.0,2900.0,3210.0,2910.0,4.8954134,1,single_row,day,2,,,,
uc3m,train,data_raw/uc3m/train/01816.jpg,,AD-712*LS*,712*LS*,3082.0,2300.0,3380.0,2274.0,3369.0,2338.0,3068.0,2361.0,4.712899,1,single_row,day,2,,,,
uc3m,train,data_raw/uc3m/train/01818.jpg,,AD-77*6*DF,77*6*DF,2150.0,4026.0,2523.0,4005.0,2518.0,4084.0,2138.0,4101.0,4.860815,1,single_row,day,2,,,,
uc3m,train,data_raw/uc3m/train/01819.jpg,,AD-2*06H*Z,2*06H*Z,2484.0,1952.0,2781.0,1934.0,2771.0,1996.0,2474.0,2012.0,4.812593,1,single_row,day,2,,,,
uc3m,train,data_raw/uc3m/train/01820.jpg,,AD-66*2*DY,66*2*DY,1220.0,2876.0,1565.0,2866.0,1556.0,2936.0,1209.0,2949.0,4.7949224,1,single_row,day,2,,,,
uc3m,train,data_raw/uc3m/train/01820.jpg,,AD-367**XP,367**XP,1636.0,1290.0,1935.0,1285.0,1922.0,1349.0,1619.0,1361.0,4.3544407,1,single_row,day,2,,,,
uc3m,train,data_raw/uc3m/train/01822.jpg,,AD-J6*06A*,J6*06A*,1713.0,3618.0,2069.0,3601.0,2063.0,3676.0,1702.0,3690.0,4.8467116,1,single_row,day,2,,,,
uc3m,train,data_raw/uc3m/train/01823.jpg,,AD-*448LK*,*448LK*,1398.0,3233.0,1758.0,3218.0,1740.0,3284.0,1379.0,3300.0,5.227482,1,single_row,day,2,,,,
uc3m,train,data_raw/uc3m/train/01824.jpg,,AD-2*24KT*,2*24KT*,1481.0,3052.0,1835.0,3035.0,1825.0,3112.0,1473.0,3124.0,4.7079334,1,single_row,day,2,,,,
uc3m,train,data_raw/uc3m/train/01825.jpg,,AD-595*LV*,595*LV*,1473.0,3381.0,1833.0,3370.0,1832.0,3439.0,1462.0,3452.0,5.185474,1,single_row,day,2,,,,
uc3m,train,data_raw/uc3m/train/01826.jpg,,AD-*515*ZH,*515*ZH,2899.0,3809.0,3240.0,3774.0,3235.0,3841.0,2890.0,3874.0,5.190759,1,single_row,day,2,,,,
uc3m,train,data_raw/uc3m/train/01827.jpg,,AD-641*K*G,641*K*G,2841.0,2605.0,3123.0,2558.0,3113.0,2623.0,2832.0,2664.0,4.5426683,1,single_row,day,2,,,,
uc3m,train,data_raw/uc3m/train/01828.jpg,,AD-*214*YY,*214*YY,2842.0,2175.0,3167.0,2134.0,3170.0,2202.0,2845.0,2239.0,4.954541,1,single_row,day,2,,,,
uc3m,train,data_raw/uc3m/train/01828.jpg,,AD-11*3JH*,11*3JH*,5700.0,4470.0,6095.0,4411.0,6098.0,4493.0,5698.0,4546.0,5.078897,1,single_row,day,2,,,,
uc3m,train,data_raw/uc3m/train/01828.jpg,,AD-2*20*HH,2*20*HH,749.0,349.0,1033.0,325.0,1035.0,378.0,751.0,402.0,5.373765,1,single_row,day,2,,,,
uc3m,train,data_raw/uc3m/train/01830.jpg,,AD-2*20*HH,2*20*HH,2964.0,2027.0,3300.0,1990.0,3302.0,2053.0,2966.0,2090.0,5.3628707,1,single_row,day,2,,,,
uc3m,train,data_raw/uc3m/train/01833.jpg,,AD-513*LT*,513*LT*,1613.0,2334.0,1975.0,2285.0,1982.0,2359.0,1619.0,2410.0,4.860741,1,single_row,day,2,,,,
uc3m,train,data_raw/uc3m/train/01833.jpg,,AD-19*8D*S,19*8D*S,6101.0,2418.0,6457.0,2365.0,6454.0,2437.0,6099.0,2493.0,4.8903227,1,single_row,day,2,,,,
uc3m,train,data_raw/uc3m/train/01834.jpg,,AD-373**PB,373**PB,3771.0,1940.0,4116.0,1894.0,4118.0,1955.0,3769.0,2006.0,5.5150547,1,single_row,day,2,,,,
uc3m,train,data_raw/uc3m/train/01835.jpg,,AD-756**GS,756**GS,3067.0,1427.0,3406.0,1384.0,3408.0,1454.0,3068.0,1493.0,5.0276766,1,single_row,day,2,,,,
uc3m,train,data_raw/uc3m/train/01836.jpg,,AD-3*05*HH,3*05*HH,1166.0,2903.0,1756.0,2812.0,1770.0,2929.0,1173.0,3014.0,5.238901,1,single_row,day,2,,,,
uc3m,train,data_raw/uc3m/train/01837.jpg,,AD-63*3*BR,63*3*BR,3045.0,2545.0,3610.0,2449.0,3622.0,2563.0,3051.0,2658.0,5.057077,1,single_row,day,2,,,,
uc3m,train,data_raw/uc3m/train/01838.jpg,,AD-988**JN,988**JN,2215.0,2238.0,3226.0,2030.0,3253.0,2241.0,2240.0,2429.0,5.0881314,1,single_row,day,2,,,,
uc3m,train,data_raw/uc3m/train/01839.jpg,,AD-988**JN,988**JN,2731.0,3957.0,3400.0,3809.0,3417.0,3950.0,2747.0,4089.0,4.980019,1,single_row,day,2,,,,
uc3m,train,data_raw/uc3m/train/01839.jpg,,AD-280*J*S,280*J*S,4901.0,1363.0,5497.0,1231.0,5510.0,1360.0,4916.0,1491.0,4.7140355,1,single_row,day,2,,,,
uc3m,train,data_raw/uc3m/train/01840.jpg,,AD-44*4*NH,44*4*NH,2543.0,614.0,3100.0,496.0,3113.0,618.0,2551.0,727.0,4.838826,1,single_row,day,2,,,,
uc3m,train,data_raw/uc3m/train/01842.jpg,,AD-2*04*SS,2*04*SS,3690.0,3320.0,4286.0,3173.0,4303.0,3298.0,3709.0,3448.0,4.799422,1,single_row,day,2,,,,
uc3m,train,data_raw/uc3m/train/01845.jpg,,AD-770**BL,770**BL,4039.0,1664.0,4544.0,1551.0,4565.0,1646.0,4059.0,1770.0,5.0616193,1,single_row,day,2,,,,
uc3m,train,data_raw/uc3m/train/01846.jpg,,AD-798**GS,798**GS,2297.0,2787.0,2834.0,2656.0,2853.0,2757.0,2315.0,2890.0,5.338975,1,single_row,day,2,,,,
uc3m,train,data_raw/uc3m/train/01847.jpg,,AD-039**NS,039**NS,4100.0,1986.0,4613.0,1858.0,4627.0,1963.0,4115.0,2084.0,5.1437488,1,single_row,day,2,,,,
uc3m,train,data_raw/uc3m/train/01848.jpg,,AD-99*1*GP,99*1*GP,3320.0,3337.0,3877.0,3196.0,3901.0,3310.0,3331.0,3441.0,5.2444105,1,single_row,day,2,,,,
uc3m,train,data_raw/uc3m/train/01850.jpg,,AD-B*720V*,B*720V*,948.0,774.0,1077.0,777.0,1077.0,805.0,946.0,799.0,4.901523,1,single_row,day,2,,,,
uc3m,train,data_raw/uc3m/train/01851.jpg,,AD-4*04*TX,4*04*TX,1271.0,944.0,1401.0,958.0,1398.0,981.0,1269.0,968.0,5.5079527,1,single_row,day,2,,,,
uc3m,train,data_raw/uc3m/train/01852.jpg,,AD-35*0L*P,35*0L*P,736.0,733.0,931.0,735.0,929.0,774.0,740.0,770.0,5.0356436,1,single_row,day,2,,,,
uc3m,train,data_raw/uc3m/train/01853.jpg,,AD-*110GF*,*110GF*,1019.0,986.0,1318.0,980.0,1321.0,1039.0,1020.0,1045.0,5.082115,1,single_row,day,2,,,,
uc3m,train,data_raw/uc3m/train/01854.jpg,,AD-196**ZS,196**ZS,1098.0,951.0,1265.0,956.0,1265.0,990.0,1100.0,982.0,5.106762,1,single_row,day,2,,,,
uc3m,train,data_raw/uc3m/train/01855.jpg,,AD-244**PP,244**PP,1157.0,933.0,1317.0,935.0,1320.0,965.0,1160.0,963.0,5.3072796,1,single_row,day,2,,,,
uc3m,train,data_raw/uc3m/train/01857.jpg,,AD-*571G*S,*571G*S,852.0,1116.0,1216.0,1112.0,1214.0,1193.0,851.0,1193.0,4.600497,1,single_row,day,2,,,,
uc3m,train,data_raw/uc3m/train/01859.jpg,,AD-023*C*R,023*C*R,780.0,1024.0,1036.0,1019.0,1038.0,1069.0,777.0,1073.0,5.216084,1,single_row,day,2,,,,
uc3m,train,data_raw/uc3m/train/01860.jpg,,AD-58*4*ZX,58*4*ZX,789.0,792.0,1079.0,792.0,1082.0,853.0,792.0,850.0,4.8678923,1,single_row,day,2,,,,
uc3m,train,data_raw/uc3m/train/01861.jpg,,AD-579*K*T,579*K*T,1062.0,1120.0,1394.0,1107.0,1402.0,1179.0,1066.0,1188.0,4.755065,1,single_row,day,2,,,,
uc3m,train,data_raw/uc3m/train/01863.jpg,,AD-906**WY,906**WY,660.0,875.0,839.0,881.0,837.0,919.0,659.0,912.0,4.75898,1,single_row,day,2,,,,
uc3m,train,data_raw/uc3m/train/01866.jpg,,AD-618**MW,618**MW,784.0,701.0,971.0,707.0,971.0,747.0,780.0,740.0,4.775285,1,single_row,day,2,,,,
uc3m,train,data_raw/uc3m/train/01868.jpg,,AD-11*6*KD,11*6*KD,547.0,858.0,721.0,873.0,715.0,908.0,542.0,892.0,4.985724,1,single_row,day,2,,,,
uc3m,train,data_raw/uc3m/train/01869.jpg,,AD-965**MD,965**MD,833.0,813.0,1028.0,817.0,1027.0,854.0,833.0,853.0,5.0516276,1,single_row,day,2,,,,
uc3m,train,data_raw/uc3m/train/01870.jpg,,AD-59*7*MK,59*7*MK,580.0,757.0,748.0,758.0,746.0,788.0,577.0,789.0,5.4175,1,single_row,day,2,,,,
uc3m,train,data_raw/uc3m/train/01872.jpg,,AD-198**RX,198**RX,698.0,798.0,853.0,800.0,852.0,833.0,695.0,827.0,5.020556,1,single_row,day,2,,,,
uc3m,train,data_raw/uc3m/train/01873.jpg,,AD-54*5*VR,54*5*VR,1662.0,969.0,1910.0,989.0,1910.0,1036.0,1658.0,1018.0,5.214555,1,single_row,day,2,,,,
uc3m,train,data_raw/uc3m/train/01874.jpg,,AD-0*04*YN,0*04*YN,548.0,1060.0,964.0,1053.0,967.0,1131.0,549.0,1135.0,5.449199,1,single_row,day,2,,,,
uc3m,train,data_raw/uc3m/train/01875.jpg,,AD-387**BG,387**BG,1356.0,904.0,1688.0,901.0,1692.0,974.0,1355.0,979.0,4.5170665,1,single_row,day,2,,,,
uc3m,train,data_raw/uc3m/train/01877.jpg,,AD-832*HG*,832*HG*,387.0,1021.0,584.0,1026.0,584.0,1064.0,388.0,1058.0,5.241126,1,single_row,day,2,,,,
uc3m,train,data_raw/uc3m/train/01878.jpg,,AD-333*FZ*,333*FZ*,845.0,1108.0,1025.0,1104.0,1026.0,1140.0,845.0,1141.0,5.231515,1,single_row,day,2,,,,
uc3m,train,data_raw/uc3m/train/01879.jpg,,AD-0*51LM*,0*51LM*,127.0,1045.0,293.0,1025.0,299.0,1057.0,132.0,1079.0,5.015342,1,single_row,day,2,,,,
uc3m,train,data_raw/uc3m/train/01879.jpg,,AD-692**BZ,692**BZ,803.0,962.0,924.0,948.0,925.0,977.0,804.0,991.0,4.1977544,1,single_row,day,2,,,,
uc3m,train,data_raw/uc3m/train/01880.jpg,,AD-*615*JW,*615*JW,932.0,622.0,1267.0,593.0,1274.0,659.0,937.0,687.0,5.1261997,1,single_row,day,2,,,,
uc3m,train,data_raw/uc3m/train/01881.jpg,,AD-24*3*PM,24*3*PM,1176.0,670.0,1511.0,632.0,1521.0,694.0,1184.0,732.0,5.396661,1,single_row,day,2,,,,
uc3m,train,data_raw/uc3m/train/01882.jpg,,AD-539**YY,539**YY,1092.0,618.0,1428.0,592.0,1433.0,656.0,1098.0,677.0,5.4466863,1,single_row,day,2,,,,
uc3m,train,data_raw/uc3m/train/01884.jpg,,AD-008*GX*,008*GX*,1118.0,686.0,1531.0,670.0,1533.0,749.0,1120.0,758.0,5.4709764,1,single_row,day,2,,,,
uc3m,train,data_raw/uc3m/train/01885.jpg,,AD-*551*RW,*551*RW,566.0,983.0,854.0,944.0,857.0,997.0,574.0,1034.0,5.5013413,1,single_row,day,2,,,,
uc3m,train,data_raw/uc3m/train/01886.jpg,,AD-367**BS,367**BS,1334.0,1036.0,1500.0,1038.0,1503.0,1072.0,1326.0,1075.0,4.6391425,1,single_row,day,2,,,,
uc3m,train,data_raw/uc3m/train/01887.jpg,,AD-3*84GZ*,3*84GZ*,1154.0,798.0,1338.0,796.0,1341.0,836.0,1155.0,835.0,4.797529,1,single_row,day,2,,,,
uc3m,train,data_raw/uc3m/train/01888.jpg,,AN-33*0*FH,33*0*FH,1055.0,1038.0,1275.0,1048.0,1273.0,1095.0,1051.0,1080.0,4.9615664,1,single_row,night,2,,,,
uc3m,train,data_raw/uc3m/train/01889.jpg,,AD-0*38*YY,0*38*YY,1171.0,956.0,1379.0,962.0,1378.0,1004.0,1170.0,997.0,5.0130544,1,single_row,day,2,,,,
uc3m,train,data_raw/uc3m/train/01890.jpg,,AD-603*JP*,603*JP*,663.0,996.0,1079.0,1004.0,1084.0,1085.0,663.0,1074.0,5.2604375,1,single_row,day,2,,,,
uc3m,train,data_raw/uc3m/train/01890.jpg,,AD-M636*Z*,M636*Z*,1553.0,784.0,1691.0,783.0,1694.0,812.0,1553.0,812.0,4.881546,1,single_row,day,2,,,,
uc3m,train,data_raw/uc3m/train/01891.jpg,,AD-864**MM,864**MM,1813.0,1065.0,1924.0,1037.0,1918.0,1082.0,1805.0,1110.0,2.53441,1,single_row,day,2,,,,
uc3m,train,data_raw/uc3m/train/01893.jpg,,AD-603*JP*,603*JP*,1493.0,699.0,1648.0,706.0,1647.0,735.0,1492.0,727.0,5.4416385,1,single_row,day,2,,,,
uc3m,train,data_raw/uc3m/train/01894.jpg,,AD-3*84*DN,3*84*DN,1656.0,936.0,1859.0,916.0,1872.0,972.0,1669.0,995.0,3.4628208,1,single_row,day,2,,,,
uc3m,train,data_raw/uc3m/train/01895.jpg,,AD-59*8*GG,59*8*GG,575.0,960.0,749.0,927.0,761.0,973.0,587.0,1008.0,3.6549048,1,single_row,day,2,,,,
uc3m,train,data_raw/uc3m/train/01897.jpg,,DD-294*L*L,294*L*L,1357.0,934.0,1604.0,918.0,1618.0,975.0,1373.0,991.0,4.181946,1,single_row,day,2,,,,
uc3m,train,data_raw/uc3m/train/01899.jpg,,AD-39*7J*H,39*7J*H,878.0,1205.0,1343.0,1210.0,1348.0,1309.0,878.0,1299.0,4.8420844,1,single_row,day,2,,,,
uc3m,train,data_raw/uc3m/train/01900.jpg,,AD-531**VG,531**VG,1303.0,965.0,1520.0,959.0,1539.0,1013.0,1319.0,1019.0,3.8494468,1,single_row,day,2,,,,
uc3m,train,data_raw/uc3m/train/01901.jpg,,AD-37*3DJ*,37*3DJ*,1004.0,1088.0,1146.0,1067.0,1152.0,1103.0,1012.0,1127.0,3.742521,1,single_row,day,2,,,,
uc3m,train,data_raw/uc3m/train/01904.jpg,,AD-*705K*Z,*705K*Z,571.0,897.0,827.0,919.0,818.0,970.0,561.0,946.0,5.0596437,1,single_row,day,2,,,,
uc3m,train,data_raw/uc3m/train/01905.jpg,,AN-70*8*RC,70*8*RC,973.0,1003.0,1216.0,994.0,1220.0,1049.0,980.0,1060.0,4.294249,1,single_row,night,2,,,,
uc3m,train,data_raw/uc3m/train/01906.jpg,,AD-TO901*A*,TO901*A*,1006.0,1064.0,1225.0,1046.0,1233.0,1104.0,1010.0,1117.0,3.9670334,1,single_row,day,2,,,,
uc3m,train,data_raw/uc3m/train/01907.jpg,,AD-664*B*D,664*B*D,738.0,1159.0,1457.0,1177.0,1457.0,1322.0,729.0,1305.0,4.9692326,1,single_row,day,2,,,,
uc3m,train,data_raw/uc3m/train/01908.jpg,,AD-528*HZ*,528*HZ*,539.0,846.0,863.0,905.0,859.0,981.0,536.0,907.0,4.816312,1,single_row,day,2,,,,
uc3m,train,data_raw/uc3m/train/01909.jpg,,AD-398**CT,398**CT,608.0,578.0,848.0,600.0,844.0,650.0,602.0,624.0,5.01711,1,single_row,day,2,,,,
uc3m,train,data_raw/uc3m/train/01911.jpg,,AD-86*4HW*,86*4HW*,1029.0,777.0,1301.0,820.0,1292.0,882.0,1018.0,836.0,4.50989,1,single_row,day,2,,,,
uc3m,train,data_raw/uc3m/train/01912.jpg,,AD-6*47*NT,6*47*NT,999.0,656.0,1242.0,671.0,1235.0,725.0,993.0,704.0,4.7300777,1,single_row,day,2,,,,
uc3m,train,data_raw/uc3m/train/01913.jpg,,AD-8*41BB*,8*41BB*,809.0,684.0,1071.0,706.0,1072.0,762.0,815.0,737.0,4.7658634,1,single_row,day,2,,,,
uc3m,train,data_raw/uc3m/train/01914.jpg,,AD-77*5*VS,77*5*VS,405.0,1048.0,775.0,1148.0,763.0,1254.0,389.0,1133.0,4.019063,1,single_row,day,2,,,,
uc3m,train,data_raw/uc3m/train/01915.jpg,,AD-1*36*TG,1*36*TG,1046.0,790.0,1228.0,820.0,1224.0,856.0,1045.0,824.0,5.215168,1,single_row,day,2,,,,
uc3m,train,data_raw/uc3m/train/01916.jpg,,AD-49*3*BG,49*3*BG,793.0,923.0,1059.0,900.0,1063.0,958.0,794.0,978.0,4.743702,1,single_row,day,2,,,,
uc3m,train,data_raw/uc3m/train/01917.jpg,,AD-098**WY,098**WY,930.0,708.0,1158.0,705.0,1161.0,756.0,931.0,764.0,4.2779765,1,single_row,day,2,,,,
uc3m,train,data_raw/uc3m/train/01918.jpg,,AD-M099*Z*,M099*Z*,865.0,898.0,1161.0,862.0,1158.0,929.0,863.0,977.0,4.0868697,1,single_row,day,2,,,,
uc3m,train,data_raw/uc3m/train/01919.jpg,,AD-888**MZ,888**MZ,800.0,1030.0,1098.0,976.0,1106.0,1035.0,809.0,1096.0,4.804196,1,single_row,day,2,,,,
uc3m,train,data_raw/uc3m/train/01920.jpg,,AD-*173*WW,*173*WW,458.0,707.0,605.0,694.0,612.0,720.0,461.0,735.0,5.433622,1,single_row,day,2,,,,
uc3m,train,data_raw/uc3m/train/01920.jpg,,AD-52*3LL*,52*3LL*,1030.0,647.0,1111.0,642.0,1113.0,660.0,1032.0,666.0,4.3631024,1,single_row,day,2,,,,
uc3m,train,data_raw/uc3m/train/01922.jpg,,AD-437**DL,437**DL,1564.0,742.0,1900.0,712.0,1900.0,796.0,1564.0,836.0,3.7961192,1,single_row,day,2,,,,
uc3m,train,data_raw/uc3m/train/01923.jpg,,AD-676*L*M,676*L*M,995.0,1027.0,1544.0,838.0,1567.0,952.0,1020.0,1183.0,4.2816315,1,single_row,day,2,,,,
uc3m,train,data_raw/uc3m/train/01925.jpg,,AD-38*8*PF,38*8*PF,956.0,527.0,1240.0,533.0,1240.0,587.0,954.0,579.0,5.377062,1,single_row,day,2,,,,
uc3m,train,data_raw/uc3m/train/01926.jpg,,AD-31*3*BW,31*3*BW,1228.0,664.0,1422.0,651.0,1425.0,689.0,1231.0,701.0,5.1675653,1,single_row,day,2,,,,
uc3m,train,data_raw/uc3m/train/01927.jpg,,AD-27*4*TM,27*4*TM,1278.0,771.0,1468.0,759.0,1474.0,796.0,1281.0,808.0,5.143791,1,single_row,day,2,,,,
uc3m,train,data_raw/uc3m/train/01928.jpg,,AD-37*6*RR,37*6*RR,1151.0,791.0,1343.0,780.0,1345.0,820.0,1153.0,830.0,4.86181,1,single_row,day,2,,,,
uc3m,train,data_raw/uc3m/train/01929.jpg,,AD-399*J*H,399*J*H,1083.0,736.0,1284.0,720.0,1290.0,762.0,1088.0,777.0,4.827316,1,single_row,day,2,,,,
uc3m,train,data_raw/uc3m/train/01930.jpg,,AD-8*41*NB,8*41*NB,753.0,830.0,1358.0,721.0,1376.0,830.0,778.0,933.0,5.6431108,1,single_row,day,2,,,,
uc3m,train,data_raw/uc3m/train/01931.jpg,,AD-879**BG,879**BG,1322.0,1083.0,1607.0,1015.0,1594.0,1084.0,1311.0,1158.0,4.0099277,1,single_row,day,2,,,,
uc3m,train,data_raw/uc3m/train/01933.jpg,,AD-0*86L*R,0*86L*R,392.0,1116.0,731.0,1208.0,712.0,1303.0,380.0,1202.0,3.8009243,1,single_row,day,2,,,,
uc3m,train,data_raw/uc3m/train/01934.jpg,,AD-795*HY*,795*HY*,373.0,1230.0,711.0,1453.0,696.0,1551.0,368.0,1310.0,4.5285397,1,single_row,day,2,,,,
uc3m,train,data_raw/uc3m/train/01935.jpg,,AD-*466CM*,*466CM*,52.0,1062.0,495.0,1121.0,495.0,1234.0,55.0,1167.0,4.0908637,1,single_row,day,2,,,,
uc3m,train,data_raw/uc3m/train/01936.jpg,,AD-841*BN*,841*BN*,473.0,1154.0,910.0,1346.0,876.0,1492.0,452.0,1283.0,3.3856552,1,single_row,day,2,,,,
uc3m,train,data_raw/uc3m/train/01937.jpg,,BD-85*4K*M,85*4K*M,469.0,1329.0,1008.0,1284.0,1055.0,1686.0,508.0,1743.0,1.3293633,2,two_row,day,2,,,,
uc3m,train,data_raw/uc3m/train/01938.jpg,,AD-24*3*BX,24*3*BX,272.0,1270.0,852.0,1388.0,835.0,1527.0,262.0,1395.0,4.445115,1,single_row,day,2,,,,
uc3m,train,data_raw/uc3m/train/01939.jpg,,AD-23*3*CD,23*3*CD,535.0,970.0,1008.0,1016.0,998.0,1124.0,526.0,1072.0,4.5058103,1,single_row,day,2,,,,
uc3m,train,data_raw/uc3m/train/01940.jpg,,AD-233**RW,233**RW,701.0,1561.0,1107.0,1594.0,1106.0,1692.0,700.0,1645.0,4.4835205,1,single_row,day,2,,,,
uc3m,train,data_raw/uc3m/train/01943.jpg,,AD-37*3KY*,37*3KY*,857.0,1576.0,1212.0,1620.0,1201.0,1717.0,848.0,1665.0,3.8194494,1,single_row,day,2,,,,
uc3m,train,data_raw/uc3m/train/01944.jpg,,AD-07*6FD*,07*6FD*,875.0,1345.0,1210.0,1382.0,1203.0,1465.0,867.0,1422.0,4.2049723,1,single_row,day,2,,,,
uc3m,train,data_raw/uc3m/train/01946.jpg,,AD-*086*FH,*086*FH,329.0,1511.0,692.0,1539.0,695.0,1643.0,333.0,1601.0,3.752633,1,single_row,day,2,,,,
uc3m,train,data_raw/uc3m/train/01947.jpg,,AD-06*0*DC,06*0*DC,792.0,1645.0,1160.0,1698.0,1145.0,1782.0,776.0,1729.0,4.3583946,1,single_row,day,2,,,,
uc3m,train,data_raw/uc3m/train/01948.jpg,,AD-33*6*FT,33*6*FT,670.0,1446.0,1113.0,1501.0,1093.0,1619.0,652.0,1554.0,3.892985,1,single_row,day,2,,,,
uc3m,train,data_raw/uc3m/train/01949.jpg,,AD-81*1*XZ,81*1*XZ,193.0,1457.0,611.0,1476.0,613.0,1575.0,195.0,1546.0,4.4534383,1,single_row,day,2,,,,
uc3m,train,data_raw/uc3m/train/01951.jpg,,AD-37*2BZ*,37*2BZ*,598.0,1414.0,1016.0,1462.0,1007.0,1555.0,594.0,1501.0,4.6378946,1,single_row,day,2,,,,
uc3m,train,data_raw/uc3m/train/01952.jpg,,AD-769**BH,769**BH,0.0,1818.0,436.0,1914.0,423.0,2041.0,1.0,1925.0,3.7674308,1,single_row,day,2,,,,
uc3m,train,data_raw/uc3m/train/01953.jpg,,AD-0*02*SV,0*02*SV,888.0,1467.0,1279.0,1535.0,1265.0,1637.0,878.0,1554.0,4.1603584,1,single_row,day,2,,,,
uc3m,train,data_raw/uc3m/train/01954.jpg,,AD-700*DZ*,700*DZ*,685.0,1378.0,1062.0,1456.0,1042.0,1544.0,665.0,1459.0,4.441861,1,single_row,day,2,,,,
uc3m,train,data_raw/uc3m/train/01955.jpg,,AD-80*2KS*,80*2KS*,409.0,1413.0,892.0,1444.0,886.0,1550.0,403.0,1510.0,4.76333,1,single_row,day,2,,,,
uc3m,train,data_raw/uc3m/train/01956.jpg,,AD-9*00*YV,9*00*YV,798.0,1478.0,1259.0,1528.0,1248.0,1644.0,789.0,1590.0,4.045192,1,single_row,day,2,,,,
uc3m,train,data_raw/uc3m/train/01957.jpg,,AD-060**FY,060**FY,687.0,1564.0,1055.0,1612.0,1046.0,1692.0,680.0,1640.0,4.7236495,1,single_row,day,2,,,,
uc3m,train,data_raw/uc3m/train/01958.jpg,,AD-339*DB*,339*DB*,578.0,1272.0,935.0,1324.0,920.0,1412.0,566.0,1354.0,4.1795983,1,single_row,day,2,,,,
uc3m,train,data_raw/uc3m/train/01959.jpg,,AD-579*D*H,579*D*H,1044.0,1422.0,1458.0,1451.0,1448.0,1557.0,1036.0,1514.0,4.1709156,1,single_row,day,2,,,,
uc3m,train,data_raw/uc3m/train/01960.jpg,,AD-52*4*SC,52*4*SC,879.0,1575.0,1313.0,1612.0,1305.0,1718.0,874.0,1677.0,4.1670837,1,single_row,day,2,,,,
uc3m,train,data_raw/uc3m/train/01961.jpg,,AD-M6*34*U,M6*34*U,620.0,1221.0,1057.0,1296.0,1050.0,1427.0,614.0,1338.0,3.577265,1,single_row,day,2,,,,
uc3m,train,data_raw/uc3m/train/01962.jpg,,AD-62*2*ST,62*2*ST,814.0,1243.0,1182.0,1264.0,1169.0,1357.0,800.0,1326.0,4.1493287,1,single_row,day,2,,,,
uc3m,train,data_raw/uc3m/train/01964.jpg,,BD-655**NF,655**NF,780.0,1452.0,960.0,1495.0,905.0,1693.0,731.0,1637.0,0.92687434,2,two_row,day,2,,,,
uc3m,train,data_raw/uc3m/train/01965.jpg,,AD-843**NC,843**NC,1007.0,1586.0,1213.0,1496.0,1211.0,1553.0,1012.0,1639.0,4.004611,1,single_row,day,2,,,,
uc3m,train,data_raw/uc3m/train/01966.jpg,,BD-16*5HX*,16*5HX*,724.0,1655.0,1238.0,1495.0,1310.0,1880.0,815.0,2039.0,1.3458263,2,two_row,day,2,,,,
uc3m,train,data_raw/uc3m/train/01967.jpg,,AD-477**DZ,477**DZ,1262.0,1729.0,1432.0,1537.0,1438.0,1633.0,1268.0,1828.0,2.6367729,1,single_row,day,2,,,,
uc3m,train,data_raw/uc3m/train/01968.jpg,,AD-M605*T*,M605*T*,800.0,1463.0,1045.0,1374.0,1039.0,1453.0,801.0,1536.0,3.367978,1,single_row,day,2,,,,
uc3m,train,data_raw/uc3m/train/01970.jpg,,AD-6*20*SS,6*20*SS,516.0,1805.0,753.0,1648.0,762.0,1738.0,530.0,1893.0,3.1371875,1,single_row,day,2,,,,
uc3m,train,data_raw/uc3m/train/01971.jpg,,AD-77*1D*M,77*1D*M,826.0,1941.0,1166.0,1818.0,1167.0,1909.0,827.0,2025.0,4.1186357,1,single_row,day,2,,,,
uc3m,train,data_raw/uc3m/train/01972.jpg,,AD-655**WX,655**WX,994.0,1525.0,1455.0,1823.0,1437.0,1946.0,983.0,1637.0,4.636327,1,single_row,day,2,,,,
uc3m,train,data_raw/uc3m/train/01973.jpg,,AD-8*87*MW,8*87*MW,1037.0,1647.0,1297.0,1565.0,1300.0,1640.0,1039.0,1715.0,3.803122,1,single_row,day,2,,,,
uc3m,test,data_raw/uc3m/test/00000.jpg,,AN-597*LK*,597*LK*,1650.0,1717.0,3309.0,1411.0,3330.0,1769.0,1736.0,2087.0,4.4854326,1,single_row,night,2,,,,
uc3m,test,data_raw/uc3m/test/00014.jpg,,AN-07*6*YR,07*6*YR,2292.0,2355.0,2897.0,2428.0,2896.0,2554.0,2296.0,2472.0,4.9983706,1,single_row,night,2,,,,
uc3m,test,data_raw/uc3m/test/00015.jpg,,AN-4*73B*W,4*73B*W,919.0,2405.0,1745.0,2556.0,1740.0,2763.0,929.0,2594.0,4.2089477,1,single_row,night,2,,,,
uc3m,test,data_raw/uc3m/test/00016.jpg,,AN-14*1D*D,14*1D*D,2007.0,2265.0,2968.0,2412.0,2951.0,2604.0,2004.0,2441.0,5.2419353,1,single_row,night,2,,,,
uc3m,test,data_raw/uc3m/test/00022.jpg,,AN-444**PC,444**PC,931.0,2634.0,1948.0,2855.0,1952.0,3064.0,929.0,2816.0,5.3532047,1,single_row,night,2,,,,
uc3m,test,data_raw/uc3m/test/00024.jpg,,AD-05*1*DH,05*1*DH,2163.0,1124.0,2898.0,1080.0,2910.0,1240.0,2189.0,1268.0,4.7521677,1,single_row,day,2,,,,
uc3m,test,data_raw/uc3m/test/00035.jpg,,AD-72*7*PP,72*7*PP,2320.0,1357.0,2798.0,1322.0,2801.0,1427.0,2327.0,1458.0,4.626084,1,single_row,day,2,,,,
uc3m,test,data_raw/uc3m/test/00035.jpg,,AD-879*KX*,879*KX*,17.0,1500.0,348.0,1471.0,350.0,1553.0,18.0,1581.0,4.0817294,1,single_row,day,2,,,,
uc3m,test,data_raw/uc3m/test/00037.jpg,,AD-7*69*FN,7*69*FN,2347.0,1437.0,3055.0,1511.0,3043.0,1658.0,2343.0,1576.0,4.943851,1,single_row,day,2,,,,
uc3m,test,data_raw/uc3m/test/00038.jpg,,AD-*678*DP,*678*DP,2066.0,1625.0,2733.0,1555.0,2751.0,1682.0,2079.0,1755.0,5.200946,1,single_row,day,2,,,,
uc3m,test,data_raw/uc3m/test/00038.jpg,,AD-*330*SZ,*330*SZ,3318.0,1130.0,3564.0,1102.0,3571.0,1153.0,3327.0,1179.0,4.866538,1,single_row,day,2,,,,
uc3m,test,data_raw/uc3m/test/00039.jpg,,AD-733**JW,733**JW,3060.0,1744.0,3660.0,1615.0,3655.0,1756.0,3064.0,1893.0,4.20615,1,single_row,day,2,,,,
uc3m,test,data_raw/uc3m/test/00075.jpg,,AD-M710*P*,M710*P*,1408.0,2703.0,1859.0,2696.0,1861.0,2781.0,1412.0,2790.0,5.2298884,1,single_row,day,2,,,,
uc3m,test,data_raw/uc3m/test/00075.jpg,,AD-76*6F*N,76*6F*N,3793.0,2530.0,4253.0,2524.0,4256.0,2617.0,3796.0,2616.0,5.137,1,single_row,day,2,,,,
uc3m,test,data_raw/uc3m/test/00076.jpg,,AD-8*58KS*,8*58KS*,3568.0,2441.0,4076.0,2407.0,4086.0,2500.0,3572.0,2541.0,5.29279,1,single_row,day,2,,,,
uc3m,test,data_raw/uc3m/test/00077.jpg,,AD-82*7*TX,82*7*TX,2864.0,2693.0,3255.0,2691.0,3257.0,2778.0,2868.0,2772.0,4.695592,1,single_row,day,2,,,,
uc3m,test,data_raw/uc3m/test/00077.jpg,,AD-630*CX*,630*CX*,1181.0,2674.0,1449.0,2670.0,1448.0,2741.0,1181.0,2736.0,4.0229197,1,single_row,day,2,,,,
uc3m,test,data_raw/uc3m/test/00091.jpg,,AD-8*55*GV,8*55*GV,3959.0,2812.0,4334.0,2803.0,4342.0,2878.0,3963.0,2889.0,4.945067,1,single_row,day,2,,,,
uc3m,test,data_raw/uc3m/test/00093.jpg,,AD-8*09JZ*,8*09JZ*,1793.0,2674.0,2088.0,2655.0,2092.0,2714.0,1797.0,2730.0,5.127121,1,single_row,day,2,,,,
uc3m,test,data_raw/uc3m/test/00093.jpg,,AD-0*66*RF,0*66*RF,4186.0,2875.0,4587.0,2857.0,4606.0,2938.0,4207.0,2957.0,4.771405,1,single_row,day,2,,,,
uc3m,test,data_raw/uc3m/test/00103.jpg,,AD-51*4*DG,51*4*DG,3533.0,2881.0,3890.0,2867.0,3894.0,2937.0,3538.0,2950.0,5.122303,1,single_row,day,2,,,,
uc3m,test,data_raw/uc3m/test/00104.jpg,,AD-80*8*YF,80*8*YF,3751.0,2904.0,5168.0,2992.0,5160.0,3248.0,3756.0,3151.0,5.6184697,1,single_row,day,2,,,,
uc3m,test,data_raw/uc3m/test/00120.jpg,,AD-S1*58A*,S1*58A*,2084.0,3010.0,3077.0,3068.0,3066.0,3255.0,2066.0,3200.0,5.278533,1,single_row,day,2,,,,
uc3m,test,data_raw/uc3m/test/00122.jpg,,AD-18*3FR*,18*3FR*,1984.0,2475.0,2473.0,2440.0,2482.0,2588.0,1991.0,2636.0,3.1787674,1,single_row,day,2,,,,
uc3m,test,data_raw/uc3m/test/00123.jpg,,AD-403*C*B,403*C*B,1461.0,3096.0,1935.0,2972.0,1963.0,3115.0,1476.0,3255.0,3.263277,1,single_row,day,2,,,,
uc3m,test,data_raw/uc3m/test/00129.jpg,,AD-879**BG,879**BG,1717.0,2738.0,2097.0,2773.0,2088.0,2870.0,1710.0,2832.0,3.9729025,1,single_row,day,2,,,,
uc3m,test,data_raw/uc3m/test/00132.jpg,,AD-036*DR*,036*DR*,3345.0,2507.0,3684.0,2500.0,3689.0,2572.0,3350.0,2576.0,4.7971354,1,single_row,day,2,,,,
uc3m,test,data_raw/uc3m/test/00133.jpg,,AD-2*28*GG,2*28*GG,3128.0,2074.0,3372.0,2038.0,3387.0,2090.0,3142.0,2124.0,4.658376,1,single_row,day,2,,,,
uc3m,test,data_raw/uc3m/test/00139.jpg,,AD-*807*FT,*807*FT,2616.0,2416.0,2951.0,2388.0,2949.0,2456.0,2614.0,2482.0,5.014002,1,single_row,day,2,,,,
uc3m,test,data_raw/uc3m/test/00149.jpg,,AD-88*0*CM,88*0*CM,2056.0,3007.0,2668.0,2923.0,2677.0,3058.0,2064.0,3150.0,4.443446,1,single_row,day,2,,,,
uc3m,test,data_raw/uc3m/test/00151.jpg,,AD-538*F*G,538*F*G,2120.0,3174.0,2640.0,3192.0,2637.0,3292.0,2118.0,3272.0,5.2492595,1,single_row,day,2,,,,
uc3m,test,data_raw/uc3m/test/00151.jpg,,AD-505**WW,505**WW,3805.0,2804.0,4093.0,2811.0,4098.0,2870.0,3808.0,2861.0,4.9722486,1,single_row,day,2,,,,
uc3m,test,data_raw/uc3m/test/00151.jpg,,AD-*417*HV,*417*HV,4369.0,2924.0,4575.0,2928.0,4582.0,2973.0,4376.0,2966.0,4.677204,1,single_row,day,2,,,,
uc3m,test,data_raw/uc3m/test/00153.jpg,,AD-64*3*VP,64*3*VP,1288.0,2866.0,1914.0,2877.0,1908.0,2998.0,1280.0,2988.0,5.1525116,1,single_row,day,2,,,,
uc3m,test,data_raw/uc3m/test/00153.jpg,,AD-45*9*SS,45*9*SS,3323.0,3024.0,3616.0,3018.0,3625.0,3081.0,3327.0,3090.0,4.5560575,1,single_row,day,2,,,,
uc3m,test,data_raw/uc3m/test/00153.jpg,,AD-M1*57P*,M1*57P*,4103.0,2832.0,4306.0,2829.0,4311.0,2881.0,4104.0,2883.0,3.9712667,1,single_row,day,2,,,,
uc3m,test,data_raw/uc3m/test/00155.jpg,,AD-57*3B*N,57*3B*N,1829.0,2845.0,2303.0,2855.0,2300.0,2948.0,1826.0,2938.0,5.0952578,1,single_row,day,2,,,,
uc3m,test,data_raw/uc3m/test/00155.jpg,,AD-35*4*KX,35*4*KX,3561.0,2493.0,3805.0,2507.0,3804.0,2557.0,3558.0,2539.0,5.109464,1,single_row,day,2,,,,
uc3m,test,data_raw/uc3m/test/00159.jpg,,AD-M84*7*L,M84*7*L,3655.0,1969.0,4052.0,1854.0,4098.0,2068.0,3708.0,2230.0,1.7221824,1,single_row,day,2,,,,
uc3m,test,data_raw/uc3m/test/00166.jpg,,AD-4*70K*V,4*70K*V,3212.0,2836.0,3652.0,2802.0,3674.0,2896.0,3228.0,2931.0,4.607485,1,single_row,day,2,,,,
uc3m,test,data_raw/uc3m/test/00169.jpg,,AN-509*C*F,509*C*F,438.0,2976.0,1427.0,3008.0,1429.0,3198.0,430.0,3187.0,4.957043,1,single_row,night,2,,,,
uc3m,test,data_raw/uc3m/test/00169.jpg,,AN-89*0B*S,89*0B*S,2913.0,3277.0,3259.0,3265.0,3272.0,3357.0,2923.0,3368.0,3.7697866,1,single_row,night,2,,,,
uc3m,test,data_raw/uc3m/test/00169.jpg,,AN-24*1*DW,24*1*DW,3785.0,2966.0,4069.0,2983.0,4075.0,3050.0,3789.0,3034.0,4.2172527,1,single_row,night,2,,,,
uc3m,test,data_raw/uc3m/test/00173.jpg,,AD-203**FJ,203**FJ,2824.0,2893.0,3407.0,2900.0,3415.0,3021.0,2825.0,3012.0,4.882501,1,single_row,day,2,,,,
uc3m,test,data_raw/uc3m/test/00173.jpg,,AD-814*FP*,814*FP*,185.0,2792.0,698.0,2809.0,687.0,2906.0,173.0,2894.0,5.12877,1,single_row,day,2,,,,
uc3m,test,data_raw/uc3m/test/00180.jpg,,AD-767**PY,767**PY,1279.0,2643.0,1957.0,2659.0,1957.0,2787.0,1275.0,2775.0,5.2306824,1,single_row,day,2,,,,
uc3m,test,data_raw/uc3m/test/00180.jpg,,AD-677**CX,677**CX,3982.0,2925.0,4376.0,2931.0,4384.0,3031.0,3992.0,3026.0,3.8950727,1,single_row,day,2,,,,
uc3m,test,data_raw/uc3m/test/00181.jpg,,AN-9*13*RW,9*13*RW,2980.0,3138.0,3516.0,3115.0,3528.0,3217.0,2987.0,3236.0,5.363573,1,single_row,night,2,,,,
uc3m,test,data_raw/uc3m/test/00181.jpg,,AN-66*2*WN,66*2*WN,417.0,3057.0,642.0,3041.0,642.0,3085.0,414.0,3100.0,5.21283,1,single_row,night,2,,,,
uc3m,test,data_raw/uc3m/test/00186.jpg,,AD-M218*Z*,M218*Z*,2822.0,2684.0,4023.0,2845.0,4025.0,3132.0,2824.0,2924.0,4.6120524,1,single_row,day,2,,,,
uc3m,test,data_raw/uc3m/test/00187.jpg,,AD-202**BX,202**BX,2128.0,2419.0,3293.0,2510.0,3289.0,2741.0,2118.0,2642.0,5.159452,1,single_row,day,2,,,,
uc3m,test,data_raw/uc3m/test/00188.jpg,,AD-8*14G*Y,8*14G*Y,2957.0,2594.0,3876.0,2604.0,3881.0,2767.0,2969.0,2755.0,5.6425333,1,single_row,day,2,,,,
uc3m,test,data_raw/uc3m/test/00201.jpg,,AD-29*3*XX,29*3*XX,2836.0,2468.0,3061.0,2465.0,3071.0,2536.0,2844.0,2540.0,3.1361394,1,single_row,day,2,,,,
uc3m,test,data_raw/uc3m/test/00201.jpg,,AD-44*3*PY,44*3*PY,3986.0,2428.0,4148.0,2427.0,4150.0,2483.0,3988.0,2488.0,2.7921336,1,single_row,day,2,,,,
uc3m,test,data_raw/uc3m/test/00204.jpg,,AD-0*42*PZ,0*42*PZ,198.0,2785.0,909.0,2772.0,917.0,2953.0,197.0,2953.0,4.098517,1,single_row,day,2,,,,
uc3m,test,data_raw/uc3m/test/00207.jpg,,AN-*166DW*,*166DW*,4316.0,3421.0,4956.0,3392.0,4973.0,3522.0,4329.0,3548.0,4.966492,1,single_row,night,2,,,,
uc3m,test,data_raw/uc3m/test/00211.jpg,,AD-48*3*TW,48*3*TW,1568.0,3149.0,1797.0,3155.0,1795.0,3210.0,1563.0,3200.0,4.34033,1,single_row,day,2,,,,
uc3m,test,data_raw/uc3m/test/00211.jpg,,AD-2*28L*L,2*28L*L,3658.0,2975.0,3800.0,2973.0,3801.0,3002.0,3660.0,3003.0,4.957518,1,single_row,day,2,,,,
uc3m,test,data_raw/uc3m/test/00215.jpg,,AD-344**RY,344**RY,758.0,3117.0,1021.0,3114.0,1019.0,3179.0,759.0,3185.0,3.9318528,1,single_row,day,2,,,,
uc3m,test,data_raw/uc3m/test/00217.jpg,,AD-674**SZ,674**SZ,32.0,3188.0,593.0,3184.0,589.0,3339.0,28.0,3339.0,3.6654608,1,single_row,day,2,,,,
uc3m,test,data_raw/uc3m/test/00218.jpg,,AD-344**RY,344**RY,3340.0,2506.0,3675.0,2493.0,3680.0,2560.0,3342.0,2569.0,5.1711106,1,single_row,day,2,,,,
uc3m,test,data_raw/uc3m/test/00220.jpg,,AD-019**NR,019**NR,4545.0,1721.0,5167.0,1721.0,5173.0,1845.0,4563.0,1854.0,4.7688413,1,single_row,day,2,,,,
uc3m,test,data_raw/uc3m/test/00223.jpg,,AD-769**CS,769**CS,4147.0,2072.0,4701.0,2056.0,4718.0,2175.0,4166.0,2188.0,4.6534843,1,single_row,day,2,,,,
uc3m,test,data_raw/uc3m/test/00227.jpg,,AD-504**CF,504**CF,885.0,2454.0,1473.0,2345.0,1503.0,2486.0,922.0,2615.0,3.856973,1,single_row,day,2,,,,
uc3m,test,data_raw/uc3m/test/00229.jpg,,AD-4*72*WY,4*72*WY,2714.0,2483.0,3516.0,2475.0,3520.0,2634.0,2721.0,2632.0,5.1945696,1,single_row,day,2,,,,
uc3m,test,data_raw/uc3m/test/00236.jpg,,AD-*550CS*,*550CS*,3616.0,2471.0,3874.0,2468.0,3883.0,2521.0,3623.0,2521.0,4.9691668,1,single_row,day,2,,,,
uc3m,test,data_raw/uc3m/test/00247.jpg,,AD-1*94JV*,1*94JV*,2380.0,2338.0,2505.0,2338.0,2506.0,2375.0,2381.0,2374.0,3.4234276,1,single_row,day,2,,,,
uc3m,test,data_raw/uc3m/test/00251.jpg,,AD-914**CP,914**CP,3344.0,1894.0,3646.0,1880.0,3661.0,1946.0,3357.0,1960.0,4.495303,1,single_row,day,2,,,,
uc3m,test,data_raw/uc3m/test/00256.jpg,,AD-12*4D*F,12*4D*F,3959.0,2546.0,4238.0,2533.0,4239.0,2589.0,3960.0,2598.0,5.1699257,1,single_row,day,2,,,,
uc3m,test,data_raw/uc3m/test/00256.jpg,,AD-4*13*TB,4*13*TB,3060.0,2566.0,3234.0,2559.0,3234.0,2596.0,3058.0,2603.0,4.7300596,1,single_row,day,2,,,,
uc3m,test,data_raw/uc3m/test/00263.jpg,,AD-*155*DW,*155*DW,2667.0,2096.0,2903.0,2088.0,2903.0,2144.0,2665.0,2148.0,4.3888927,1,single_row,day,2,,,,
uc3m,test,data_raw/uc3m/test/00266.jpg,,AD-78*8*MW,78*8*MW,4294.0,2378.0,4623.0,2372.0,4643.0,2438.0,4312.0,2446.0,4.7388654,1,single_row,day,2,,,,
uc3m,test,data_raw/uc3m/test/00268.jpg,,AD-42*1*TY,42*1*TY,3485.0,2232.0,3756.0,2227.0,3764.0,2281.0,3493.0,2286.0,4.965181,1,single_row,day,2,,,,
uc3m,test,data_raw/uc3m/test/00270.jpg,,AD-*001H*H,*001H*H,4773.0,2309.0,5132.0,2309.0,5140.0,2390.0,4779.0,2391.0,4.400628,1,single_row,day,2,,,,
uc3m,test,data_raw/uc3m/test/00290.jpg,,AD-422*K*J,422*K*J,4411.0,2727.0,4988.0,2720.0,5019.0,2830.0,4432.0,2836.0,5.1670165,1,single_row,day,2,,,,
uc3m,test,data_raw/uc3m/test/00293.jpg,,AD-80*8F*B,80*8F*B,2877.0,2435.0,3161.0,2438.0,3168.0,2492.0,2880.0,2485.0,5.472464,1,single_row,day,2,,,,
uc3m,test,data_raw/uc3m/test/00296.jpg,,AD-2*28*DN,2*28*DN,3675.0,2653.0,4119.0,2661.0,4125.0,2747.0,3675.0,2737.0,5.2534404,1,single_row,day,2,,,,
uc3m,test,data_raw/uc3m/test/00298.jpg,,AD-47*0GW*,47*0GW*,3216.0,2076.0,3639.0,2058.0,3651.0,2145.0,3225.0,2160.0,4.9310794,1,single_row,day,2,,,,
uc3m,test,data_raw/uc3m/test/00300.jpg,,AN-494**MP,494**MP,3995.0,1964.0,4493.0,1947.0,4504.0,2044.0,4007.0,2063.0,5.0452065,1,single_row,night,2,,,,
uc3m,test,data_raw/uc3m/test/00302.jpg,,AN-*774L*R,*774L*R,2970.0,2856.0,3354.0,2848.0,3359.0,2927.0,2973.0,2931.0,4.993605,1,single_row,night,2,,,,
uc3m,test,data_raw/uc3m/test/00308.jpg,,AN-475*CL*,475*CL*,3858.0,2663.0,4530.0,2643.0,4561.0,2783.0,3868.0,2810.0,4.6978965,1,single_row,night,2,,,,
uc3m,test,data_raw/uc3m/test/00310.jpg,,AN-554*CC*,554*CC*,1739.0,2215.0,2342.0,2215.0,2347.0,2324.0,1740.0,2327.0,5.4721975,1,single_row,night,2,,,,
uc3m,test,data_raw/uc3m/test/00311.jpg,,AN-*767*BW,*767*BW,3752.0,2614.0,4117.0,2614.0,4131.0,2687.0,3760.0,2684.0,5.0834475,1,single_row,night,2,,,,
uc3m,test,data_raw/uc3m/test/00312.jpg,,AN-M717*Y*,M717*Y*,4470.0,1837.0,4986.0,1835.0,4992.0,1962.0,4479.0,1964.0,4.043886,1,single_row,night,2,,,,
uc3m,test,data_raw/uc3m/test/00320.jpg,,AD-98*0*CY,98*0*CY,3176.0,1838.0,3530.0,1813.0,3549.0,1890.0,3190.0,1916.0,4.5083256,1,single_row,day,2,,,,
uc3m,test,data_raw/uc3m/test/00326.jpg,,AN-077*KS*,077*KS*,4358.0,2723.0,4804.0,2696.0,4829.0,2792.0,4382.0,2818.0,4.5366797,1,single_row,night,2,,,,
uc3m,test,data_raw/uc3m/test/00327.jpg,,AN-064**GS,064**GS,4404.0,2849.0,4840.0,2815.0,4864.0,2910.0,4426.0,2947.0,4.4192476,1,single_row,night,2,,,,
uc3m,test,data_raw/uc3m/test/00337.jpg,,AD-0*66*NF,0*66*NF,2741.0,2262.0,3187.0,2238.0,3192.0,2331.0,2744.0,2355.0,4.808652,1,single_row,day,2,,,,
uc3m,test,data_raw/uc3m/test/00340.jpg,,AD-173**SM,173**SM,3205.0,2072.0,3542.0,2050.0,3555.0,2121.0,3215.0,2141.0,4.7801223,1,single_row,day,2,,,,
uc3m,test,data_raw/uc3m/test/00348.jpg,,AD-706*DB*,706*DB*,2500.0,2412.0,2687.0,2417.0,2686.0,2454.0,2499.0,2449.0,5.0540147,1,single_row,day,2,,,,
uc3m,test,data_raw/uc3m/test/00353.jpg,,AD-255*CM*,255*CM*,1141.0,2784.0,1792.0,2797.0,1790.0,2922.0,1141.0,2907.0,5.24282,1,single_row,day,2,,,,
uc3m,test,data_raw/uc3m/test/00353.jpg,,AD-29*3*XX,29*3*XX,4135.0,2549.0,4732.0,2557.0,4741.0,2673.0,4141.0,2663.0,5.193508,1,single_row,day,2,,,,
uc3m,test,data_raw/uc3m/test/00358.jpg,,BD-999**TW,999**TW,2126.0,1580.0,2902.0,1643.0,2851.0,2175.0,2109.0,2095.0,1.4526294,2,two_row,day,2,,,,
uc3m,test,data_raw/uc3m/test/00362.jpg,,AD-986**CP,986**CP,1673.0,2104.0,3463.0,2124.0,3443.0,2460.0,1682.0,2434.0,5.32655,1,single_row,day,2,,,,
uc3m,test,data_raw/uc3m/test/00374.jpg,,AN-0*08*DR,0*08*DR,1665.0,1636.0,3169.0,1911.0,3119.0,2182.0,1656.0,1907.0,5.519347,1,single_row,night,2,,,,
uc3m,test,data_raw/uc3m/test/00376.jpg,,BN-01*6H*J,01*6H*J,2278.0,1705.0,3056.0,1691.0,3070.0,2224.0,2321.0,2243.0,1.4235882,2,two_row,night,2,,,,
uc3m,test,data_raw/uc3m/test/00382.jpg,,AN-7*03*CC,7*03*CC,1996.0,1924.0,3048.0,1836.0,3024.0,2009.0,1996.0,2121.0,5.6228147,1,single_row,night,2,,,,
uc3m,test,data_raw/uc3m/test/00384.jpg,,AN-524**YR,524**YR,1669.0,2303.0,2902.0,2274.0,2894.0,2495.0,1702.0,2524.0,5.4559627,1,single_row,night,2,,,,
uc3m,test,data_raw/uc3m/test/00386.jpg,,AN-46*5KV*,46*5KV*,1239.0,2248.0,2700.0,2372.0,2678.0,2709.0,1221.0,2551.0,4.571988,1,single_row,night,2,,,,
uc3m,test,data_raw/uc3m/test/00390.jpg,,AN-61*7*DX,61*7*DX,3433.0,1745.0,3843.0,1719.0,3849.0,1801.0,3435.0,1833.0,4.8522615,1,single_row,night,2,,,,
uc3m,test,data_raw/uc3m/test/00393.jpg,,EN-R*366BD*,R*366BD*,2535.0,2123.0,2825.0,2115.0,2829.0,2184.0,2533.0,2197.0,4.0965757,1,single_row,night,2,,,,
uc3m,test,data_raw/uc3m/test/00393.jpg,,AN-799*LR*,799*LR*,3600.0,2074.0,3819.0,2066.0,3822.0,2121.0,3602.0,2136.0,3.754093,1,single_row,night,2,,,,
uc3m,test,data_raw/uc3m/test/00405.jpg,,AN-606**WZ,606**WZ,2247.0,1347.0,3435.0,1315.0,3442.0,1554.0,2240.0,1594.0,4.9179106,1,single_row,night,2,,,,
uc3m,test,data_raw/uc3m/test/00407.jpg,,AN-61*1*LW,61*1*LW,223.0,1704.0,1341.0,1649.0,1350.0,1882.0,226.0,1938.0,4.8047514,1,single_row,night,2,,,,
uc3m,test,data_raw/uc3m/test/00414.jpg,,AN-014**PP,014**PP,4879.0,3289.0,5697.0,3317.0,5671.0,3534.0,4852.0,3504.0,3.7634993,1,single_row,night,2,,,,
uc3m,test,data_raw/uc3m/test/00420.jpg,,AN-J21*4A*,J21*4A*,1943.0,3008.0,2586.0,3010.0,2583.0,3132.0,1932.0,3140.0,5.0847964,1,single_row,night,2,,,,
uc3m,test,data_raw/uc3m/test/00421.jpg,,DN-*191L*L,*191L*L,1383.0,2908.0,2895.0,2943.0,2877.0,3255.0,1359.0,3208.0,4.9409037,1,single_row,night,2,,,,
uc3m,test,data_raw/uc3m/test/00440.jpg,,AN-6*78CN*,6*78CN*,1048.0,2717.0,1498.0,2695.0,1495.0,2796.0,1051.0,2818.0,4.4291463,1,single_row,night,2,,,,
uc3m,test,data_raw/uc3m/test/00440.jpg,,AN-82*2*GX,82*2*GX,3937.0,2573.0,4280.0,2552.0,4283.0,2631.0,3937.0,2650.0,4.4225106,1,single_row,night,2,,,,
uc3m,test,data_raw/uc3m/test/00440.jpg,,AN-84*3KP*,84*3KP*,5669.0,2676.0,6063.0,2654.0,6064.0,2739.0,5673.0,2753.0,4.847731,1,single_row,night,2,,,,
uc3m,test,data_raw/uc3m/test/00441.jpg,,AN-82*2*GX,82*2*GX,3321.0,2367.0,3874.0,2341.0,3874.0,2464.0,3321.0,2487.0,4.5559216,1,single_row,night,2,,,,
uc3m,test,data_raw/uc3m/test/00445.jpg,,AN-686*HF*,686*HF*,2200.0,3708.0,3240.0,3667.0,3248.0,3905.0,2194.0,3935.0,4.503812,1,single_row,night,2,,,,
uc3m,test,data_raw/uc3m/test/00447.jpg,,AN-9*16*HH,9*16*HH,4673.0,2295.0,5482.0,2298.0,5484.0,2465.0,4669.0,2461.0,4.876042,1,single_row,night,2,,,,
uc3m,test,data_raw/uc3m/test/00478.jpg,,AN-*264C*W,*264C*W,2738.0,2963.0,3259.0,2889.0,3278.0,3001.0,2757.0,3070.0,4.7319,1,single_row,night,2,,,,
uc3m,test,data_raw/uc3m/test/00478.jpg,,AN-97*7*CY,97*7*CY,5053.0,2226.0,5315.0,2186.0,5326.0,2243.0,5060.0,2283.0,4.6244106,1,single_row,night,2,,,,
uc3m,test,data_raw/uc3m/test/00479.jpg,,AN-737**YN,737**YN,6035.0,2976.0,6920.0,2869.0,6949.0,3047.0,6080.0,3150.0,4.9060445,1,single_row,night,2,,,,
uc3m,test,data_raw/uc3m/test/00495.jpg,,AN-0*96H*H,0*96H*H,2235.0,2612.0,2945.0,2564.0,2950.0,2724.0,2247.0,2770.0,4.4457664,1,single_row,night,2,,,,
uc3m,test,data_raw/uc3m/test/00505.jpg,,AN-2*32*ZM,2*32*ZM,3090.0,1881.0,3987.0,1893.0,3996.0,2072.0,3090.0,2078.0,4.792597,1,single_row,night,2,,,,
uc3m,test,data_raw/uc3m/test/00509.jpg,,AN-077**WS,077**WS,2778.0,2237.0,3800.0,2200.0,3794.0,2424.0,2778.0,2448.0,4.686383,1,single_row,night,2,,,,
uc3m,test,data_raw/uc3m/test/00510.jpg,,AN-420**JY,420**JY,3406.0,2067.0,5242.0,2108.0,5236.0,2520.0,3359.0,2449.0,4.6614223,1,single_row,night,2,,,,
uc3m,test,data_raw/uc3m/test/00511.jpg,,AN-686**MM,686**MM,2842.0,2320.0,4848.0,2443.0,4818.0,2873.0,2789.0,2749.0,4.6826377,1,single_row,night,2,,,,
uc3m,test,data_raw/uc3m/test/00513.jpg,,AN-81*4*MW,81*4*MW,2576.0,1760.0,3730.0,1806.0,3693.0,2060.0,2546.0,2006.0,4.565257,1,single_row,night,2,,,,
uc3m,test,data_raw/uc3m/test/00523.jpg,,AN-M607*T*,M607*T*,2417.0,2480.0,3641.0,2482.0,3641.0,2728.0,2419.0,2741.0,4.8245244,1,single_row,night,2,,,,
uc3m,test,data_raw/uc3m/test/00531.jpg,,AN-265*DW*,265*DW*,2998.0,2190.0,3749.0,2181.0,3745.0,2328.0,3009.0,2334.0,5.101926,1,single_row,night,2,,,,
uc3m,test,data_raw/uc3m/test/00533.jpg,,AN-MA*117*S,MA*117*S,3477.0,1984.0,4748.0,1955.0,4759.0,2196.0,3518.0,2237.0,5.050749,1,single_row,night,2,,,,
uc3m,test,data_raw/uc3m/test/00553.jpg,,AD-028**TC,028**TC,6801.0,1589.0,6927.0,1545.0,6935.0,1605.0,6810.0,1653.0,2.1361406,1,single_row,day,2,,,,
uc3m,test,data_raw/uc3m/test/00553.jpg,,AD-699**RM,699**RM,6081.0,1807.0,6244.0,1760.0,6249.0,1823.0,6083.0,1879.0,2.5500455,1,single_row,day,2,,,,
uc3m,test,data_raw/uc3m/test/00553.jpg,,AD-27*6*PS,27*6*PS,5304.0,2043.0,5519.0,1982.0,5524.0,2062.0,5306.0,2125.0,2.7771943,1,single_row,day,2,,,,
uc3m,test,data_raw/uc3m/test/00553.jpg,,AD-050*D*L,050*D*L,3531.0,2427.0,3930.0,2340.0,3936.0,2440.0,3543.0,2535.0,3.8913841,1,single_row,day,2,,,,
uc3m,test,data_raw/uc3m/test/00553.jpg,,AD-23*5DY*,23*5DY*,710.0,2999.0,1381.0,2851.0,1424.0,2988.0,749.0,3136.0,4.818201,1,single_row,day,2,,,,
uc3m,test,data_raw/uc3m/test/00555.jpg,,AD-*199JX*,*199JX*,3471.0,2522.0,4107.0,2377.0,4117.0,2524.0,3496.0,2678.0,4.231909,1,single_row,day,2,,,,
uc3m,test,data_raw/uc3m/test/00555.jpg,,AD-0*05K*H,0*05K*H,5833.0,2208.0,6212.0,2082.0,6221.0,2196.0,5845.0,2319.0,3.517689,1,single_row,day,2,,,,
uc3m,test,data_raw/uc3m/test/00555.jpg,,AD-649**XS,649**XS,7333.0,1584.0,7570.0,1525.0,7566.0,1619.0,7337.0,1685.0,2.4725568,1,single_row,day,2,,,,
uc3m,test,data_raw/uc3m/test/00555.jpg,,AD-6*36*NT,6*36*NT,8681.0,1220.0,8847.0,1181.0,8849.0,1253.0,8684.0,1302.0,2.2237537,1,single_row,day,2,,,,
uc3m,test,data_raw/uc3m/test/00560.jpg,,AD-6*36*NT,6*36*NT,2842.0,2771.0,3136.0,2777.0,3141.0,2866.0,2845.0,2850.0,3.510719,1,single_row,day,2,,,,
uc3m,test,data_raw/uc3m/test/00560.jpg,,AD-78*0C*Z,78*0C*Z,4466.0,2898.0,4888.0,2900.0,4896.0,2996.0,4471.0,2994.0,4.4008975,1,single_row,day,2,,,,
uc3m,test,data_raw/uc3m/test/00560.jpg,,AD-05*9*BF,05*9*BF,6431.0,3022.0,7028.0,3063.0,7019.0,3189.0,6425.0,3138.0,4.9266367,1,single_row,day,2,,,,
uc3m,test,data_raw/uc3m/test/00573.jpg,,AD-965*H*G,965*H*G,5015.0,2199.0,5447.0,2207.0,5443.0,2296.0,5019.0,2292.0,4.6992674,1,single_row,day,2,,,,
uc3m,test,data_raw/uc3m/test/00577.jpg,,AD-*379LM*,*379LM*,1870.0,4153.0,3475.0,4307.0,3443.0,4670.0,1839.0,4490.0,4.5906363,1,single_row,day,2,,,,
uc3m,test,data_raw/uc3m/test/00578.jpg,,AD-656**BX,656**BX,3941.0,2360.0,4824.0,2424.0,4817.0,2612.0,3946.0,2548.0,4.674853,1,single_row,day,2,,,,
uc3m,test,data_raw/uc3m/test/00588.jpg,,AD-89*1*RZ,89*1*RZ,38.0,344.0,629.0,329.0,652.0,458.0,54.0,469.0,4.626618,1,single_row,day,2,,,,
uc3m,test,data_raw/uc3m/test/00588.jpg,,AD-368**WT,368**WT,4445.0,1477.0,5600.0,1686.0,5543.0,2007.0,4396.0,1750.0,3.8933692,1,single_row,day,2,,,,
uc3m,test,data_raw/uc3m/test/00589.jpg,,AD-57*3B*N,57*3B*N,2772.0,223.0,3228.0,185.0,3251.0,285.0,2794.0,329.0,4.347202,1,single_row,day,2,,,,
uc3m,test,data_raw/uc3m/test/00589.jpg,,AD-3*03KT*,3*03KT*,3934.0,2808.0,5287.0,3361.0,5232.0,3746.0,3902.0,3144.0,4.021794,1,single_row,day,2,,,,
uc3m,test,data_raw/uc3m/test/00591.jpg,,AD-9*65*TB,9*65*TB,751.0,2881.0,1022.0,2866.0,1026.0,2913.0,754.0,2934.0,5.428414,1,single_row,day,2,,,,
uc3m,test,data_raw/uc3m/test/00591.jpg,,AD-22*2*DY,22*2*DY,1876.0,2863.0,2101.0,2840.0,2115.0,2886.0,1880.0,2909.0,4.9046345,1,single_row,day,2,,,,
uc3m,test,data_raw/uc3m/test/00591.jpg,,AD-99*9*DV,99*9*DV,2997.0,2632.0,3193.0,2619.0,3201.0,2664.0,3005.0,2675.0,4.390921,1,single_row,day,2,,,,
uc3m,test,data_raw/uc3m/test/00591.jpg,,AD-*999*YM,*999*YM,4472.0,2688.0,4671.0,2700.0,4664.0,2755.0,4461.0,2737.0,3.815501,1,single_row,day,2,,,,
uc3m,test,data_raw/uc3m/test/00591.jpg,,AD-748*DB*,748*DB*,6051.0,2686.0,6218.0,2713.0,6210.0,2759.0,6045.0,2730.0,3.6960068,1,single_row,day,2,,,,
uc3m,test,data_raw/uc3m/test/00591.jpg,,AD-1*19*GR,1*19*GR,7494.0,2830.0,7993.0,2841.0,7983.0,2937.0,7478.0,2922.0,5.288794,1,single_row,day,2,,,,
uc3m,test,data_raw/uc3m/test/00606.jpg,,AD-4*70K*V,4*70K*V,1660.0,2575.0,2182.0,2616.0,2169.0,2788.0,1645.0,2737.0,3.1328619,1,single_row,day,2,,,,
uc3m,test,data_raw/uc3m/test/00606.jpg,,AD-624*GX*,624*GX*,6003.0,1391.0,6378.0,1368.0,6373.0,1453.0,5999.0,1471.0,4.5394964,1,single_row,day,2,,,,
uc3m,test,data_raw/uc3m/test/00611.jpg,,AD-32*9*DS,32*9*DS,2358.0,2426.0,3252.0,2596.0,3249.0,2876.0,2373.0,2663.0,3.5006328,1,single_row,day,2,,,,
uc3m,test,data_raw/uc3m/test/00615.jpg,,AD-66*2*WN,66*2*WN,209.0,3094.0,1119.0,2841.0,1200.0,3029.0,303.0,3309.0,4.2885327,1,single_row,day,2,,,,
uc3m,test,data_raw/uc3m/test/00617.jpg,,AD-16*0B*N,16*0B*N,8501.0,1892.0,8971.0,1821.0,8983.0,1943.0,8510.0,2023.0,3.7615573,1,single_row,day,2,,,,
uc3m,test,data_raw/uc3m/test/00617.jpg,,AD-556*H*Y,556*H*Y,6815.0,2776.0,7549.0,2630.0,7561.0,2822.0,6838.0,2972.0,3.8149896,1,single_row,day,2,,,,
uc3m,test,data_raw/uc3m/test/00617.jpg,,AD-146*F*M,146*F*M,279.0,5009.0,2472.0,4423.0,2555.0,4779.0,390.0,5418.0,5.7355037,1,single_row,day,2,,,,
uc3m,test,data_raw/uc3m/test/00617.jpg,,AD-82*8*TB,82*8*TB,3101.0,1879.0,3547.0,1841.0,3563.0,1938.0,3120.0,1982.0,4.396958,1,single_row,day,2,,,,
uc3m,test,data_raw/uc3m/test/00624.jpg,,AD-93*3B*P,93*3B*P,2935.0,2046.0,3477.0,2072.0,3489.0,2196.0,2965.0,2168.0,4.265837,1,single_row,day,2,,,,
uc3m,test,data_raw/uc3m/test/00644.jpg,,AD-M25*2*Y,M25*2*Y,6176.0,496.0,6344.0,436.0,6351.0,540.0,6189.0,608.0,1.6318275,1,single_row,day,2,,,,
uc3m,test,data_raw/uc3m/test/00644.jpg,,AD-222**WM,222**WM,3389.0,1437.0,3929.0,1322.0,3962.0,1471.0,3425.0,1600.0,3.45619,1,single_row,day,2,,,,
uc3m,test,data_raw/uc3m/test/00644.jpg,,AD-6*03*BC,6*03*BC,407.0,3119.0,1374.0,2754.0,1465.0,2945.0,512.0,3316.0,4.72915,1,single_row,day,2,,,,
uc3m,test,data_raw/uc3m/test/00650.jpg,,AD-5*66*BP,5*66*BP,4917.0,1062.0,5205.0,1047.0,5204.0,1114.0,4920.0,1130.0,4.240952,1,single_row,day,2,,,,
uc3m,test,data_raw/uc3m/test/00650.jpg,,AD-99*4*XZ,99*4*XZ,6215.0,984.0,6568.0,957.0,6564.0,1032.0,6214.0,1061.0,4.6362247,1,single_row,day,2,,,,
uc3m,test,data_raw/uc3m/test/00654.jpg,,AD-422**ND,422**ND,806.0,4771.0,2084.0,3482.0,2189.0,3776.0,978.0,5102.0,5.2698264,1,single_row,day,2,,,,
uc3m,test,data_raw/uc3m/test/00656.jpg,,AD-34*7*XB,34*7*XB,5306.0,1791.0,5995.0,1460.0,6043.0,1706.0,5373.0,2056.0,2.9014463,1,single_row,day,2,,,,
uc3m,test,data_raw/uc3m/test/00662.jpg,,AD-59*2*WT,59*2*WT,5873.0,2217.0,6650.0,2115.0,6645.0,2275.0,5875.0,2384.0,4.773434,1,single_row,day,2,,,,
uc3m,test,data_raw/uc3m/test/00662.jpg,,AD-*853CZ*,*853CZ*,8409.0,536.0,8701.0,509.0,8700.0,580.0,8400.0,610.0,4.086104,1,single_row,day,2,,,,
uc3m,test,data_raw/uc3m/test/00668.jpg,,AD-21*1*CS,21*1*CS,1738.0,2432.0,2867.0,2501.0,2879.0,2729.0,1771.0,2669.0,4.79196,1,single_row,day,2,,,,
uc3m,test,data_raw/uc3m/test/00669.jpg,,AD-499**NV,499**NV,1062.0,2928.0,2513.0,3223.0,2553.0,3559.0,1137.0,3225.0,4.5533752,1,single_row,day,2,,,,
uc3m,test,data_raw/uc3m/test/00688.jpg,,AD-179**VN,179**VN,3943.0,2312.0,4892.0,2373.0,4875.0,2601.0,3931.0,2526.0,4.2845726,1,single_row,day,2,,,,
uc3m,test,data_raw/uc3m/test/00694.jpg,,AD-238**BG,238**BG,842.0,2442.0,1738.0,2529.0,1734.0,2794.0,847.0,2692.0,3.4811265,1,single_row,day,2,,,,
uc3m,test,data_raw/uc3m/test/00698.jpg,,AD-478**FN,478**FN,831.0,3537.0,1605.0,3401.0,1650.0,3552.0,870.0,3696.0,4.914899,1,single_row,day,2,,,,
uc3m,test,data_raw/uc3m/test/00698.jpg,,AD-78*2*PT,78*2*PT,5008.0,2074.0,5347.0,2008.0,5351.0,2088.0,5013.0,2151.0,4.3824043,1,single_row,day,2,,,,
uc3m,test,data_raw/uc3m/test/00716.jpg,,AD-*638*SN,*638*SN,2268.0,3040.0,2681.0,3000.0,2692.0,3085.0,2285.0,3125.0,4.779182,1,single_row,day,2,,,,
uc3m,test,data_raw/uc3m/test/00716.jpg,,AD-838**VG,838**VG,3957.0,2857.0,4222.0,2831.0,4232.0,2889.0,3961.0,2912.0,4.72142,1,single_row,day,2,,,,
uc3m,test,data_raw/uc3m/test/00717.jpg,,AD-*638*SN,*638*SN,2369.0,2946.0,2780.0,2910.0,2791.0,2995.0,2378.0,3035.0,4.7242146,1,single_row,day,2,,,,
uc3m,test,data_raw/uc3m/test/00717.jpg,,AD-39*0*CR,39*0*CR,3985.0,2708.0,4208.0,2688.0,4210.0,2740.0,3987.0,2759.0,4.3433566,1,single_row,day,2,,,,
uc3m,test,data_raw/uc3m/test/00722.jpg,,AD-70*8*RC,70*8*RC,7779.0,4853.0,8684.0,4819.0,8742.0,5017.0,7823.0,5053.0,4.440112,1,single_row,day,2,,,,
uc3m,test,data_raw/uc3m/test/00726.jpg,,AN-62*4L*R,62*4L*R,3083.0,1168.0,3252.0,1161.0,3260.0,1198.0,3091.0,1207.0,4.356859,1,single_row,night,2,,,,
uc3m,test,data_raw/uc3m/test/00741.jpg,,AN-459**VV,459**VV,618.0,857.0,798.0,854.0,797.0,884.0,617.0,887.0,5.997502,1,single_row,night,2,,,,
uc3m,test,data_raw/uc3m/test/00742.jpg,,AN-459**VV,459**VV,968.0,842.0,1152.0,841.0,1146.0,873.0,964.0,876.0,5.4800982,1,single_row,night,2,,,,
uc3m,test,data_raw/uc3m/test/00751.jpg,,AD-77*1D*M,77*1D*M,2051.0,587.0,2630.0,624.0,2621.0,796.0,2048.0,760.0,3.343296,1,single_row,day,2,,,,
uc3m,test,data_raw/uc3m/test/00756.jpg,,AD-33*0*FM,33*0*FM,1909.0,3288.0,2625.0,3235.0,2650.0,3390.0,1943.0,3452.0,4.399735,1,single_row,day,2,,,,
uc3m,test,data_raw/uc3m/test/00762.jpg,,AD-03*4DP*,03*4DP*,1906.0,2385.0,2696.0,2357.0,2727.0,2539.0,1935.0,2568.0,4.2795525,1,single_row,day,2,,,,
uc3m,test,data_raw/uc3m/test/00763.jpg,,AD-7*14*SY,7*14*SY,996.0,2779.0,1944.0,2719.0,1990.0,2955.0,1022.0,3009.0,4.067338,1,single_row,day,2,,,,
uc3m,test,data_raw/uc3m/test/00765.jpg,,AD-*584*SB,*584*SB,3028.0,2526.0,3636.0,2519.0,3635.0,2642.0,3028.0,2643.0,5.0625854,1,single_row,day,2,,,,
uc3m,test,data_raw/uc3m/test/00771.jpg,,BD-336*LS*,336*LS*,2189.0,2198.0,2473.0,2190.0,2462.0,2411.0,2173.0,2421.0,1.2887259,2,two_row,day,2,,,,
uc3m,test,data_raw/uc3m/test/00776.jpg,,AD-3*00*VP,3*00*VP,1878.0,2196.0,3180.0,2143.0,3187.0,2431.0,1873.0,2475.0,4.6158996,1,single_row,day,2,,,,
uc3m,test,data_raw/uc3m/test/00786.jpg,,AD-477**BG,477**BG,1795.0,2387.0,2400.0,2409.0,2397.0,2526.0,1785.0,2514.0,4.981016,1,single_row,day,2,,,,
uc3m,test,data_raw/uc3m/test/00798.jpg,,BD-211**NG,211**NG,1806.0,1890.0,2656.0,1899.0,2669.0,2440.0,1806.0,2420.0,1.5994672,2,two_row,day,2,,,,
uc3m,test,data_raw/uc3m/test/00799.jpg,,AD-871**MC,871**MC,1513.0,2165.0,2454.0,2126.0,2467.0,2523.0,1517.0,2571.0,2.356752,1,single_row,day,2,,,,
uc3m,test,data_raw/uc3m/test/00804.jpg,,AD-73*7*RW,73*7*RW,2304.0,1760.0,3602.0,1765.0,3599.0,2039.0,2287.0,2031.0,4.7842336,1,single_row,day,2,,,,
uc3m,test,data_raw/uc3m/test/00806.jpg,,AD-58*3J*J,58*3J*J,1865.0,1856.0,3024.0,1846.0,3026.0,2073.0,1870.0,2085.0,5.07628,1,single_row,day,2,,,,
uc3m,test,data_raw/uc3m/test/00808.jpg,,AD-046**TS,046**TS,1501.0,2288.0,2139.0,2284.0,2134.0,2419.0,1496.0,2417.0,4.829927,1,single_row,day,2,,,,
uc3m,test,data_raw/uc3m/test/00813.jpg,,AD-06*2*CZ,06*2*CZ,1923.0,1741.0,2400.0,1731.0,2405.0,1831.0,1928.0,1839.0,4.812915,1,single_row,day,2,,,,
uc3m,test,data_raw/uc3m/test/00814.jpg,,BD-99*8*PX,99*8*PX,2492.0,2552.0,2798.0,2556.0,2780.0,2770.0,2466.0,2764.0,1.4476296,2,two_row,day,2,,,,
uc3m,test,data_raw/uc3m/test/00816.jpg,,AD-11*5*GM,11*5*GM,2057.0,680.0,3022.0,705.0,3010.0,892.0,2042.0,873.0,5.075274,1,single_row,day,2,,,,
uc3m,test,data_raw/uc3m/test/00817.jpg,,AD-686*HF*,686*HF*,1396.0,1778.0,2035.0,1749.0,2041.0,1884.0,1398.0,1909.0,4.821156,1,single_row,day,2,,,,
uc3m,test,data_raw/uc3m/test/00817.jpg,,BD-36*7KW*,36*7KW*,2317.0,2311.0,2831.0,2278.0,2829.0,2594.0,2317.0,2617.0,1.6520323,2,two_row,day,2,,,,
uc3m,test,data_raw/uc3m/test/00818.jpg,,BD-7*03C*M,7*03C*M,1220.0,2830.0,1925.0,2815.0,1935.0,3405.0,1245.0,3410.0,1.1918247,2,two_row,day,2,,,,
uc3m,test,data_raw/uc3m/test/00831.jpg,,AD-360*K*J,360*K*J,254.0,1780.0,406.0,1778.0,408.0,1808.0,254.0,1807.0,5.362444,1,single_row,day,2,,,,
uc3m,test,data_raw/uc3m/test/00831.jpg,,AD-36*3*RT,36*3*RT,1047.0,1955.0,1262.0,1954.0,1262.0,1995.0,1048.0,1994.0,5.361699,1,single_row,day,2,,,,
uc3m,test,data_raw/uc3m/test/00831.jpg,,AD-767*HY*,767*HY*,3127.0,2094.0,3778.0,2077.0,3788.0,2208.0,3128.0,2225.0,4.998156,1,single_row,day,2,,,,
uc3m,test,data_raw/uc3m/test/00834.jpg,,AD-14*1FS*,14*1FS*,2680.0,2362.0,3274.0,2364.0,3276.0,2488.0,2676.0,2478.0,4.973598,1,single_row,day,2,,,,
uc3m,test,data_raw/uc3m/test/00836.jpg,,AD-*665KZ*,*665KZ*,1424.0,2267.0,2481.0,2264.0,2481.0,2483.0,1418.0,2478.0,4.929292,1,single_row,day,2,,,,
uc3m,test,data_raw/uc3m/test/00839.jpg,,AD-065**ZN,065**ZN,1127.0,2603.0,2139.0,2596.0,2136.0,2809.0,1121.0,2821.0,4.702106,1,single_row,day,2,,,,
uc3m,test,data_raw/uc3m/test/00841.jpg,,AD-268**GP,268**GP,3268.0,2567.0,3775.0,2574.0,3775.0,2675.0,3266.0,2667.0,5.054777,1,single_row,day,2,,,,
uc3m,test,data_raw/uc3m/test/00842.jpg,,AD-5*06*VH,5*06*VH,1789.0,1721.0,2503.0,1705.0,2499.0,1849.0,1796.0,1856.0,5.0753107,1,single_row,day,2,,,,
uc3m,test,data_raw/uc3m/test/00842.jpg,,AD-7*83D*V,7*83D*V,4136.0,976.0,4353.0,957.0,4355.0,1003.0,4137.0,1022.0,4.743467,1,single_row,day,2,,,,
uc3m,test,data_raw/uc3m/test/00844.jpg,,AD-2*33*HX,2*33*HX,2706.0,1645.0,3392.0,1643.0,3392.0,1779.0,2704.0,1780.0,5.0698466,1,single_row,day,2,,,,
uc3m,test,data_raw/uc3m/test/00848.jpg,,AD-439**FR,439**FR,3082.0,1958.0,4292.0,1939.0,4290.0,2197.0,3075.0,2202.0,4.829954,1,single_row,day,2,,,,
uc3m,test,data_raw/uc3m/test/00855.jpg,,AD-6*16CT*,6*16CT*,1025.0,1865.0,1479.0,1872.0,1477.0,1965.0,1023.0,1959.0,4.8550053,1,single_row,day,2,,,,
uc3m,test,data_raw/uc3m/test/00855.jpg,,AD-1*36*KZ,1*36*KZ,3986.0,1813.0,4456.0,1816.0,4454.0,1912.0,3983.0,1913.0,4.799463,1,single_row,day,2,,,,
uc3m,test,data_raw/uc3m/test/00857.jpg,,AD-659**HY,659**HY,2343.0,1563.0,3008.0,1552.0,3001.0,1682.0,2340.0,1687.0,5.2162924,1,single_row,day,2,,,,
uc3m,test,data_raw/uc3m/test/00863.jpg,,AD-97*6*XT,97*6*XT,2185.0,1407.0,3007.0,1395.0,2996.0,1553.0,2184.0,1560.0,5.247889,1,single_row,day,2,,,,
uc3m,test,data_raw/uc3m/test/00867.jpg,,AD-699**DB,699**DB,1860.0,1176.0,2374.0,1171.0,2374.0,1278.0,1857.0,1280.0,4.8853874,1,single_row,day,2,,,,
uc3m,test,data_raw/uc3m/test/00867.jpg,,AD-92*2FP*,92*2FP*,4691.0,1382.0,5037.0,1381.0,5037.0,1452.0,4692.0,1453.0,4.865976,1,single_row,day,2,,,,
uc3m,test,data_raw/uc3m/test/00871.jpg,,AD-20*1HY*,20*1HY*,1934.0,1494.0,2319.0,1483.0,2323.0,1560.0,1934.0,1575.0,4.8983393,1,single_row,day,2,,,,
uc3m,test,data_raw/uc3m/test/00873.jpg,,AD-4*48*XT,4*48*XT,2475.0,1304.0,2917.0,1321.0,2914.0,1415.0,2472.0,1398.0,4.70321,1,single_row,day,2,,,,
uc3m,test,data_raw/uc3m/test/00873.jpg,,AD-77*0*CN,77*0*CN,4434.0,1449.0,4715.0,1452.0,4712.0,1507.0,4432.0,1503.0,5.141595,1,single_row,day,2,,,,
uc3m,test,data_raw/uc3m/test/00875.jpg,,AD-525*F*W,525*F*W,2070.0,2523.0,2701.0,2519.0,2701.0,2650.0,2068.0,2647.0,4.956627,1,single_row,day,2,,,,
uc3m,test,data_raw/uc3m/test/00879.jpg,,AD-995**CX,995**CX,2430.0,1568.0,2605.0,1567.0,2606.0,1601.0,2432.0,1601.0,5.2031536,1,single_row,day,2,,,,
uc3m,test,data_raw/uc3m/test/00879.jpg,,AD-325*KZ*,325*KZ*,3018.0,1573.0,3307.0,1586.0,3309.0,1644.0,3019.0,1629.0,5.082977,1,single_row,day,2,,,,
uc3m,test,data_raw/uc3m/test/00883.jpg,,AD-77*5KV*,77*5KV*,2760.0,1754.0,3529.0,1750.0,3527.0,1905.0,2758.0,1907.0,4.993127,1,single_row,day,2,,,,
uc3m,test,data_raw/uc3m/test/00886.jpg,,AD-8*89KW*,8*89KW*,1672.0,2860.0,2784.0,2801.0,2803.0,3027.0,1682.0,3078.0,5.023799,1,single_row,day,2,,,,
uc3m,test,data_raw/uc3m/test/00886.jpg,,AD-2*52*YN,2*52*YN,4847.0,1700.0,5135.0,1678.0,5141.0,1736.0,4854.0,1756.0,5.024475,1,single_row,day,2,,,,
uc3m,test,data_raw/uc3m/test/00897.jpg,,AD-*545G*T,*545G*T,717.0,2006.0,1878.0,2013.0,1884.0,2265.0,732.0,2241.0,4.744688,1,single_row,day,2,,,,
uc3m,test,data_raw/uc3m/test/00898.jpg,,AD-5*14*SZ,5*14*SZ,2503.0,885.0,3508.0,915.0,3494.0,1119.0,2491.0,1082.0,4.9997635,1,single_row,day,2,,,,
uc3m,test,data_raw/uc3m/test/00899.jpg,,AD-258**NM,258**NM,2647.0,2373.0,3241.0,2350.0,3246.0,2468.0,2649.0,2492.0,5.026627,1,single_row,day,2,,,,
uc3m,test,data_raw/uc3m/test/00901.jpg,,AD-865**NN,865**NN,1034.0,1900.0,1200.0,1888.0,1199.0,1920.0,1036.0,1935.0,4.9218507,1,single_row,day,2,,,,
uc3m,test,data_raw/uc3m/test/00901.jpg,,AD-949**TS,949**TS,2011.0,2525.0,2698.0,2481.0,2709.0,2618.0,2025.0,2659.0,5.0469704,1,single_row,day,2,,,,
uc3m,test,data_raw/uc3m/test/00901.jpg,,AD-81*1*ZJ,81*1*ZJ,3654.0,1758.0,3820.0,1751.0,3824.0,1783.0,3657.0,1792.0,5.0223594,1,single_row,day,2,,,,
uc3m,test,data_raw/uc3m/test/00903.jpg,,AD-8*09*DG,8*09*DG,2527.0,2029.0,2945.0,2022.0,2955.0,2112.0,2537.0,2124.0,4.4939632,1,single_row,day,2,,,,
uc3m,test,data_raw/uc3m/test/00903.jpg,,AD-655*LT*,655*LT*,4696.0,2147.0,4994.0,2137.0,4997.0,2218.0,4702.0,2226.0,3.7014282,1,single_row,day,2,,,,
uc3m,test,data_raw/uc3m/test/00908.jpg,,AD-46*5*MW,46*5*MW,145.0,2186.0,418.0,2178.0,413.0,2232.0,145.0,2238.0,5.0944114,1,single_row,day,2,,,,
uc3m,test,data_raw/uc3m/test/00908.jpg,,AD-862**JC,862**JC,2299.0,2276.0,2899.0,2258.0,2904.0,2373.0,2304.0,2392.0,5.192413,1,single_row,day,2,,,,
uc3m,test,data_raw/uc3m/test/00910.jpg,,AD-961*FY*,961*FY*,2410.0,2045.0,2950.0,2045.0,2954.0,2156.0,2410.0,2163.0,4.732332,1,single_row,day,2,,,,
uc3m,test,data_raw/uc3m/test/00915.jpg,,AD-420**JC,420**JC,2524.0,1565.0,2901.0,1542.0,2907.0,1621.0,2531.0,1641.0,4.848835,1,single_row,day,2,,,,
uc3m,test,data_raw/uc3m/test/00915.jpg,,AD-1*81H*B,1*81H*B,4219.0,1600.0,4742.0,1573.0,4744.0,1674.0,4221.0,1698.0,5.2614837,1,single_row,day,2,,,,
uc3m,test,data_raw/uc3m/test/00929.jpg,,AD-32*1*HP,32*1*HP,2127.0,2258.0,3062.0,2260.0,3064.0,2454.0,2121.0,2443.0,4.9539137,1,single_row,day,2,,,,
uc3m,test,data_raw/uc3m/test/00936.jpg,,AD-69*8*MM,69*8*MM,2565.0,2345.0,3252.0,2358.0,3250.0,2504.0,2565.0,2482.0,4.8495045,1,single_row,day,2,,,,
uc3m,test,data_raw/uc3m/test/00948.jpg,,AN-2*27*WV,2*27*WV,2463.0,629.0,3931.0,631.0,3929.0,919.0,2465.0,904.0,5.2078223,1,single_row,night,2,,,,
uc3m,test,data_raw/uc3m/test/00958.jpg,,AD-49*9C*V,49*9C*V,2754.0,2143.0,2876.0,2146.0,2876.0,2177.0,2756.0,2175.0,3.8383155,1,single_row,day,2,,,,
uc3m,test,data_raw/uc3m/test/00958.jpg,,AD-9*83*BH,9*83*BH,3416.0,2228.0,3624.0,2234.0,3626.0,2275.0,3416.0,2271.0,4.9747868,1,single_row,day,2,,,,
uc3m,test,data_raw/uc3m/test/00961.jpg,,AN-908*LM*,908*LM*,2033.0,2182.0,2927.0,2168.0,2935.0,2364.0,2031.0,2372.0,4.6563115,1,single_row,night,2,,,,
uc3m,test,data_raw/uc3m/test/00963.jpg,,AN-*189J*H,*189J*H,2078.0,1511.0,2814.0,1502.0,2822.0,1649.0,2077.0,1657.0,5.051133,1,single_row,night,2,,,,
uc3m,test,data_raw/uc3m/test/00967.jpg,,AN-87*4*ZZ,87*4*ZZ,2275.0,1889.0,3840.0,1881.0,3824.0,2162.0,2256.0,2172.0,5.54432,1,single_row,night,2,,,,
uc3m,test,data_raw/uc3m/test/00968.jpg,,AN-69*5*XV,69*5*XV,2002.0,1215.0,4086.0,1276.0,4073.0,1689.0,1982.0,1619.0,5.1083126,1,single_row,night,2,,,,
uc3m,test,data_raw/uc3m/test/00976.jpg,,AD-09*6*NJ,09*6*NJ,2220.0,2577.0,2790.0,2522.0,2819.0,2653.0,2258.0,2715.0,4.1003637,1,single_row,day,2,,,,
uc3m,test,data_raw/uc3m/test/00976.jpg,,AD-5*59G*M,5*59G*M,4551.0,2210.0,4736.0,2197.0,4750.0,2250.0,4567.0,2264.0,3.3201034,1,single_row,day,2,,,,
uc3m,test,data_raw/uc3m/test/00978.jpg,,AD-19*7*WP,19*7*WP,3182.0,2203.0,3616.0,2172.0,3638.0,2276.0,3202.0,2308.0,4.0915685,1,single_row,day,2,,,,
uc3m,test,data_raw/uc3m/test/00979.jpg,,AD-5*30*FF,5*30*FF,920.0,2029.0,1077.0,2022.0,1069.0,2071.0,918.0,2076.0,3.1878643,1,single_row,day,2,,,,
uc3m,test,data_raw/uc3m/test/00979.jpg,,AD-74*1*SX,74*1*SX,1328.0,2071.0,1521.0,2064.0,1528.0,2119.0,1332.0,2125.0,3.5515375,1,single_row,day,2,,,,
uc3m,test,data_raw/uc3m/test/00979.jpg,,AD-78*9GB*,78*9GB*,2100.0,2185.0,2357.0,2179.0,2350.0,2245.0,2091.0,2249.0,3.9397056,1,single_row,day,2,,,,
uc3m,test,data_raw/uc3m/test/00979.jpg,,AD-65*3BX*,65*3BX*,2716.0,2179.0,3103.0,2173.0,3101.0,2261.0,2713.0,2266.0,4.4271383,1,single_row,day,2,,,,
uc3m,test,data_raw/uc3m/test/00988.jpg,,AD-7*97*DF,7*97*DF,4497.0,2448.0,4657.0,2441.0,4678.0,2504.0,4510.0,2512.0,2.4928362,1,single_row,day,2,,,,
uc3m,test,data_raw/uc3m/test/00988.jpg,,AD-819**KY,819**KY,4095.0,2392.0,4326.0,2384.0,4348.0,2457.0,4115.0,2469.0,2.9810855,1,single_row,day,2,,,,
uc3m,test,data_raw/uc3m/test/00988.jpg,,AD-83*0*DT,83*0*DT,1642.0,2633.0,2084.0,2624.0,2101.0,2739.0,1660.0,2755.0,3.687357,1,single_row,day,2,,,,
uc3m,test,data_raw/uc3m/test/00991.jpg,,AD-710**PD,710**PD,1754.0,2491.0,2747.0,2483.0,2734.0,2704.0,1738.0,2704.0,4.5726757,1,single_row,day,2,,,,
uc3m,test,data_raw/uc3m/test/00991.jpg,,AD-88*5*DM,88*5*DM,4780.0,1749.0,5052.0,1747.0,5062.0,1805.0,4785.0,1809.0,4.6112804,1,single_row,day,2,,,,
uc3m,test,data_raw/uc3m/test/00994.jpg,,AD-11*0CT*,11*0CT*,2210.0,2079.0,2950.0,2053.0,2983.0,2215.0,2227.0,2245.0,4.5065427,1,single_row,day,2,,,,
uc3m,test,data_raw/uc3m/test/01000.jpg,,AD-944**XR,944**XR,3529.0,2735.0,4610.0,2750.0,4621.0,2970.0,3538.0,2959.0,4.8692384,1,single_row,day,2,,,,
uc3m,test,data_raw/uc3m/test/01003.jpg,,AD-3*33*HR,3*33*HR,2219.0,1091.0,2562.0,1096.0,2563.0,1166.0,2218.0,1159.0,4.985762,1,single_row,day,2,,,,
uc3m,test,data_raw/uc3m/test/01004.jpg,,AD-3*33*HR,3*33*HR,71.0,2114.0,1179.0,2130.0,1182.0,2377.0,49.0,2353.0,4.6021314,1,single_row,day,2,,,,
uc3m,test,data_raw/uc3m/test/01009.jpg,,AD-855*JY*,855*JY*,1292.0,1888.0,1971.0,1864.0,1966.0,2026.0,1275.0,2050.0,4.218404,1,single_row,day,2,,,,
uc3m,test,data_raw/uc3m/test/01013.jpg,,AD-42*6*WT,42*6*WT,1419.0,2426.0,2180.0,2363.0,2186.0,2545.0,1419.0,2593.0,4.3887386,1,single_row,day,2,,,,
uc3m,test,data_raw/uc3m/test/01016.jpg,,AD-702**SH,702**SH,1203.0,2233.0,2653.0,2280.0,2610.0,2623.0,1160.0,2570.0,4.2335243,1,single_row,day,2,,,,
uc3m,test,data_raw/uc3m/test/01026.jpg,,AD-37*5C*Y,37*5C*Y,1908.0,2642.0,2363.0,2624.0,2357.0,2728.0,1907.0,2743.0,4.413759,1,single_row,day,2,,,,
uc3m,test,data_raw/uc3m/test/01039.jpg,,DD-81*8L*X,81*8L*X,1151.0,2134.0,2219.0,2131.0,2207.0,2363.0,1139.0,2360.0,4.657383,1,single_row,day,2,,,,
uc3m,test,data_raw/uc3m/test/01043.jpg,,AD-399*DV*,399*DV*,340.0,1832.0,2785.0,1811.0,2794.0,2320.0,356.0,2340.0,4.7999816,1,single_row,day,2,,,,
uc3m,test,data_raw/uc3m/test/01050.jpg,,AD-13*7*HT,13*7*HT,2107.0,1068.0,2661.0,1043.0,2687.0,1166.0,2142.0,1196.0,4.258193,1,single_row,day,2,,,,
uc3m,test,data_raw/uc3m/test/01053.jpg,,AD-48*0L*J,48*0L*J,2367.0,2321.0,3332.0,2334.0,3321.0,2541.0,2356.0,2519.0,4.759248,1,single_row,day,2,,,,
uc3m,test,data_raw/uc3m/test/01063.jpg,,AD-04*4FF*,04*4FF*,2779.0,2558.0,3429.0,2554.0,3434.0,2685.0,2779.0,2688.0,4.998247,1,single_row,day,2,,,,
uc3m,test,data_raw/uc3m/test/01065.jpg,,AD-904**TP,904**TP,1287.0,2006.0,2606.0,1971.0,2595.0,2261.0,1269.0,2282.0,4.667703,1,single_row,day,2,,,,
uc3m,test,data_raw/uc3m/test/01070.jpg,,AD-*066G*N,*066G*N,2885.0,2536.0,3361.0,2519.0,3364.0,2691.0,2878.0,2699.0,2.8712323,1,single_row,day,2,,,,
uc3m,test,data_raw/uc3m/test/01073.jpg,,AD-398**FB,398**FB,3756.0,1715.0,5015.0,1664.0,5033.0,1928.0,3770.0,1980.0,4.762615,1,single_row,day,2,,,,
uc3m,test,data_raw/uc3m/test/01077.jpg,,AD-747*GS*,747*GS*,212.0,1680.0,424.0,1695.0,413.0,1748.0,198.0,1735.0,3.8592155,1,single_row,day,2,,,,
uc3m,test,data_raw/uc3m/test/01077.jpg,,AD-55*3*GM,55*3*GM,2730.0,2025.0,3057.0,2041.0,3056.0,2108.0,2726.0,2089.0,5.017357,1,single_row,day,2,,,,
uc3m,test,data_raw/uc3m/test/01077.jpg,,AD-398**FB,398**FB,4794.0,1784.0,5183.0,1801.0,5183.0,1873.0,4792.0,1855.0,5.4589624,1,single_row,day,2,,,,
uc3m,test,data_raw/uc3m/test/01082.jpg,,AD-4*04GG*,4*04GG*,1293.0,2246.0,1559.0,2240.0,1557.0,2293.0,1296.0,2299.0,4.9672437,1,single_row,day,2,,,,
uc3m,test,data_raw/uc3m/test/01082.jpg,,AD-BFMA*66*,BFMA*66*,3583.0,2678.0,4338.0,2669.0,4342.0,2823.0,3595.0,2835.0,4.8221583,1,single_row,day,2,,,,
uc3m,test,data_raw/uc3m/test/01083.jpg,,AD-588**PD,588**PD,1840.0,2229.0,2585.0,2212.0,2587.0,2366.0,1835.0,2382.0,4.8759036,1,single_row,day,2,,,,
uc3m,test,data_raw/uc3m/test/01090.jpg,,AD-53*4LR*,53*4LR*,1481.0,1914.0,2024.0,1932.0,2026.0,2048.0,1484.0,2025.0,4.781982,1,single_row,day,2,,,,
uc3m,test,data_raw/uc3m/test/01093.jpg,,AD-374**FX,374**FX,2112.0,275.0,3161.0,252.0,3164.0,459.0,2112.0,479.0,5.1127276,1,single_row,day,2,,,,
uc3m,test,data_raw/uc3m/test/01094.jpg,,AD-9*09*SM,9*09*SM,1080.0,619.0,1957.0,618.0,1949.0,811.0,1071.0,801.0,4.6753144,1,single_row,day,2,,,,
uc3m,test,data_raw/uc3m/test/01117.jpg,,AD-1*56*CW,1*56*CW,1306.0,2103.0,2488.0,2080.0,2493.0,2319.0,1309.0,2339.0,4.981131,1,single_row,day,2,,,,
uc3m,test,data_raw/uc3m/test/01121.jpg,,BD-39*8J*T,39*8J*T,954.0,1778.0,2632.0,1724.0,2537.0,2886.0,843.0,2918.0,1.459446,2,two_row,day,2,,,,
uc3m,test,data_raw/uc3m/test/01122.jpg,,AD-779*F*D,779*F*D,1935.0,447.0,3176.0,414.0,3175.0,663.0,1926.0,691.0,5.0505157,1,single_row,day,2,,,,
uc3m,test,data_raw/uc3m/test/01127.jpg,,AD-42*2*TV,42*2*TV,997.0,1253.0,2663.0,1187.0,2675.0,1536.0,1007.0,1597.0,4.8120203,1,single_row,day,2,,,,
uc3m,test,data_raw/uc3m/test/01128.jpg,,AD-4*09DR*,4*09DR*,2682.0,1326.0,3741.0,1287.0,3749.0,1495.0,2698.0,1538.0,5.0185704,1,single_row,day,2,,,,
uc3m,test,data_raw/uc3m/test/01134.jpg,,AD-0*61B*S,0*61B*S,1.0,1958.0,1871.0,1823.0,1914.0,2219.0,7.0,2365.0,4.7027307,1,single_row,day,2,,,,
uc3m,test,data_raw/uc3m/test/01138.jpg,,AD-73*0*VP,73*0*VP,1939.0,2103.0,2612.0,2093.0,2611.0,2246.0,1946.0,2253.0,4.4137826,1,single_row,day,2,,,,
uc3m,test,data_raw/uc3m/test/01142.jpg,,AD-187**RN,187**RN,2436.0,1867.0,3515.0,1873.0,3515.0,2080.0,2423.0,2073.0,5.2515426,1,single_row,day,2,,,,
uc3m,test,data_raw/uc3m/test/01146.jpg,,AD-5*10J*K,5*10J*K,1821.0,2251.0,3939.0,2142.0,3966.0,2590.0,1830.0,2690.0,4.796844,1,single_row,day,2,,,,
uc3m,test,data_raw/uc3m/test/01150.jpg,,AD-374**SY,374**SY,1384.0,1333.0,3066.0,1313.0,3080.0,1621.0,1378.0,1629.0,5.599365,1,single_row,day,2,,,,
uc3m,test,data_raw/uc3m/test/01151.jpg,,AD-88*5*VV,88*5*VV,2195.0,1341.0,3498.0,1293.0,3496.0,1563.0,2201.0,1600.0,4.9131083,1,single_row,day,2,,,,
uc3m,test,data_raw/uc3m/test/01153.jpg,,AD-859**CM,859**CM,1719.0,1431.0,3465.0,1541.0,3431.0,1909.0,1687.0,1790.0,4.7911797,1,single_row,day,2,,,,
uc3m,test,data_raw/uc3m/test/01154.jpg,,AD-10*6H*F,10*6H*F,1931.0,1178.0,2811.0,1249.0,2792.0,1429.0,1917.0,1347.0,5.0250983,1,single_row,day,2,,,,
uc3m,test,data_raw/uc3m/test/01155.jpg,,AD-41*9JV*,41*9JV*,1761.0,1722.0,2724.0,1684.0,2728.0,1866.0,1754.0,1917.0,5.141146,1,single_row,day,2,,,,
uc3m,test,data_raw/uc3m/test/01163.jpg,,AD-*367KY*,*367KY*,1941.0,1244.0,2971.0,1285.0,2971.0,1495.0,1931.0,1460.0,4.8598123,1,single_row,day,2,,,,
uc3m,test,data_raw/uc3m/test/01170.jpg,,AD-31*3*WR,31*3*WR,2625.0,2367.0,2916.0,2452.0,2911.0,2538.0,2617.0,2450.0,3.5984666,1,single_row,day,2,,,,
uc3m,test,data_raw/uc3m/test/01172.jpg,,AD-5*00*PZ,5*00*PZ,2798.0,2082.0,3298.0,1991.0,3299.0,2100.0,2802.0,2188.0,4.709615,1,single_row,day,2,,,,
uc3m,test,data_raw/uc3m/test/01172.jpg,,AD-44*9KY*,44*9KY*,5804.0,4015.0,6362.0,3908.0,6372.0,4032.0,5815.0,4137.0,4.596956,1,single_row,day,2,,,,
uc3m,test,data_raw/uc3m/test/01182.jpg,,AD-7*02*SC,7*02*SC,3040.0,4539.0,3586.0,4458.0,3593.0,4572.0,3042.0,4639.0,5.167389,1,single_row,day,2,,,,
uc3m,test,data_raw/uc3m/test/01191.jpg,,AD-*322K*Y,*322K*Y,3174.0,3613.0,3635.0,3566.0,3629.0,3670.0,3176.0,3707.0,4.6313066,1,single_row,day,2,,,,
uc3m,test,data_raw/uc3m/test/01191.jpg,,AD-16*5J*B,16*5J*B,5421.0,2657.0,5817.0,2607.0,5804.0,2695.0,5411.0,2744.0,4.504597,1,single_row,day,2,,,,
uc3m,test,data_raw/uc3m/test/01201.jpg,,AD-80*0*XY,80*0*XY,1772.0,2567.0,2296.0,2548.0,2289.0,2656.0,1768.0,2674.0,4.856705,1,single_row,day,2,,,,
uc3m,test,data_raw/uc3m/test/01206.jpg,,AD-774**JC,774**JC,1814.0,1787.0,2509.0,1694.0,2518.0,1844.0,1814.0,1938.0,4.684979,1,single_row,day,2,,,,
uc3m,test,data_raw/uc3m/test/01209.jpg,,AD-2*01*HV,2*01*HV,2779.0,2477.0,3302.0,2402.0,3306.0,2512.0,2783.0,2587.0,4.800012,1,single_row,day,2,,,,
uc3m,test,data_raw/uc3m/test/01214.jpg,,AD-229*LR*,229*LR*,2331.0,2878.0,2861.0,2807.0,2868.0,2920.0,2337.0,2990.0,4.7490544,1,single_row,day,2,,,,
uc3m,test,data_raw/uc3m/test/01215.jpg,,AD-8*28GZ*,8*28GZ*,2465.0,2422.0,2991.0,2360.0,2999.0,2471.0,2474.0,2532.0,4.773955,1,single_row,day,2,,,,
uc3m,test,data_raw/uc3m/test/01220.jpg,,AD-61*1JZ*,61*1JZ*,1752.0,1575.0,2289.0,1509.0,2293.0,1624.0,1757.0,1686.0,4.7776303,1,single_row,day,2,,,,
uc3m,test,data_raw/uc3m/test/01220.jpg,,AD-526*HY*,526*HY*,5268.0,1947.0,5805.0,1887.0,5804.0,1998.0,5267.0,2060.0,4.825294,1,single_row,day,2,,,,
uc3m,test,data_raw/uc3m/test/01227.jpg,,AD-71*3HS*,71*3HS*,2041.0,2425.0,2889.0,2287.0,2906.0,2456.0,2054.0,2596.0,5.0464325,1,single_row,day,2,,,,
uc3m,test,data_raw/uc3m/test/01234.jpg,,AD-142**KY,142**KY,4124.0,3339.0,4761.0,3264.0,4758.0,3392.0,4132.0,3472.0,4.8703036,1,single_row,day,2,,,,
uc3m,test,data_raw/uc3m/test/01236.jpg,,AD-2*04GZ*,2*04GZ*,2196.0,2069.0,2747.0,2049.0,2744.0,2163.0,2197.0,2183.0,4.818057,1,single_row,day,2,,,,
uc3m,test,data_raw/uc3m/test/01236.jpg,,AD-*198*HY,*198*HY,4487.0,1120.0,4967.0,1070.0,4965.0,1179.0,4487.0,1225.0,4.4987054,1,single_row,day,2,,,,
uc3m,test,data_raw/uc3m/test/01237.jpg,,AD-78*6KS*,78*6KS*,2241.0,2217.0,2819.0,2176.0,2817.0,2301.0,2246.0,2338.0,4.679235,1,single_row,day,2,,,,
uc3m,test,data_raw/uc3m/test/01242.jpg,,AD-988**HG,988**HG,4554.0,2044.0,5088.0,1988.0,5094.0,2110.0,4558.0,2160.0,4.5137753,1,single_row,day,2,,,,
uc3m,test,data_raw/uc3m/test/01248.jpg,,AD-27*7*SB,27*7*SB,5720.0,2320.0,6287.0,2266.0,6288.0,2380.0,5720.0,2438.0,4.9159384,1,single_row,day,2,,,,
uc3m,test,data_raw/uc3m/test/01251.jpg,,AD-51*9LL*,51*9LL*,3938.0,953.0,4479.0,901.0,4477.0,1020.0,3944.0,1068.0,4.6062074,1,single_row,day,2,,,,
uc3m,test,data_raw/uc3m/test/01260.jpg,,AD-8*58*TH,8*58*TH,2857.0,1481.0,3436.0,1418.0,3437.0,1538.0,2859.0,1600.0,4.868749,1,single_row,day,2,,,,
uc3m,test,data_raw/uc3m/test/01267.jpg,,AD-37*1BS*,37*1BS*,2648.0,2994.0,3330.0,2837.0,3358.0,2982.0,2687.0,3144.0,4.59291,1,single_row,day,2,,,,
uc3m,test,data_raw/uc3m/test/01271.jpg,,AD-235*JZ*,235*JZ*,2454.0,970.0,3107.0,1047.0,3104.0,1191.0,2449.0,1109.0,4.653969,1,single_row,day,2,,,,
uc3m,test,data_raw/uc3m/test/01275.jpg,,AD-644**MH,644**MH,2266.0,2600.0,2963.0,2476.0,2979.0,2623.0,2280.0,2750.0,4.751398,1,single_row,day,2,,,,
uc3m,test,data_raw/uc3m/test/01276.jpg,,AD-2*25BS*,2*25BS*,2644.0,3038.0,3345.0,2908.0,3354.0,3051.0,2659.0,3182.0,4.930155,1,single_row,day,2,,,,
uc3m,test,data_raw/uc3m/test/01288.jpg,,AD-2*33KT*,2*33KT*,1721.0,2307.0,2442.0,2295.0,2430.0,2445.0,1717.0,2453.0,4.8363585,1,single_row,day,2,,,,
uc3m,test,data_raw/uc3m/test/01306.jpg,,AD-045**XY,045**XY,1620.0,3122.0,2317.0,3119.0,2317.0,3265.0,1615.0,3271.0,4.7411337,1,single_row,day,2,,,,
uc3m,test,data_raw/uc3m/test/01307.jpg,,AD-17*9KS*,17*9KS*,996.0,2003.0,1668.0,2000.0,1664.0,2142.0,996.0,2150.0,4.635964,1,single_row,day,2,,,,
uc3m,test,data_raw/uc3m/test/01307.jpg,,AD-56*6*CR,56*6*CR,5100.0,2237.0,5749.0,2228.0,5736.0,2370.0,5092.0,2376.0,4.5882926,1,single_row,day,2,,,,
uc3m,test,data_raw/uc3m/test/01319.jpg,,AD-74*9*DT,74*9*DT,2986.0,3648.0,3752.0,3572.0,3751.0,3736.0,2990.0,3809.0,4.7200165,1,single_row,day,2,,,,
uc3m,test,data_raw/uc3m/test/01322.jpg,,AD-27*2*CS,27*2*CS,1999.0,3105.0,2706.0,3042.0,2705.0,3193.0,1997.0,3248.0,4.829425,1,single_row,day,2,,,,
uc3m,test,data_raw/uc3m/test/01339.jpg,,AD-*988JZ*,*988JZ*,5145.0,1935.0,5677.0,1878.0,5680.0,1994.0,5146.0,2049.0,4.659429,1,single_row,day,2,,,,
uc3m,test,data_raw/uc3m/test/01341.jpg,,AD-*815JV*,*815JV*,1831.0,1605.0,2365.0,1546.0,2366.0,1655.0,1835.0,1702.0,5.1935606,1,single_row,day,2,,,,
uc3m,test,data_raw/uc3m/test/01345.jpg,,AD-56*0LV*,56*0LV*,2660.0,2331.0,3212.0,2270.0,3215.0,2376.0,2658.0,2438.0,5.236996,1,single_row,day,2,,,,
uc3m,test,data_raw/uc3m/test/01348.jpg,,AD-697**NY,697**NY,2386.0,2437.0,2950.0,2375.0,2956.0,2485.0,2382.0,2542.0,5.3160305,1,single_row,day,2,,,,
uc3m,test,data_raw/uc3m/test/01363.jpg,,AD-51*5*MW,51*5*MW,4158.0,2501.0,4740.0,2440.0,4742.0,2560.0,4161.0,2613.0,5.035837,1,single_row,day,2,,,,
uc3m,test,data_raw/uc3m/test/01379.jpg,,AD-50*4*GH,50*4*GH,3893.0,2474.0,4443.0,2394.0,4446.0,2507.0,3893.0,2580.0,5.0839396,1,single_row,day,2,,,,
uc3m,test,data_raw/uc3m/test/01379.jpg,,AD-264**DT,264**DT,6557.0,625.0,6876.0,512.0,6876.0,622.0,6554.0,728.0,3.1797302,1,single_row,day,2,,,,
uc3m,test,data_raw/uc3m/test/01384.jpg,,AD-39*6G*J,39*6G*J,1793.0,2582.0,2452.0,2561.0,2446.0,2680.0,1789.0,2707.0,5.392332,1,single_row,day,2,,,,
uc3m,test,data_raw/uc3m/test/01395.jpg,,AD-018**SN,018**SN,2516.0,3291.0,3185.0,3180.0,3194.0,3309.0,2528.0,3425.0,5.132362,1,single_row,day,2,,,,
uc3m,test,data_raw/uc3m/test/01401.jpg,,AD-28*9F*M,28*9F*M,2969.0,3078.0,3584.0,2993.0,3591.0,3120.0,2972.0,3201.0,4.9759283,1,single_row,day,2,,,,
uc3m,test,data_raw/uc3m/test/01404.jpg,,AD-59*8GC*,59*8GC*,3687.0,1049.0,4271.0,952.0,4277.0,1076.0,3693.0,1168.0,4.8632197,1,single_row,day,2,,,,
uc3m,test,data_raw/uc3m/test/01414.jpg,,AD-11*6L*X,11*6L*X,1639.0,2193.0,2278.0,2077.0,2291.0,2205.0,1650.0,2316.0,5.1556087,1,single_row,day,2,,,,
uc3m,test,data_raw/uc3m/test/01417.jpg,,AD-119**HD,119**HD,2058.0,2798.0,2714.0,2682.0,2728.0,2811.0,2071.0,2925.0,5.178263,1,single_row,day,2,,,,
uc3m,test,data_raw/uc3m/test/01423.jpg,,AD-10*7LS*,10*7LS*,1373.0,3928.0,2030.0,3800.0,2044.0,3936.0,1380.0,4059.0,5.019115,1,single_row,day,2,,,,
uc3m,test,data_raw/uc3m/test/01423.jpg,,AD-235**HH,235**HH,2406.0,1493.0,2976.0,1391.0,2982.0,1503.0,2413.0,1604.0,5.1792603,1,single_row,day,2,,,,
uc3m,test,data_raw/uc3m/test/01424.jpg,,AD-72*1LV*,72*1LV*,1044.0,3144.0,1673.0,3027.0,1684.0,3161.0,1051.0,3278.0,4.7779274,1,single_row,day,2,,,,
uc3m,test,data_raw/uc3m/test/01425.jpg,,AD-237*KS*,237*KS*,1214.0,3340.0,1846.0,3221.0,1856.0,3349.0,1225.0,3462.0,5.1184583,1,single_row,day,2,,,,
uc3m,test,data_raw/uc3m/test/01433.jpg,,AD-912**FB,912**FB,2540.0,2635.0,2892.0,2503.0,2911.0,2630.0,2555.0,2755.0,3.020862,1,single_row,day,2,,,,
uc3m,test,data_raw/uc3m/test/01437.jpg,,AD-*135*ZP,*135*ZP,3322.0,1639.0,3838.0,1688.0,3843.0,1799.0,3327.0,1744.0,4.7969146,1,single_row,day,2,,,,
uc3m,test,data_raw/uc3m/test/01438.jpg,,AD-62*1*DY,62*1*DY,2184.0,1257.0,2693.0,1300.0,2707.0,1404.0,2189.0,1362.0,4.9058714,1,single_row,day,2,,,,
uc3m,test,data_raw/uc3m/test/01439.jpg,,AD-29*7*GK,29*7*GK,2204.0,3357.0,2804.0,3390.0,2800.0,3525.0,2199.0,3481.0,4.643908,1,single_row,day,2,,,,
uc3m,test,data_raw/uc3m/test/01445.jpg,,AD-8*85*DC,8*85*DC,2737.0,1566.0,3268.0,1582.0,3267.0,1701.0,2736.0,1676.0,4.6409984,1,single_row,day,2,,,,
uc3m,test,data_raw/uc3m/test/01447.jpg,,AD-0*15*JK,0*15*JK,3321.0,1916.0,3957.0,1824.0,3969.0,1960.0,3331.0,2050.0,4.750578,1,single_row,day,2,,,,
uc3m,test,data_raw/uc3m/test/01454.jpg,,AD-*652F*M,*652F*M,3504.0,3376.0,4170.0,3263.0,4190.0,3405.0,3517.0,3512.0,4.845955,1,single_row,day,2,,,,
uc3m,test,data_raw/uc3m/test/01457.jpg,,AD-07*2*FN,07*2*FN,4410.0,1769.0,5023.0,1669.0,5032.0,1799.0,4416.0,1890.0,4.9462705,1,single_row,day,2,,,,
uc3m,test,data_raw/uc3m/test/01458.jpg,,AD-08*1*CV,08*1*CV,2753.0,3124.0,3425.0,3007.0,3436.0,3145.0,2767.0,3261.0,4.9287915,1,single_row,day,2,,,,
uc3m,test,data_raw/uc3m/test/01459.jpg,,AD-*058*HJ,*058*HJ,3000.0,3310.0,3660.0,3190.0,3675.0,3333.0,3010.0,3438.0,4.938223,1,single_row,day,2,,,,
uc3m,test,data_raw/uc3m/test/01460.jpg,,AD-130*L*R,130*L*R,1782.0,2967.0,2445.0,2853.0,2458.0,2985.0,1793.0,3094.0,5.176972,1,single_row,day,2,,,,
uc3m,test,data_raw/uc3m/test/01461.jpg,,AD-*881L*Y,*881L*Y,1893.0,1870.0,2516.0,1756.0,2526.0,1884.0,1897.0,1985.0,5.2181215,1,single_row,day,2,,,,
uc3m,test,data_raw/uc3m/test/01465.jpg,,AD-SG18*8*,SG18*8*,1545.0,1999.0,2154.0,1865.0,2185.0,1986.0,1558.0,2120.0,5.128568,1,single_row,day,2,,,,
uc3m,test,data_raw/uc3m/test/01466.jpg,,AD-26*4*HG,26*4*HG,4112.0,1249.0,4711.0,1137.0,4724.0,1268.0,4128.0,1370.0,4.785423,1,single_row,day,2,,,,
uc3m,test,data_raw/uc3m/test/01477.jpg,,AD-10*2K*S,10*2K*S,3931.0,2549.0,4594.0,2399.0,4610.0,2536.0,3950.0,2680.0,5.0139623,1,single_row,day,2,,,,
uc3m,test,data_raw/uc3m/test/01487.jpg,,AD-*544*PT,*544*PT,5196.0,1988.0,5817.0,1861.0,5825.0,1989.0,5205.0,2115.0,4.955729,1,single_row,day,2,,,,
uc3m,test,data_raw/uc3m/test/01489.jpg,,AD-839**PY,839**PY,2975.0,2819.0,3632.0,2682.0,3644.0,2813.0,2993.0,2948.0,5.103099,1,single_row,day,2,,,,
uc3m,test,data_raw/uc3m/test/01494.jpg,,AD-67*1*MP,67*1*MP,3738.0,2666.0,4396.0,2523.0,4404.0,2650.0,3748.0,2788.0,5.3821716,1,single_row,day,2,,,,
uc3m,test,data_raw/uc3m/test/01495.jpg,,AD-M28*6Z*,M28*6Z*,2456.0,1950.0,3083.0,1816.0,3090.0,1934.0,2465.0,2067.0,5.4346714,1,single_row,day,2,,,,
uc3m,test,data_raw/uc3m/test/01500.jpg,,AD-44*9*XX,44*9*XX,3236.0,1746.0,3881.0,1803.0,3873.0,1952.0,3230.0,1885.0,4.487677,1,single_row,day,2,,,,
uc3m,test,data_raw/uc3m/test/01500.jpg,,AD-118*LN*,118*LN*,232.0,940.0,836.0,995.0,856.0,1129.0,256.0,1079.0,4.370341,1,single_row,day,2,,,,
uc3m,test,data_raw/uc3m/test/01508.jpg,,AD-07*2*FN,07*2*FN,2831.0,796.0,3456.0,836.0,3463.0,996.0,2835.0,949.0,4.0102606,1,single_row,day,2,,,,
uc3m,test,data_raw/uc3m/test/01512.jpg,,AD-90*6B*P,90*6B*P,1733.0,1098.0,2428.0,1095.0,2457.0,1219.0,1760.0,1228.0,5.3516197,1,single_row,day,2,,,,
uc3m,test,data_raw/uc3m/test/01513.jpg,,AD-783**PT,783**PT,2345.0,1280.0,3036.0,1276.0,3054.0,1416.0,2365.0,1423.0,4.833041,1,single_row,day,2,,,,
uc3m,test,data_raw/uc3m/test/01515.jpg,,AD-543*FZ*,543*FZ*,4062.0,2493.0,4834.0,2467.0,4846.0,2628.0,4070.0,2650.0,4.8603425,1,single_row,day,2,,,,
uc3m,test,data_raw/uc3m/test/01517.jpg,,AD-49*9*RK,49*9*RK,1346.0,3297.0,2170.0,3285.0,2173.0,3470.0,1355.0,3482.0,4.4353976,1,single_row,day,2,,,,
uc3m,test,data_raw/uc3m/test/01518.jpg,,AD-399**MG,399**MG,1875.0,2635.0,2691.0,2608.0,2701.0,2794.0,1889.0,2808.0,4.5258827,1,single_row,day,2,,,,
uc3m,test,data_raw/uc3m/test/01519.jpg,,AD-050**DT,050**DT,2202.0,2266.0,2994.0,2242.0,3000.0,2424.0,2209.0,2427.0,4.612861,1,single_row,day,2,,,,
uc3m,test,data_raw/uc3m/test/01520.jpg,,AD-344**GS,344**GS,2286.0,1473.0,3087.0,1504.0,3089.0,1687.0,2283.0,1649.0,4.4800315,1,single_row,day,2,,,,
uc3m,test,data_raw/uc3m/test/01523.jpg,,AD-58*8KZ*,58*8KZ*,1481.0,2731.0,2293.0,2740.0,2303.0,2925.0,1487.0,2906.0,4.5182943,1,single_row,day,2,,,,
uc3m,test,data_raw/uc3m/test/01525.jpg,,AD-98*1*RR,98*1*RR,533.0,1688.0,1196.0,1532.0,1222.0,1669.0,554.0,1822.0,4.967279,1,single_row,day,2,,,,
uc3m,test,data_raw/uc3m/test/01528.jpg,,AD-677**XV,677**XV,3438.0,3725.0,4166.0,3571.0,4188.0,3717.0,3457.0,3867.0,5.1229677,1,single_row,day,2,,,,
uc3m,test,data_raw/uc3m/test/01529.jpg,,AD-454*G*P,454*G*P,2524.0,3077.0,3250.0,2921.0,3261.0,3065.0,2537.0,3215.0,5.2359967,1,single_row,day,2,,,,
uc3m,test,data_raw/uc3m/test/01531.jpg,,AD-265*JV*,265*JV*,2361.0,3233.0,3083.0,3088.0,3102.0,3237.0,2380.0,3383.0,4.887211,1,single_row,day,2,,,,
uc3m,test,data_raw/uc3m/test/01533.jpg,,AD-0*03*MH,0*03*MH,2733.0,3117.0,3456.0,2953.0,3475.0,3100.0,2751.0,3257.0,5.1220503,1,single_row,day,2,,,,
uc3m,test,data_raw/uc3m/test/01544.jpg,,AD-M*795X*,M*795X*,1126.0,3388.0,1802.0,3290.0,1806.0,3421.0,1130.0,3520.0,5.1925693,1,single_row,day,2,,,,
uc3m,test,data_raw/uc3m/test/01544.jpg,,AD-8*77*BC,8*77*BC,2229.0,915.0,2840.0,834.0,2846.0,957.0,2232.0,1033.0,5.120694,1,single_row,day,2,,,,
uc3m,test,data_raw/uc3m/test/01544.jpg,,AD-92*9HY*,92*9HY*,6135.0,3353.0,6794.0,3243.0,6803.0,3377.0,6135.0,3480.0,5.143521,1,single_row,day,2,,,,
uc3m,test,data_raw/uc3m/test/01546.jpg,,AD-694**XM,694**XM,3827.0,1033.0,4461.0,966.0,4461.0,1094.0,3827.0,1164.0,4.9242587,1,single_row,day,2,,,,
uc3m,test,data_raw/uc3m/test/01547.jpg,,AD-18*8*JZ,18*8*JZ,1159.0,2813.0,1876.0,2732.0,1883.0,2878.0,1160.0,2960.0,4.943175,1,single_row,day,2,,,,
uc3m,test,data_raw/uc3m/test/01547.jpg,,AD-694**XM,694**XM,5522.0,1952.0,6178.0,1870.0,6180.0,2008.0,5527.0,2079.0,4.971292,1,single_row,day,2,,,,
uc3m,test,data_raw/uc3m/test/01560.jpg,,AD-710**WG,710**WG,2575.0,3192.0,3312.0,3110.0,3313.0,3260.0,2580.0,3343.0,4.9129868,1,single_row,day,2,,,,
uc3m,test,data_raw/uc3m/test/01563.jpg,,AD-718**NT,718**NT,3639.0,1178.0,4283.0,1071.0,4297.0,1209.0,3647.0,1308.0,4.871923,1,single_row,day,2,,,,
uc3m,test,data_raw/uc3m/test/01565.jpg,,AD-08*6B*S,08*6B*S,3903.0,1562.0,4557.0,1446.0,4568.0,1584.0,3912.0,1688.0,5.0174007,1,single_row,day,2,,,,
uc3m,test,data_raw/uc3m/test/01566.jpg,,AD-1*20*SP,1*20*SP,4730.0,1628.0,5398.0,1507.0,5408.0,1652.0,4736.0,1763.0,4.8487854,1,single_row,day,2,,,,
uc3m,test,data_raw/uc3m/test/01567.jpg,,AD-55*1J*V,55*1J*V,1958.0,3355.0,2671.0,3228.0,2683.0,3377.0,1966.0,3495.0,5.007985,1,single_row,day,2,,,,
uc3m,test,data_raw/uc3m/test/01569.jpg,,AD-052*D*W,052*D*W,1502.0,3071.0,2216.0,2941.0,2220.0,3075.0,1509.0,3204.0,5.4195685,1,single_row,day,2,,,,
uc3m,test,data_raw/uc3m/test/01574.jpg,,AD-41*5L*M,41*5L*M,2870.0,3030.0,3590.0,2890.0,3603.0,3037.0,2885.0,3173.0,5.0256047,1,single_row,day,2,,,,
uc3m,test,data_raw/uc3m/test/01576.jpg,,AD-M496**T,M496**T,2154.0,2350.0,2854.0,2241.0,2865.0,2381.0,2160.0,2488.0,5.1030297,1,single_row,day,2,,,,
uc3m,test,data_raw/uc3m/test/01582.jpg,,AD-678**TP,678**TP,2910.0,3459.0,3683.0,3128.0,3718.0,3287.0,2941.0,3616.0,5.218314,1,single_row,day,2,,,,
uc3m,test,data_raw/uc3m/test/01585.jpg,,AD-8*75*RX,8*75*RX,1352.0,3490.0,2130.0,3162.0,2169.0,3326.0,1391.0,3645.0,5.131398,1,single_row,day,2,,,,
uc3m,test,data_raw/uc3m/test/01595.jpg,,AD-*220DP*,*220DP*,2074.0,2594.0,2362.0,2796.0,2365.0,2896.0,2068.0,2705.0,3.3374507,1,single_row,day,2,,,,
uc3m,test,data_raw/uc3m/test/01596.jpg,,AD-52*5*JR,52*5*JR,2844.0,1435.0,3236.0,1290.0,3253.0,1376.0,2862.0,1519.0,4.806604,1,single_row,day,2,,,,
uc3m,test,data_raw/uc3m/test/01596.jpg,,AD-72*0FB*,72*0FB*,4888.0,790.0,5271.0,656.0,5287.0,740.0,4904.0,870.0,4.848908,1,single_row,day,2,,,,
uc3m,test,data_raw/uc3m/test/01597.jpg,,AD-4*00*MB,4*00*MB,1853.0,1197.0,2247.0,1062.0,2261.0,1144.0,1863.0,1274.0,5.192832,1,single_row,day,2,,,,
uc3m,test,data_raw/uc3m/test/01597.jpg,,AD-9*15D*B,9*15D*B,4835.0,754.0,5202.0,615.0,5211.0,697.0,4849.0,829.0,4.898084,1,single_row,day,2,,,,
uc3m,test,data_raw/uc3m/test/01598.jpg,,AD-*975*PV,*975*PV,3880.0,2110.0,4283.0,1956.0,4298.0,2033.0,3892.0,2188.0,5.503148,1,single_row,day,2,,,,
uc3m,test,data_raw/uc3m/test/01607.jpg,,AD-5*34*JT,5*34*JT,4107.0,2579.0,4531.0,2408.0,4545.0,2502.0,4119.0,2661.0,5.125558,1,single_row,day,2,,,,
uc3m,test,data_raw/uc3m/test/01621.jpg,,AD-3*39*RR,3*39*RR,3738.0,3179.0,4144.0,2983.0,4169.0,3074.0,3754.0,3263.0,5.0413413,1,single_row,day,2,,,,
uc3m,test,data_raw/uc3m/test/01626.jpg,,AD-3*95*BB,3*95*BB,3526.0,3704.0,3939.0,3516.0,3957.0,3605.0,3540.0,3785.0,5.2482734,1,single_row,day,2,,,,
uc3m,test,data_raw/uc3m/test/01626.jpg,,AD-53*3C*M,53*3C*M,176.0,844.0,523.0,711.0,541.0,780.0,192.0,914.0,5.2088113,1,single_row,day,2,,,,
uc3m,test,data_raw/uc3m/test/01629.jpg,,AD-905*HX*,905*HX*,758.0,1808.0,1134.0,1653.0,1153.0,1730.0,778.0,1881.0,5.2319794,1,single_row,day,2,,,,
uc3m,test,data_raw/uc3m/test/01629.jpg,,AD-005*DN*,005*DN*,4946.0,1671.0,5304.0,1504.0,5320.0,1583.0,4960.0,1747.0,5.0077133,1,single_row,day,2,,,,
uc3m,test,data_raw/uc3m/test/01638.jpg,,AD-294**WV,294**WV,2935.0,2796.0,3325.0,2610.0,3348.0,2698.0,2955.0,2882.0,4.8313513,1,single_row,day,2,,,,
uc3m,test,data_raw/uc3m/test/01638.jpg,,AD-9*59*SZ,9*59*SZ,5473.0,2101.0,5839.0,1918.0,5855.0,2007.0,5486.0,2176.0,4.89393,1,single_row,day,2,,,,
uc3m,test,data_raw/uc3m/test/01641.jpg,,AD-488*D*P,488*D*P,4183.0,3227.0,4575.0,3030.0,4600.0,3122.0,4206.0,3310.0,4.823391,1,single_row,day,2,,,,
uc3m,test,data_raw/uc3m/test/01646.jpg,,AD-99*3F*S,99*3F*S,3436.0,2306.0,3801.0,2124.0,3819.0,2207.0,3450.0,2383.0,5.0044374,1,single_row,day,2,,,,
uc3m,test,data_raw/uc3m/test/01648.jpg,,AD-576**BY,576**BY,1685.0,4208.0,2279.0,4062.0,2265.0,4176.0,1675.0,4326.0,5.231704,1,single_row,day,2,,,,
uc3m,test,data_raw/uc3m/test/01651.jpg,,AD-266*J*Y,266*J*Y,2405.0,4164.0,2853.0,4026.0,2852.0,4122.0,2401.0,4254.0,5.044186,1,single_row,day,2,,,,
uc3m,test,data_raw/uc3m/test/01651.jpg,,AD-94*4*DZ,94*4*DZ,3620.0,486.0,3834.0,352.0,3824.0,431.0,3614.0,559.0,3.2603202,1,single_row,day,2,,,,
uc3m,test,data_raw/uc3m/test/01653.jpg,,AD-37*3*TD,37*3*TD,1929.0,3511.0,2394.0,3390.0,2380.0,3482.0,1933.0,3599.0,5.2031116,1,single_row,day,2,,,,
uc3m,test,data_raw/uc3m/test/01658.jpg,,AD-M76*3*W,M76*3*W,944.0,2815.0,1380.0,2711.0,1378.0,2801.0,942.0,2900.0,5.114837,1,single_row,day,2,,,,
uc3m,test,data_raw/uc3m/test/01658.jpg,,AD-57*2H*C,57*2H*C,3963.0,2424.0,4366.0,2317.0,4366.0,2416.0,3965.0,2519.0,4.2829356,1,single_row,day,2,,,,
uc3m,test,data_raw/uc3m/test/01662.jpg,,AD-379*GX*,379*GX*,2772.0,3899.0,3220.0,3771.0,3214.0,3862.0,2763.0,3985.0,5.253636,1,single_row,day,2,,,,
uc3m,test,data_raw/uc3m/test/01665.jpg,,AD-048**PJ,048**PJ,3934.0,3612.0,4368.0,3487.0,4358.0,3581.0,3925.0,3705.0,4.7990236,1,single_row,day,2,,,,
uc3m,test,data_raw/uc3m/test/01667.jpg,,AD-*944CN*,*944CN*,2128.0,2065.0,2586.0,1918.0,2584.0,2014.0,2124.0,2161.0,5.017746,1,single_row,day,2,,,,
uc3m,test,data_raw/uc3m/test/01667.jpg,,AD-146*L*J,146*L*J,4461.0,986.0,4868.0,859.0,4860.0,954.0,4452.0,1076.0,4.5870414,1,single_row,day,2,,,,
uc3m,test,data_raw/uc3m/test/01669.jpg,,AD-82*6*BW,82*6*BW,2826.0,2515.0,3286.0,2364.0,3279.0,2462.0,2820.0,2608.0,5.0448976,1,single_row,day,2,,,,
uc3m,test,data_raw/uc3m/test/01678.jpg,,AD-*012*PK,*012*PK,3079.0,3024.0,3511.0,2891.0,3503.0,2986.0,3039.0,3128.0,4.5329704,1,single_row,day,2,,,,
uc3m,test,data_raw/uc3m/test/01680.jpg,,AD-976*JY*,976*JY*,5827.0,3100.0,6655.0,2807.0,6633.0,2985.0,5806.0,3263.0,5.0939183,1,single_row,day,2,,,,
uc3m,test,data_raw/uc3m/test/01684.jpg,,AD-0*51*FN,0*51*FN,4761.0,2546.0,5627.0,2274.0,5594.0,2441.0,4730.0,2707.0,5.4213166,1,single_row,day,2,,,,
uc3m,test,data_raw/uc3m/test/01685.jpg,,AD-99*5*CB,99*5*CB,3480.0,2013.0,4449.0,2127.0,4427.0,2292.0,3469.0,2178.0,5.8477607,1,single_row,day,2,,,,
uc3m,test,data_raw/uc3m/test/01687.jpg,,AD-70*0*VJ,70*0*VJ,3144.0,1809.0,3695.0,1590.0,3704.0,1717.0,3154.0,1924.0,4.8633513,1,single_row,day,2,,,,
uc3m,test,data_raw/uc3m/test/01688.jpg,,AD-50*4*JW,50*4*JW,4099.0,2837.0,4660.0,2593.0,4659.0,2717.0,4105.0,2957.0,4.9784865,1,single_row,day,2,,,,
uc3m,test,data_raw/uc3m/test/01692.jpg,,AD-83*7DG*,83*7DG*,4820.0,2714.0,5383.0,2486.0,5387.0,2625.0,4822.0,2826.0,4.807732,1,single_row,day,2,,,,
uc3m,test,data_raw/uc3m/test/01707.jpg,,AD-93*8GR*,93*8GR*,2897.0,2430.0,3494.0,2223.0,3503.0,2358.0,2898.0,2558.0,4.819796,1,single_row,day,2,,,,
uc3m,test,data_raw/uc3m/test/01709.jpg,,AD-355**PZ,355**PZ,4250.0,4084.0,4877.0,3842.0,4880.0,3980.0,4256.0,4213.0,5.008619,1,single_row,day,2,,,,
uc3m,test,data_raw/uc3m/test/01710.jpg,,AD-57*1JP*,57*1JP*,3301.0,3743.0,3747.0,3628.0,3740.0,3726.0,3289.0,3839.0,4.746379,1,single_row,day,2,,,,
uc3m,test,data_raw/uc3m/test/01718.jpg,,AD-785*G*Z,785*G*Z,3080.0,3233.0,3524.0,3129.0,3518.0,3225.0,3074.0,3320.0,4.9623613,1,single_row,day,2,,,,
uc3m,test,data_raw/uc3m/test/01719.jpg,,AD-218*GY*,218*GY*,2773.0,3430.0,3226.0,3321.0,3221.0,3418.0,2765.0,3518.0,5.02861,1,single_row,day,2,,,,
uc3m,test,data_raw/uc3m/test/01720.jpg,,AD-54*5J*X,54*5J*X,2802.0,3280.0,3253.0,3180.0,3239.0,3269.0,2789.0,3370.0,5.0994678,1,single_row,day,2,,,,
uc3m,test,data_raw/uc3m/test/01736.jpg,,AD-729*JM*,729*JM*,3809.0,3214.0,4381.0,3193.0,4342.0,3310.0,3775.0,3321.0,4.836537,1,single_row,day,2,,,,
uc3m,test,data_raw/uc3m/test/01740.jpg,,AD-2*04*SV,2*04*SV,2611.0,2681.0,3189.0,2751.0,3135.0,2851.0,2562.0,2780.0,5.17424,1,single_row,day,2,,,,
uc3m,test,data_raw/uc3m/test/01744.jpg,,AD-813**CB,813**CB,3334.0,2909.0,3896.0,2736.0,3888.0,2849.0,3325.0,3010.0,5.4666305,1,single_row,day,2,,,,
uc3m,test,data_raw/uc3m/test/01748.jpg,,AD-*216*KM,*216*KM,5798.0,3053.0,6362.0,2908.0,6352.0,3031.0,5792.0,3161.0,4.9972806,1,single_row,day,2,,,,
uc3m,test,data_raw/uc3m/test/01761.jpg,,AD-*220DP*,*220DP*,4266.0,2346.0,4853.0,2269.0,4853.0,2390.0,4270.0,2470.0,4.817066,1,single_row,day,2,,,,
uc3m,test,data_raw/uc3m/test/01769.jpg,,AD-37*5*GW,37*5*GW,5691.0,3452.0,6282.0,3400.0,6264.0,3515.0,5664.0,3564.0,5.160777,1,single_row,day,2,,,,
uc3m,test,data_raw/uc3m/test/01772.jpg,,AD-344**DN,344**DN,2210.0,3262.0,2827.0,3203.0,2810.0,3325.0,2186.0,3367.0,5.393236,1,single_row,day,2,,,,
uc3m,test,data_raw/uc3m/test/01782.jpg,,AD-1*48LN*,1*48LN*,3185.0,3835.0,3820.0,3768.0,3806.0,3900.0,3172.0,3955.0,5.0303574,1,single_row,day,2,,,,
uc3m,test,data_raw/uc3m/test/01783.jpg,,AD-98*1CN*,98*1CN*,3428.0,4121.0,4066.0,4053.0,4054.0,4187.0,3414.0,4239.0,5.066716,1,single_row,day,2,,,,
uc3m,test,data_raw/uc3m/test/01787.jpg,,AD-M19*9*T,M19*9*T,2193.0,2841.0,2566.0,2816.0,2550.0,2889.0,2175.0,2906.0,5.269563,1,single_row,day,2,,,,
uc3m,test,data_raw/uc3m/test/01792.jpg,,AD-85*0*RR,85*0*RR,2093.0,2564.0,2452.0,2555.0,2441.0,2630.0,2083.0,2637.0,4.797708,1,single_row,day,2,,,,
uc3m,test,data_raw/uc3m/test/01796.jpg,,AD-71*9GH*,71*9GH*,3747.0,2367.0,4073.0,2364.0,4059.0,2435.0,3729.0,2431.0,4.72479,1,single_row,day,2,,,,
uc3m,test,data_raw/uc3m/test/01803.jpg,,AD-2*06H*Z,2*06H*Z,2447.0,3436.0,2630.0,3647.0,2610.0,3715.0,2429.0,3505.0,3.9140825,1,single_row,day,2,,,,
uc3m,test,data_raw/uc3m/test/01809.jpg,,AD-3*08LP*,3*08LP*,2037.0,2923.0,2403.0,2927.0,2389.0,3006.0,2020.0,2995.0,4.7674127,1,single_row,day,2,,,,
uc3m,test,data_raw/uc3m/test/01817.jpg,,AD-41*5*CS,41*5*CS,3401.0,2436.0,3686.0,2401.0,3670.0,2457.0,3380.0,2492.0,4.9068265,1,single_row,day,2,,,,
uc3m,test,data_raw/uc3m/test/01821.jpg,,AD-367**XP,367**XP,3184.0,2493.0,3479.0,2457.0,3468.0,2522.0,3173.0,2555.0,4.6087146,1,single_row,day,2,,,,
uc3m,test,data_raw/uc3m/test/01829.jpg,,AD-2*20*HH,2*20*HH,1836.0,1213.0,2147.0,1183.0,2149.0,1243.0,1838.0,1273.0,5.2045026,1,single_row,day,2,,,,
uc3m,test,data_raw/uc3m/test/01829.jpg,,AD-*214*YY,*214*YY,4342.0,3392.0,4703.0,3348.0,4705.0,3420.0,4343.0,3464.0,5.0566688,1,single_row,day,2,,,,
uc3m,test,data_raw/uc3m/test/01831.jpg,,AD-73*6*HH,73*6*HH,2273.0,1409.0,2600.0,1370.0,2601.0,1436.0,2275.0,1470.0,5.1722593,1,single_row,day,2,,,,
uc3m,test,data_raw/uc3m/test/01832.jpg,,AD-73*6*HH,73*6*HH,4393.0,3003.0,4767.0,2950.0,4767.0,3027.0,4392.0,3075.0,5.0722213,1,single_row,day,2,,,,
uc3m,test,data_raw/uc3m/test/01832.jpg,,AD-19*8D*S,19*8D*S,3598.0,688.0,3907.0,652.0,3907.0,718.0,3601.0,754.0,4.688492,1,single_row,day,2,,,,
uc3m,test,data_raw/uc3m/test/01841.jpg,,AD-676*JX*,676*JX*,3313.0,2325.0,3791.0,2220.0,3805.0,2321.0,3325.0,2426.0,4.8152285,1,single_row,day,2,,,,
uc3m,test,data_raw/uc3m/test/01843.jpg,,AD-1*35JX*,1*35JX*,3895.0,1671.0,4407.0,1547.0,4424.0,1654.0,3909.0,1775.0,4.950416,1,single_row,day,2,,,,
uc3m,test,data_raw/uc3m/test/01844.jpg,,AD-44*9GW*,44*9GW*,2709.0,2869.0,3264.0,2739.0,3282.0,2854.0,2722.0,2984.0,4.9321513,1,single_row,day,2,,,,
uc3m,test,data_raw/uc3m/test/01849.jpg,,AD-04*6*MT,04*6*MT,963.0,1872.0,1609.0,1683.0,1637.0,1816.0,991.0,1992.0,5.1811094,1,single_row,day,2,,,,
uc3m,test,data_raw/uc3m/test/01856.jpg,,AD-1*75KN*,1*75KN*,1186.0,794.0,1491.0,789.0,1497.0,855.0,1192.0,860.0,4.6028523,1,single_row,day,2,,,,
uc3m,test,data_raw/uc3m/test/01858.jpg,,AD-37*4D*F,37*4D*F,938.0,685.0,1229.0,690.0,1233.0,749.0,939.0,744.0,4.9523115,1,single_row,day,2,,,,
uc3m,test,data_raw/uc3m/test/01862.jpg,,AD-208*BY*,208*BY*,1007.0,913.0,1427.0,888.0,1444.0,980.0,1027.0,1009.0,4.377186,1,single_row,day,2,,,,
uc3m,test,data_raw/uc3m/test/01864.jpg,,AD-237**TF,237**TF,1017.0,737.0,1177.0,743.0,1175.0,777.0,1016.0,769.0,4.832638,1,single_row,day,2,,,,
uc3m,test,data_raw/uc3m/test/01865.jpg,,AD-213**NY,213**NY,858.0,623.0,1096.0,636.0,1092.0,686.0,854.0,670.0,4.8997607,1,single_row,day,2,,,,
uc3m,test,data_raw/uc3m/test/01867.jpg,,AD-*101FC*,*101FC*,748.0,970.0,916.0,976.0,912.0,1010.0,744.0,1002.0,5.0583587,1,single_row,day,2,,,,
uc3m,test,data_raw/uc3m/test/01871.jpg,,AD-77*3*JJ,77*3*JJ,750.0,772.0,910.0,774.0,908.0,809.0,744.0,806.0,4.6569204,1,single_row,day,2,,,,
uc3m,test,data_raw/uc3m/test/01876.jpg,,AN-75*9LN*,75*9LN*,745.0,1087.0,946.0,1089.0,946.0,1127.0,744.0,1126.0,5.2330565,1,single_row,night,2,,,,
uc3m,test,data_raw/uc3m/test/01883.jpg,,AD-38*6*KS,38*6*KS,1022.0,542.0,1332.0,509.0,1340.0,569.0,1028.0,600.0,5.2615714,1,single_row,day,2,,,,
uc3m,test,data_raw/uc3m/test/01892.jpg,,AD-47*4*JC,47*4*JC,1711.0,934.0,1919.0,917.0,1933.0,959.0,1721.0,976.0,4.8186803,1,single_row,day,2,,,,
uc3m,test,data_raw/uc3m/test/01896.jpg,,AD-817**KY,817**KY,1256.0,892.0,1489.0,870.0,1505.0,924.0,1279.0,951.0,3.8584409,1,single_row,day,2,,,,
uc3m,test,data_raw/uc3m/test/01898.jpg,,AD-43*9JN*,43*9JN*,1029.0,953.0,1265.0,920.0,1279.0,972.0,1038.0,1006.0,4.4761724,1,single_row,day,2,,,,
uc3m,test,data_raw/uc3m/test/01902.jpg,,AD-M66*8*S,M66*8*S,574.0,933.0,900.0,959.0,884.0,1059.0,555.0,1017.0,3.515083,1,single_row,day,2,,,,
uc3m,test,data_raw/uc3m/test/01903.jpg,,AD-482**GB,482**GB,410.0,919.0,747.0,950.0,728.0,1050.0,395.0,1005.0,3.566868,1,single_row,day,2,,,,
uc3m,test,data_raw/uc3m/test/01910.jpg,,AD-8*55JY*,8*55JY*,630.0,880.0,922.0,957.0,910.0,1031.0,618.0,942.0,4.396582,1,single_row,day,2,,,,
uc3m,test,data_raw/uc3m/test/01921.jpg,,AD-401*DW*,401*DW*,890.0,691.0,1218.0,695.0,1219.0,758.0,889.0,754.0,5.22195,1,single_row,day,2,,,,
uc3m,test,data_raw/uc3m/test/01924.jpg,,AD-50*9*RB,50*9*RB,1377.0,498.0,1575.0,499.0,1575.0,541.0,1378.0,541.0,4.646453,1,single_row,day,2,,,,
uc3m,test,data_raw/uc3m/test/01932.jpg,,AD-4*63*PN,4*63*PN,662.0,1416.0,1446.0,1665.0,1410.0,1818.0,650.0,1565.0,5.2944403,1,single_row,day,2,,,,
uc3m,test,data_raw/uc3m/test/01941.jpg,,AD-M175*Y*,M175*Y*,517.0,1557.0,859.0,1631.0,855.0,1729.0,514.0,1650.0,3.662145,1,single_row,day,2,,,,
uc3m,test,data_raw/uc3m/test/01942.jpg,,AD-M978*Y*,M978*Y*,429.0,1509.0,813.0,1570.0,810.0,1656.0,432.0,1587.0,4.710627,1,single_row,day,2,,,,
uc3m,test,data_raw/uc3m/test/01945.jpg,,AD-715*D*F,715*D*F,1059.0,1662.0,1457.0,1690.0,1450.0,1778.0,1053.0,1742.0,4.7335315,1,single_row,day,2,,,,
uc3m,test,data_raw/uc3m/test/01950.jpg,,AD-542**VY,542**VY,756.0,1256.0,1089.0,1273.0,1078.0,1353.0,745.0,1330.0,4.2890334,1,single_row,day,2,,,,
uc3m,test,data_raw/uc3m/test/01963.jpg,,AD-*968D*X,*968D*X,129.0,849.0,540.0,911.0,533.0,1012.0,129.0,943.0,4.2280803,1,single_row,day,2,,,,
uc3m,test,data_raw/uc3m/test/01969.jpg,,AD-M075**V,M075**V,847.0,1881.0,1058.0,1738.0,1082.0,1821.0,878.0,1966.0,2.8560793,1,single_row,day,2,,,,
uc3m,test,data_raw/uc3m/test/01974.jpg,,AD-287**SJ,287**SJ,1303.0,654.0,1542.0,618.0,1538.0,675.0,1299.0,709.0,4.3024487,1,single_row,day,2,,,,
