image_path,group_id,project_split
data_raw/cv/Frontal/0216KZP.jpg,g_ee453090d6f2244e,train
data_raw/cv/Frontal/1062FNT_.jpg,g_7f4c685a8be77161,train
data_raw/cv/Frontal/1565HTS.jpg,g_e22f99cc1c7287d4,validation
data_raw/cv/Frontal/2153GYX.jpg,g_f0fefaef54ef2a55,test
data_raw/cv/Frontal/2929KXJ.jpg,g_d30a3049e79bfee9,test
data_raw/cv/Frontal/3340JMF.jpg,g_cf2bc8f1648a356b,train
data_raw/cv/Frontal/3587DCX.jpg,g_0394434f293ce29c,train
data_raw/cv/Frontal/3838JZH.jpg,g_0fab81e637b60619,train
data_raw/cv/Frontal/4674FHC.jpg,g_7368f398c2f5d71c,train
data_raw/cv/Frontal/5275HGY.jpg,g_277f1159ce8383e3,train
data_raw/cv/Frontal/5488LKV.jpg,g_39869c643527b7ce,train
data_raw/cv/Frontal/5796DKP_.jpg,g_7e1ee563113ab16f,train
data_raw/cv/Frontal/6499KYF.jpg,g_859245a1badfad7a,validation
data_raw/cv/Frontal/7067KSH.jpg,g_b5218fc4f7782fd5,train
data_raw/cv/Frontal/7153JWD.jpg,g_680a407d4782c4f4,validation
data_raw/cv/Frontal/8727JTC.jpg,g_acdf9d1e63afd582,train
data_raw/cv/Frontal/9247CZG.jpg,g_fdf3e89298f98898,train
data_raw/cv/Frontal/9296FJB.jpg,g_0cf5bfc272e8447c,test
data_raw/cv/Frontal/PXL_20210921_150228605.jpg,g_b94ce70a53679c10,test
data_raw/cv/Frontal/PXL_20210921_150235551.jpg,g_0394434f293ce29c,train
data_raw/cv/Frontal/PXL_20210921_150242081.jpg,g_7e1ee563113ab16f,train
data_raw/cv/Frontal/PXL_20210921_152343867.jpg,g_b5218fc4f7782fd5,train
data_raw/cv/Frontal/PXL_20210921_152349075.jpg,g_680a407d4782c4f4,validation
data_raw/cv/Frontal/PXL_20210921_152354098.jpg,g_39869c643527b7ce,train
data_raw/cv/Frontal/PXL_20210921_152400613.jpg,g_88fd762d677abeee,validation
data_raw/cv/Frontal/PXL_20210921_152408576.jpg,g_d30a3049e79bfee9,test
data_raw/cv/Frontal/PXL_20210922_092615069.jpg,g_cf2bc8f1648a356b,train
data_raw/cv/Frontal/PXL_20210922_092633606.jpg,g_7f4c685a8be77161,train
data_raw/cv/Frontal/PXL_20210922_092638472.jpg,g_fdf3e89298f98898,train
data_raw/cv/Frontal/PXL_20210923_071331923.jpg,g_acdf9d1e63afd582,train
data_raw/cv/Frontal/PXL_20210923_071340804.jpg,g_277f1159ce8383e3,train
data_raw/cv/Frontal/PXL_20210923_071352288.jpg,g_7368f398c2f5d71c,train
data_raw/cv/Lateral/0182GLK.jpg,g_e8c6cf8d1611c9a2,train
data_raw/cv/Lateral/0292LKY.jpg,g_467ac0737e2d09d9,validation
data_raw/cv/Lateral/0664JGR.jpg,g_0df659fb96bfe944,train
data_raw/cv/Lateral/0729HHG.jpg,g_0e31088916e11dde,test
data_raw/cv/Lateral/0804FTB.jpg,g_a2bbc0b300bd8731,test
data_raw/cv/Lateral/0907JRF.jpg,g_88e4fcb5d16c31e8,train
data_raw/cv/Lateral/1062FNT.jpg,g_7f4c685a8be77161,train
data_raw/cv/Lateral/1178HJS.jpg,g_e9a5b438ebc13e0e,test
data_raw/cv/Lateral/1391KYW.jpg,g_387bebfef2be21ef,train
data_raw/cv/Lateral/1498JBZ.jpg,g_32ebcb5e1d938ce6,train
data_raw/cv/Lateral/1663FLN.jpg,g_c94a9b84bdf135b0,train
data_raw/cv/Lateral/2272HST.jpg,g_bce0a72ef8b305c2,test
data_raw/cv/Lateral/2335KGY.jpg,g_2008d11621ae64a1,validation
data_raw/cv/Lateral/2344KJP.jpg,g_475c9dc50d695581,train
data_raw/cv/Lateral/2377HSH.jpg,g_0398aaddde83ce68,test
data_raw/cv/Lateral/2643LDS.jpg,g_a11b9a93bc2edbaf,test
data_raw/cv/Lateral/2732LRG.jpg,g_e10d4ee664b8137b,validation
data_raw/cv/Lateral/2817LFP.jpg,g_1cb44c27226db6aa,test
data_raw/cv/Lateral/3017FRG.jpg,g_62b0255fd51c96be,validation
data_raw/cv/Lateral/3040JMB.jpg,g_6796c5471d69a624,train
data_raw/cv/Lateral/3326HGW - copia.jpg,g_e1451270a938261d,test
data_raw/cv/Lateral/3340JMF_.jpg,g_cf2bc8f1648a356b,train
data_raw/cv/Lateral/3374KBF.jpg,g_b38b3d8de49681c5,validation
data_raw/cv/Lateral/3567DCX_.jpg,g_0394434f293ce29c,train
data_raw/cv/Lateral/3587DCX_.jpg,g_0394434f293ce29c,train
data_raw/cv/Lateral/3616LLF.jpg,g_b8f0a9b3d6d33fc4,train
data_raw/cv/Lateral/3660CRT.jpg,g_75948f0bdf3418ed,train
data_raw/cv/Lateral/3991KHB.jpg,g_0df3c4a6c8beeee0,validation
data_raw/cv/Lateral/4142HCF.jpg,g_0c26ad1689f1db48,train
data_raw/cv/Lateral/4658JDG.jpg,g_39a765a17e755f8d,train
data_raw/cv/Lateral/4674FHC_.jpg,g_7368f398c2f5d71c,train
data_raw/cv/Lateral/5275HGY_.jpg,g_277f1159ce8383e3,train
data_raw/cv/Lateral/5416HML.jpg,g_b7defb10d0bae489,test
data_raw/cv/Lateral/5789JHB.jpg,g_29ae430de58c80df,train
data_raw/cv/Lateral/5796DKP.jpg,g_7e1ee563113ab16f,train
data_raw/cv/Lateral/5817FLW.jpg,g_c06caa983d45e81a,train
data_raw/cv/Lateral/5868GJV.jpg,g_a70a03919f656b4d,train
data_raw/cv/Lateral/5960CCW.jpg,g_47134c4eb3db8f64,train
data_raw/cv/Lateral/6000GVT.jpg,g_70df62612d6a0dd5,train
data_raw/cv/Lateral/6401JBX.jpg,g_cd9c24cfd91d5dd4,train
data_raw/cv/Lateral/6554BNX.jpg,g_5700621a9fb114f9,train
data_raw/cv/Lateral/6929LKK.jpg,g_bb93fe1a42225c2c,train
data_raw/cv/Lateral/7093HWB.jpg,g_acbf91591ff7b949,validation
data_raw/cv/Lateral/7674LLX.jpg,g_7dcc0105cbd2e60f,validation
data_raw/cv/Lateral/7982LCD.jpg,g_8babb2c7b102540d,validation
data_raw/cv/Lateral/8157HVG.jpg,g_1a5d1d33d2194279,train
data_raw/cv/Lateral/8611LGM.jpg,g_3e94fb94d39c0ccd,validation
data_raw/cv/Lateral/8727JTC_.jpg,g_acdf9d1e63afd582,train
data_raw/cv/Lateral/8796CKY.jpg,g_50aa07028d455ac5,test
data_raw/cv/Lateral/PXL_20210921_094926329.jpg,g_7e1ee563113ab16f,train
data_raw/cv/Lateral/PXL_20210921_094938026.jpg,g_640e1c3c3b6037bf,train
data_raw/cv/Lateral/PXL_20210921_094946132.jpg,g_e8c6cf8d1611c9a2,train
data_raw/cv/Lateral/PXL_20210921_094951899.jpg,g_1b08e922e439c182,train
data_raw/cv/Lateral/PXL_20210921_094959264.jpg,g_29ae430de58c80df,train
data_raw/cv/Lateral/PXL_20210921_095022850.jpg,g_bb93fe1a42225c2c,train
data_raw/cv/Lateral/PXL_20210921_095032661.jpg,g_75948f0bdf3418ed,train
data_raw/cv/Lateral/PXL_20210921_095042811.jpg,g_70df62612d6a0dd5,train
data_raw/cv/Lateral/PXL_20210921_095052884.jpg,g_0394434f293ce29c,train
data_raw/cv/Lateral/PXL_20210921_095103559.jpg,g_32ebcb5e1d938ce6,train
data_raw/cv/Lateral/PXL_20210921_095112482.jpg,g_475c9dc50d695581,train
data_raw/cv/Lateral/PXL_20210921_095129495.jpg,g_88e4fcb5d16c31e8,train
data_raw/cv/Lateral/PXL_20210921_095142454.jpg,g_5700621a9fb114f9,train
data_raw/cv/Lateral/PXL_20210921_095212294.jpg,g_cd9c24cfd91d5dd4,train
data_raw/cv/Lateral/PXL_20210923_071335579.jpg,g_acdf9d1e63afd582,train
data_raw/cv/Lateral/PXL_20210923_071344764.jpg,g_277f1159ce8383e3,train
data_raw/cv/Lateral/PXL_20210923_071356001.jpg,g_7368f398c2f5d71c,train
data_raw/uc3m/test/00000.jpg,g_ced531a657d3928c,train
data_raw/uc3m/test/00014.jpg,g_f4cfdc3c3900d3c2,train
data_raw/uc3m/test/00015.jpg,g_ef5d111facb0cb8d,train
data_raw/uc3m/test/00016.jpg,g_d01fddde69eaebb4,validation
data_raw/uc3m/test/00022.jpg,g_c1228c235d633d4d,train
data_raw/uc3m/test/00024.jpg,g_f1ae4948e6463b6b,train
data_raw/uc3m/test/00035.jpg,g_214203642eceef1d,train
data_raw/uc3m/test/00037.jpg,g_aeaafd584da3adc0,train
data_raw/uc3m/test/00038.jpg,g_502fcbdb4a6e309e,train
data_raw/uc3m/test/00039.jpg,g_2bbbf150cc8e8f75,validation
data_raw/uc3m/test/00075.jpg,g_40f106286f2e9765,train
data_raw/uc3m/test/00076.jpg,g_f4cfdc3c3900d3c2,train
data_raw/uc3m/test/00077.jpg,g_8bdd3db6525857fd,train
data_raw/uc3m/test/00091.jpg,g_1474fe863ffce91f,validation
data_raw/uc3m/test/00093.jpg,g_f4cfdc3c3900d3c2,train
data_raw/uc3m/test/00103.jpg,g_837f94e86580000f,test
data_raw/uc3m/test/00104.jpg,g_f4cfdc3c3900d3c2,train
data_raw/uc3m/test/00120.jpg,g_6d463f49079c77dd,test
data_raw/uc3m/test/00122.jpg,g_2dceb6a1e3e65c89,train
data_raw/uc3m/test/00123.jpg,g_f8086cf86b742658,train
data_raw/uc3m/test/00129.jpg,g_fa37d6399b69003b,train
data_raw/uc3m/test/00132.jpg,g_f4cfdc3c3900d3c2,train
data_raw/uc3m/test/00133.jpg,g_179a0f804644bb4c,validation
data_raw/uc3m/test/00139.jpg,g_d048c756e10de6e7,train
data_raw/uc3m/test/00149.jpg,g_a8edc773fa122aaf,train
data_raw/uc3m/test/00151.jpg,g_1f0d87e61ba9cbc0,train
data_raw/uc3m/test/00153.jpg,g_1f0d87e61ba9cbc0,train
data_raw/uc3m/test/00155.jpg,g_f4cfdc3c3900d3c2,train
data_raw/uc3m/test/00159.jpg,g_2665aaec4dccdaa5,test
data_raw/uc3m/test/00166.jpg,g_8bdd3db6525857fd,train
data_raw/uc3m/test/00169.jpg,g_f4cfdc3c3900d3c2,train
data_raw/uc3m/test/00173.jpg,g_f4cfdc3c3900d3c2,train
data_raw/uc3m/test/00180.jpg,g_885fe71334e7ba6e,train
data_raw/uc3m/test/00181.jpg,g_f4cfdc3c3900d3c2,train
data_raw/uc3m/test/00186.jpg,g_24133d453dddc14a,validation
data_raw/uc3m/test/00187.jpg,g_f63e6c473156bdf4,train
data_raw/uc3m/test/00188.jpg,g_f4cfdc3c3900d3c2,train
data_raw/uc3m/test/00201.jpg,g_5ff5751b7e4b77af,train
data_raw/uc3m/test/00204.jpg,g_905b39a521306576,test
data_raw/uc3m/test/00207.jpg,g_424befa805e556a8,test
data_raw/uc3m/test/00211.jpg,g_ef5d111facb0cb8d,train
data_raw/uc3m/test/00215.jpg,g_2d2ad90e5c5e63aa,train
data_raw/uc3m/test/00217.jpg,g_557da73051864ee4,train
data_raw/uc3m/test/00218.jpg,g_2d2ad90e5c5e63aa,train
data_raw/uc3m/test/00220.jpg,g_80fd94073aa5a52d,test
data_raw/uc3m/test/00223.jpg,g_e5f8c767762520bc,test
data_raw/uc3m/test/00227.jpg,g_15862eeafc5f1b97,validation
data_raw/uc3m/test/00229.jpg,g_f4cfdc3c3900d3c2,train
data_raw/uc3m/test/00236.jpg,g_d1128cee0b990c74,validation
data_raw/uc3m/test/00247.jpg,g_1743d1eb00f6f58a,train
data_raw/uc3m/test/00251.jpg,g_f4cfdc3c3900d3c2,train
data_raw/uc3m/test/00256.jpg,g_0afeebbb3301f978,train
data_raw/uc3m/test/00263.jpg,g_602ed40bee5828dc,validation
data_raw/uc3m/test/00266.jpg,g_12507700c4e27ef4,test
data_raw/uc3m/test/00268.jpg,g_c4ee0d22d46aa082,train
data_raw/uc3m/test/00270.jpg,g_a2fc7d8588e8d4f5,train
data_raw/uc3m/test/00290.jpg,g_768db4c93a689323,train
data_raw/uc3m/test/00293.jpg,g_cdf37e04b1798eaf,train
data_raw/uc3m/test/00296.jpg,g_97fd508400630963,train
data_raw/uc3m/test/00298.jpg,g_678483645275dc54,train
data_raw/uc3m/test/00300.jpg,g_9a6951baeca92fd9,train
data_raw/uc3m/test/00302.jpg,g_f4cfdc3c3900d3c2,train
data_raw/uc3m/test/00308.jpg,g_616bbeb3c98b5365,test
data_raw/uc3m/test/00310.jpg,g_f4cfdc3c3900d3c2,train
data_raw/uc3m/test/00311.jpg,g_b5731532f5efdb3a,train
data_raw/uc3m/test/00312.jpg,g_b415090ec636baf4,test
data_raw/uc3m/test/00320.jpg,g_f3067fc2f8e437e6,test
data_raw/uc3m/test/00326.jpg,g_2ea7e13e08166034,train
data_raw/uc3m/test/00327.jpg,g_378fa1fa38965b10,test
data_raw/uc3m/test/00337.jpg,g_5e31a6d0012409a8,validation
data_raw/uc3m/test/00340.jpg,g_e1ff61595883dda9,train
data_raw/uc3m/test/00348.jpg,g_f4cfdc3c3900d3c2,train
data_raw/uc3m/test/00353.jpg,g_5ff5751b7e4b77af,train
data_raw/uc3m/test/00358.jpg,g_4e713bf95af7f88f,test
data_raw/uc3m/test/00362.jpg,g_2e4639fc381588b4,test
data_raw/uc3m/test/00374.jpg,g_40f6206a4b435738,test
data_raw/uc3m/test/00376.jpg,g_f4cfdc3c3900d3c2,train
data_raw/uc3m/test/00382.jpg,g_42d05f6b4e3bf2e5,test
data_raw/uc3m/test/00384.jpg,g_f8086cf86b742658,train
data_raw/uc3m/test/00386.jpg,g_c36db8cfe2bcd897,train
data_raw/uc3m/test/00390.jpg,g_8fcfb95a807f0a47,train
data_raw/uc3m/test/00393.jpg,g_9be0334413adc3eb,validation
data_raw/uc3m/test/00405.jpg,g_8880587b8de5909c,validation
data_raw/uc3m/test/00407.jpg,g_cbd38b63f01dd157,train
data_raw/uc3m/test/00414.jpg,g_1828e214e8da119b,test
data_raw/uc3m/test/00420.jpg,g_3707c7e2869203bf,train
data_raw/uc3m/test/00421.jpg,g_9ac94bd3810a499f,train
data_raw/uc3m/test/00440.jpg,g_87041999c1879847,train
data_raw/uc3m/test/00441.jpg,g_87041999c1879847,train
data_raw/uc3m/test/00445.jpg,g_f4cfdc3c3900d3c2,train
data_raw/uc3m/test/00447.jpg,g_e1f8be72e4b53e46,train
data_raw/uc3m/test/00478.jpg,g_f4cfdc3c3900d3c2,train
data_raw/uc3m/test/00479.jpg,g_f4cfdc3c3900d3c2,train
data_raw/uc3m/test/00495.jpg,g_3b1a1bf86102b810,train
data_raw/uc3m/test/00505.jpg,g_f4cfdc3c3900d3c2,train
data_raw/uc3m/test/00509.jpg,g_f4cfdc3c3900d3c2,train
data_raw/uc3m/test/00510.jpg,g_f4cfdc3c3900d3c2,train
data_raw/uc3m/test/00511.jpg,g_c48ec9c6be58abc0,train
data_raw/uc3m/test/00513.jpg,g_185c91c962627742,test
data_raw/uc3m/test/00523.jpg,g_97103231ba7b9e12,train
data_raw/uc3m/test/00531.jpg,g_a05c089dca73b683,validation
data_raw/uc3m/test/00533.jpg,g_53854d92435b6190,validation
data_raw/uc3m/test/00553.jpg,g_f4cfdc3c3900d3c2,train
data_raw/uc3m/test/00555.jpg,g_f4cfdc3c3900d3c2,train
data_raw/uc3m/test/00560.jpg,g_f4cfdc3c3900d3c2,train
data_raw/uc3m/test/00573.jpg,g_3a8729692c21afec,train
data_raw/uc3m/test/00577.jpg,g_e953d1bcbfcfa9ea,train
data_raw/uc3m/test/00578.jpg,g_e1f2bc9c8c86b99b,validation
data_raw/uc3m/test/00588.jpg,g_f4cfdc3c3900d3c2,train
data_raw/uc3m/test/00589.jpg,g_f4cfdc3c3900d3c2,train
data_raw/uc3m/test/00591.jpg,g_f4cfdc3c3900d3c2,train
data_raw/uc3m/test/00606.jpg,g_8bdd3db6525857fd,train
data_raw/uc3m/test/00611.jpg,g_1f0d87e61ba9cbc0,train
data_raw/uc3m/test/00615.jpg,g_f4cfdc3c3900d3c2,train
data_raw/uc3m/test/00617.jpg,g_f4cfdc3c3900d3c2,train
data_raw/uc3m/test/00624.jpg,g_e9da815b88d5cf62,train
data_raw/uc3m/test/00644.jpg,g_f4cfdc3c3900d3c2,train
data_raw/uc3m/test/00650.jpg,g_f4cfdc3c3900d3c2,train
data_raw/uc3m/test/00654.jpg,g_01fc93b056a64b58,validation
data_raw/uc3m/test/00656.jpg,g_f4cfdc3c3900d3c2,train
data_raw/uc3m/test/00662.jpg,g_e697f073b7b1bee1,train
data_raw/uc3m/test/00668.jpg,g_f2e2ba4d588a21a4,train
data_raw/uc3m/test/00669.jpg,g_f81eca25ef94684e,train
data_raw/uc3m/test/00688.jpg,g_1743d1eb00f6f58a,train
data_raw/uc3m/test/00694.jpg,g_741f4c3ff975b8b1,train
data_raw/uc3m/test/00698.jpg,g_f4cfdc3c3900d3c2,train
data_raw/uc3m/test/00716.jpg,g_f4cfdc3c3900d3c2,train
data_raw/uc3m/test/00717.jpg,g_f4cfdc3c3900d3c2,train
data_raw/uc3m/test/00722.jpg,g_db48305c52b81e13,train
data_raw/uc3m/test/00726.jpg,g_8522665144560981,validation
data_raw/uc3m/test/00741.jpg,g_e954481018e268bd,train
data_raw/uc3m/test/00742.jpg,g_e954481018e268bd,train
data_raw/uc3m/test/00751.jpg,g_f4cfdc3c3900d3c2,train
data_raw/uc3m/test/00756.jpg,g_f4cfdc3c3900d3c2,train
data_raw/uc3m/test/00762.jpg,g_f4cfdc3c3900d3c2,train
data_raw/uc3m/test/00763.jpg,g_f4cfdc3c3900d3c2,train
data_raw/uc3m/test/00765.jpg,g_f4cfdc3c3900d3c2,train
data_raw/uc3m/test/00771.jpg,g_915adfd012742270,test
data_raw/uc3m/test/00776.jpg,g_f4cfdc3c3900d3c2,train
data_raw/uc3m/test/00786.jpg,g_f4cfdc3c3900d3c2,train
data_raw/uc3m/test/00798.jpg,g_671954035b2403ec,train
data_raw/uc3m/test/00799.jpg,g_79e34babce0cf00e,validation
data_raw/uc3m/test/00804.jpg,g_63193e3dc45c9494,test
data_raw/uc3m/test/00806.jpg,g_f4cfdc3c3900d3c2,train
data_raw/uc3m/test/00808.jpg,g_e4969af7e6230d58,train
data_raw/uc3m/test/00813.jpg,g_60b4b5904c2af709,train
data_raw/uc3m/test/00814.jpg,g_273028a430aea586,train
data_raw/uc3m/test/00816.jpg,g_7c12c86762650da1,train
data_raw/uc3m/test/00817.jpg,g_f4cfdc3c3900d3c2,train
data_raw/uc3m/test/00818.jpg,g_06e0ff101714715e,train
data_raw/uc3m/test/00831.jpg,g_f4cfdc3c3900d3c2,train
data_raw/uc3m/test/00834.jpg,g_f4cfdc3c3900d3c2,train
data_raw/uc3m/test/00836.jpg,g_71dabbb44af59b41,train
data_raw/uc3m/test/00839.jpg,g_f4cfdc3c3900d3c2,train
data_raw/uc3m/test/00841.jpg,g_53f4d46587bcf6b9,test
data_raw/uc3m/test/00842.jpg,g_f4cfdc3c3900d3c2,train
data_raw/uc3m/test/00844.jpg,g_9f58713cbb6ad0d3,train
data_raw/uc3m/test/00848.jpg,g_87e1e80f4c67cc2f,train
data_raw/uc3m/test/00855.jpg,g_f4cfdc3c3900d3c2,train
data_raw/uc3m/test/00857.jpg,g_f4cfdc3c3900d3c2,train
data_raw/uc3m/test/00863.jpg,g_e697f073b7b1bee1,train
data_raw/uc3m/test/00867.jpg,g_2dff9055934e406b,train
data_raw/uc3m/test/00871.jpg,g_a2fc7d8588e8d4f5,train
data_raw/uc3m/test/00873.jpg,g_c317d7429409bf61,train
data_raw/uc3m/test/00875.jpg,g_922505914ea12402,test
data_raw/uc3m/test/00879.jpg,g_f4cfdc3c3900d3c2,train
data_raw/uc3m/test/00883.jpg,g_f4cfdc3c3900d3c2,train
data_raw/uc3m/test/00886.jpg,g_83ae8f5ba117fee3,train
data_raw/uc3m/test/00897.jpg,g_3967c6dbcfef2916,test
data_raw/uc3m/test/00898.jpg,g_b0ff2f82fe4b1912,test
data_raw/uc3m/test/00899.jpg,g_8eec753b5159da48,test
data_raw/uc3m/test/00901.jpg,g_f4cfdc3c3900d3c2,train
data_raw/uc3m/test/00903.jpg,g_4355e24715753d84,test
data_raw/uc3m/test/00908.jpg,g_58f9ba9d6f693f59,train
data_raw/uc3m/test/00910.jpg,g_f4cfdc3c3900d3c2,train
data_raw/uc3m/test/00915.jpg,g_2255e51bf848a05d,train
data_raw/uc3m/test/00929.jpg,g_6e569c46e0c02034,train
data_raw/uc3m/test/00936.jpg,g_78a8e8caac460a73,validation
data_raw/uc3m/test/00948.jpg,g_70ecb7765eb3f2bf,validation
data_raw/uc3m/test/00958.jpg,g_f81eca25ef94684e,train
data_raw/uc3m/test/00961.jpg,g_ae83e88f7f2abdc0,train
data_raw/uc3m/test/00963.jpg,g_276eb52d3d14888a,train
data_raw/uc3m/test/00967.jpg,g_7d76c8e8b1c9614f,train
data_raw/uc3m/test/00968.jpg,g_833a6ad539c28799,train
data_raw/uc3m/test/00976.jpg,g_2d2ad90e5c5e63aa,train
data_raw/uc3m/test/00978.jpg,g_f4cfdc3c3900d3c2,train
data_raw/uc3m/test/00979.jpg,g_1580c0403da19b96,train
data_raw/uc3m/test/00988.jpg,g_ae84da237b06f063,train
data_raw/uc3m/test/00991.jpg,g_464bf6623ec08c84,train
data_raw/uc3m/test/00994.jpg,g_a36330f1784654ef,train
data_raw/uc3m/test/01000.jpg,g_83271f571e22f57d,train
data_raw/uc3m/test/01003.jpg,g_ad4a088ff40160cf,train
data_raw/uc3m/test/01004.jpg,g_ad4a088ff40160cf,train
data_raw/uc3m/test/01009.jpg,g_7f4ed6de8ae25ec9,train
data_raw/uc3m/test/01013.jpg,g_bcf84c29e1bac45f,validation
data_raw/uc3m/test/01016.jpg,g_3f4428c2998c91e4,train
data_raw/uc3m/test/01026.jpg,g_9d4908ef77be88d2,train
data_raw/uc3m/test/01039.jpg,g_1cc6185d6c0722e7,test
data_raw/uc3m/test/01043.jpg,g_f4cfdc3c3900d3c2,train
data_raw/uc3m/test/01050.jpg,g_88b4f99ea1d38505,validation
data_raw/uc3m/test/01053.jpg,g_8b580b3738aaf66b,test
data_raw/uc3m/test/01063.jpg,g_28c270f07a2ecfdb,train
data_raw/uc3m/test/01065.jpg,g_cab25b4e111ee229,train
data_raw/uc3m/test/01070.jpg,g_2d2ad90e5c5e63aa,train
data_raw/uc3m/test/01073.jpg,g_1580c0403da19b96,train
data_raw/uc3m/test/01077.jpg,g_1580c0403da19b96,train
data_raw/uc3m/test/01082.jpg,g_6113803fb1117fb5,train
data_raw/uc3m/test/01083.jpg,g_f4cfdc3c3900d3c2,train
data_raw/uc3m/test/01090.jpg,g_ff88b29a970aa699,train
data_raw/uc3m/test/01093.jpg,g_f4cfdc3c3900d3c2,train
data_raw/uc3m/test/01094.jpg,g_f4cfdc3c3900d3c2,train
data_raw/uc3m/test/01117.jpg,g_ce2f7f6e30333adf,train
data_raw/uc3m/test/01121.jpg,g_bb2cc4ae2de16143,train
data_raw/uc3m/test/01122.jpg,g_ccb0ce0776c0e956,test
data_raw/uc3m/test/01127.jpg,g_c4ee0d22d46aa082,train
data_raw/uc3m/test/01128.jpg,g_f4cfdc3c3900d3c2,train
data_raw/uc3m/test/01134.jpg,g_e4969af7e6230d58,train
data_raw/uc3m/test/01138.jpg,g_f4cfdc3c3900d3c2,train
data_raw/uc3m/test/01142.jpg,g_2dceb6a1e3e65c89,train
data_raw/uc3m/test/01146.jpg,g_9c7b02e054d69938,train
data_raw/uc3m/test/01150.jpg,g_9d4908ef77be88d2,train
data_raw/uc3m/test/01151.jpg,g_5642614f5c4775bf,train
data_raw/uc3m/test/01153.jpg,g_1580c0403da19b96,train
data_raw/uc3m/test/01154.jpg,g_6a6ab2aac5f67a0f,train
data_raw/uc3m/test/01155.jpg,g_276eb52d3d14888a,train
data_raw/uc3m/test/01163.jpg,g_e2df8679531c6fc9,validation
data_raw/uc3m/test/01170.jpg,g_90b99bbfc22c95b0,validation
data_raw/uc3m/test/01172.jpg,g_f4cfdc3c3900d3c2,train
data_raw/uc3m/test/01182.jpg,g_7374ea2d763bca3c,train
data_raw/uc3m/test/01191.jpg,g_230e2a4e8128540f,train
data_raw/uc3m/test/01201.jpg,g_2a6c45a58ae36fdc,test
data_raw/uc3m/test/01206.jpg,g_31b406b23de0f030,train
data_raw/uc3m/test/01209.jpg,g_ab0c8b29908a771e,train
data_raw/uc3m/test/01214.jpg,g_f4cfdc3c3900d3c2,train
data_raw/uc3m/test/01215.jpg,g_2df3f494505c4cd6,validation
data_raw/uc3m/test/01220.jpg,g_fa651bdc065553e3,test
data_raw/uc3m/test/01227.jpg,g_11da0328ac916bc3,validation
data_raw/uc3m/test/01234.jpg,g_cf6e9d133f12f10b,validation
data_raw/uc3m/test/01236.jpg,g_042bfe5aec5ad0a4,test
data_raw/uc3m/test/01237.jpg,g_f4cfdc3c3900d3c2,train
data_raw/uc3m/test/01242.jpg,g_1e0c51ba43322867,validation
data_raw/uc3m/test/01248.jpg,g_a08d4c4017b81fdb,validation
data_raw/uc3m/test/01251.jpg,g_5bad1377dc6691d1,validation
data_raw/uc3m/test/01260.jpg,g_003967677d8c9593,train
data_raw/uc3m/test/01267.jpg,g_9d4908ef77be88d2,train
data_raw/uc3m/test/01271.jpg,g_6aaa97083ce4fed4,train
data_raw/uc3m/test/01275.jpg,g_3fa0afaf081864b7,test
data_raw/uc3m/test/01276.jpg,g_66ae57a29dc4b138,train
data_raw/uc3m/test/01288.jpg,g_3508f7ebed9213e2,train
data_raw/uc3m/test/01306.jpg,g_161766f54efecc1f,test
data_raw/uc3m/test/01307.jpg,g_e1ff61595883dda9,train
data_raw/uc3m/test/01319.jpg,g_017aa27d6ddedc6f,train
data_raw/uc3m/test/01322.jpg,g_95d2d33453f7d073,train
data_raw/uc3m/test/01339.jpg,g_bb2cc4ae2de16143,train
data_raw/uc3m/test/01341.jpg,g_5642614f5c4775bf,train
data_raw/uc3m/test/01345.jpg,g_c1659452264a75b4,test
data_raw/uc3m/test/01348.jpg,g_87041999c1879847,train
data_raw/uc3m/test/01363.jpg,g_296df5178a1851ff,validation
data_raw/uc3m/test/01379.jpg,g_cfdd58acfc72e423,train
data_raw/uc3m/test/01384.jpg,g_e978f63be0d87944,train
data_raw/uc3m/test/01395.jpg,g_7638e82f847a68f9,validation
data_raw/uc3m/test/01401.jpg,g_c00a06a546162077,train
data_raw/uc3m/test/01404.jpg,g_f4cfdc3c3900d3c2,train
data_raw/uc3m/test/01414.jpg,g_f4cfdc3c3900d3c2,train
data_raw/uc3m/test/01417.jpg,g_f4cfdc3c3900d3c2,train
data_raw/uc3m/test/01423.jpg,g_68833fd3e5020f37,test
data_raw/uc3m/test/01424.jpg,g_5e156129044c86f6,train
data_raw/uc3m/test/01425.jpg,g_7acbe4a88f9f98c0,test
data_raw/uc3m/test/01433.jpg,g_c3faeedb66e31b56,test
data_raw/uc3m/test/01437.jpg,g_80f9dbe67dcbbb0a,train
data_raw/uc3m/test/01438.jpg,g_cab777446396b91c,train
data_raw/uc3m/test/01439.jpg,g_b0b6c960b63e5fed,train
data_raw/uc3m/test/01445.jpg,g_66d02c7ed29539b0,test
data_raw/uc3m/test/01447.jpg,g_13210fd980886052,train
data_raw/uc3m/test/01454.jpg,g_dcdba113c9e23385,test
data_raw/uc3m/test/01457.jpg,g_7d1adb4d8037d4f7,train
data_raw/uc3m/test/01458.jpg,g_e6453d30ec69a8aa,train
data_raw/uc3m/test/01459.jpg,g_f32f3392f207a4cb,train
data_raw/uc3m/test/01460.jpg,g_f4cfdc3c3900d3c2,train
data_raw/uc3m/test/01461.jpg,g_f4cfdc3c3900d3c2,train
data_raw/uc3m/test/01465.jpg,g_4ec2f2e0a15ba086,train
data_raw/uc3m/test/01466.jpg,g_74a231c37af88982,validation
data_raw/uc3m/test/01477.jpg,g_32881211d72a7ebc,validation
data_raw/uc3m/test/01487.jpg,g_975a16bc12ffd1f2,test
data_raw/uc3m/test/01489.jpg,g_d6881f77d009cf84,train
data_raw/uc3m/test/01494.jpg,g_32017e2589cd5f7f,train
data_raw/uc3m/test/01495.jpg,g_f4cfdc3c3900d3c2,train
data_raw/uc3m/test/01500.jpg,g_f4cfdc3c3900d3c2,train
data_raw/uc3m/test/01508.jpg,g_7d1adb4d8037d4f7,train
data_raw/uc3m/test/01512.jpg,g_cab25b4e111ee229,train
data_raw/uc3m/test/01513.jpg,g_f4cfdc3c3900d3c2,train
data_raw/uc3m/test/01515.jpg,g_cb5cb2a043c266fc,train
data_raw/uc3m/test/01517.jpg,g_f4cfdc3c3900d3c2,train
data_raw/uc3m/test/01518.jpg,g_cc408f4ec184e05f,test
data_raw/uc3m/test/01519.jpg,g_f4cfdc3c3900d3c2,train
data_raw/uc3m/test/01520.jpg,g_ce099ba3552fdedd,validation
data_raw/uc3m/test/01523.jpg,g_07013c75bd4b0cab,test
data_raw/uc3m/test/01525.jpg,g_dd36d2a1a38ff1b4,train
data_raw/uc3m/test/01528.jpg,g_a57cf5b82b377ad7,test
data_raw/uc3m/test/01529.jpg,g_2bcb19c0a4ddcfce,test
data_raw/uc3m/test/01531.jpg,g_f63e6c473156bdf4,train
data_raw/uc3m/test/01533.jpg,g_eeceaea1c9702635,test
data_raw/uc3m/test/01544.jpg,g_dbedc707a2e3b85e,train
data_raw/uc3m/test/01546.jpg,g_0d8b69c521cb3b8a,validation
data_raw/uc3m/test/01547.jpg,g_0d8b69c521cb3b8a,validation
data_raw/uc3m/test/01560.jpg,g_4559da49cf121efd,test
data_raw/uc3m/test/01563.jpg,g_506d0aeb1b325363,test
data_raw/uc3m/test/01565.jpg,g_f4cfdc3c3900d3c2,train
data_raw/uc3m/test/01566.jpg,g_2634685611d05954,train
data_raw/uc3m/test/01567.jpg,g_500866df4215b104,test
data_raw/uc3m/test/01569.jpg,g_f4cfdc3c3900d3c2,train
data_raw/uc3m/test/01574.jpg,g_b7fe7d65df7eb34f,train
data_raw/uc3m/test/01576.jpg,g_1756d76d4ebcce0a,train
data_raw/uc3m/test/01582.jpg,g_32017e2589cd5f7f,train
data_raw/uc3m/test/01585.jpg,g_0b6c514e23ea167a,validation
data_raw/uc3m/test/01595.jpg,g_f8086cf86b742658,train
data_raw/uc3m/test/01596.jpg,g_f8086cf86b742658,train
data_raw/uc3m/test/01597.jpg,g_f4cfdc3c3900d3c2,train
data_raw/uc3m/test/01598.jpg,g_8bfb39db8ad9b040,test
data_raw/uc3m/test/01607.jpg,g_e3ab37fbb1270762,train
data_raw/uc3m/test/01621.jpg,g_870040c2bef5fb6f,validation
data_raw/uc3m/test/01626.jpg,g_e8a4da810cc9899a,train
data_raw/uc3m/test/01629.jpg,g_9ca82643dd52eb4b,train
data_raw/uc3m/test/01638.jpg,g_7bef83b0b269d2ec,train
data_raw/uc3m/test/01641.jpg,g_6216c2585bc8a19d,validation
data_raw/uc3m/test/01646.jpg,g_bd9ecd877d27579d,test
data_raw/uc3m/test/01648.jpg,g_f4cfdc3c3900d3c2,train
data_raw/uc3m/test/01651.jpg,g_2bdfda99c452d370,train
data_raw/uc3m/test/01653.jpg,g_f4cfdc3c3900d3c2,train
data_raw/uc3m/test/01658.jpg,g_b5731532f5efdb3a,train
data_raw/uc3m/test/01662.jpg,g_56800da2eb45d829,validation
data_raw/uc3m/test/01665.jpg,g_f4cfdc3c3900d3c2,train
data_raw/uc3m/test/01667.jpg,g_fb4d197f47154192,test
data_raw/uc3m/test/01669.jpg,g_92c99f387835d2f6,train
data_raw/uc3m/test/01678.jpg,g_735c1e1fbf2b9879,train
data_raw/uc3m/test/01680.jpg,g_f4cfdc3c3900d3c2,train
data_raw/uc3m/test/01684.jpg,g_a0bfaa86e36ec071,train
data_raw/uc3m/test/01685.jpg,g_f4cfdc3c3900d3c2,train
data_raw/uc3m/test/01687.jpg,g_159310b99c126c3d,train
data_raw/uc3m/test/01688.jpg,g_85077b68e980b7d7,test
data_raw/uc3m/test/01692.jpg,g_e1dabee11fbe29a9,validation
data_raw/uc3m/test/01707.jpg,g_e53f05e5632e74e0,test
data_raw/uc3m/test/01709.jpg,g_eadd5effbce92b17,validation
data_raw/uc3m/test/01710.jpg,g_cb75c3b2c8006823,test
data_raw/uc3m/test/01718.jpg,g_1580c0403da19b96,train
data_raw/uc3m/test/01719.jpg,g_e3988ff80f746a5c,test
data_raw/uc3m/test/01720.jpg,g_8b2ab0899c9deb0c,validation
data_raw/uc3m/test/01736.jpg,g_2bdfda99c452d370,train
data_raw/uc3m/test/01740.jpg,g_ab0c8b29908a771e,train
data_raw/uc3m/test/01744.jpg,g_7351fdc7bcb09aaa,validation
data_raw/uc3m/test/01748.jpg,g_2d2ad90e5c5e63aa,train
data_raw/uc3m/test/01761.jpg,g_f8086cf86b742658,train
data_raw/uc3m/test/01769.jpg,g_d36461c39e8d645e,validation
data_raw/uc3m/test/01772.jpg,g_f18c4493950f2c3c,train
data_raw/uc3m/test/01782.jpg,g_2b214e141e54dd43,test
data_raw/uc3m/test/01783.jpg,g_107ab420bd194b53,test
data_raw/uc3m/test/01787.jpg,g_49cd9b369c562a62,validation
data_raw/uc3m/test/01792.jpg,g_1c9a15a948802e1e,test
data_raw/uc3m/test/01796.jpg,g_8084bc772912575f,train
data_raw/uc3m/test/01803.jpg,g_7439df94808ac191,train
data_raw/uc3m/test/01809.jpg,g_6794dbde95084d24,train
data_raw/uc3m/test/01817.jpg,g_d2bb0a55c5a6fddc,train
data_raw/uc3m/test/01821.jpg,g_f4cfdc3c3900d3c2,train
data_raw/uc3m/test/01829.jpg,g_f4cfdc3c3900d3c2,train
data_raw/uc3m/test/01831.jpg,g_f4cfdc3c3900d3c2,train
data_raw/uc3m/test/01832.jpg,g_f4cfdc3c3900d3c2,train
data_raw/uc3m/test/01841.jpg,g_f4cfdc3c3900d3c2,train
data_raw/uc3m/test/01843.jpg,g_230e2a4e8128540f,train
data_raw/uc3m/test/01844.jpg,g_f4cfdc3c3900d3c2,train
data_raw/uc3m/test/01849.jpg,g_f0e963fe06316b84,train
data_raw/uc3m/test/01856.jpg,g_5afe46c1e616f0a8,train
data_raw/uc3m/test/01858.jpg,g_f4cfdc3c3900d3c2,train
data_raw/uc3m/test/01862.jpg,g_f4cfdc3c3900d3c2,train
data_raw/uc3m/test/01864.jpg,g_9b5e8d74b66143de,train
data_raw/uc3m/test/01865.jpg,g_824e8d1da73f8c7b,validation
data_raw/uc3m/test/01867.jpg,g_f2e2ba4d588a21a4,train
data_raw/uc3m/test/01871.jpg,g_c6eb68f2e3a4795d,validation
data_raw/uc3m/test/01876.jpg,g_764ed668d36a5e6f,train
data_raw/uc3m/test/01883.jpg,g_96d5511f252c27bb,validation
data_raw/uc3m/test/01892.jpg,g_fe6bdfec9690d193,test
data_raw/uc3m/test/01896.jpg,g_ae84da237b06f063,train
data_raw/uc3m/test/01898.jpg,g_fa3970479cb91da7,train
data_raw/uc3m/test/01902.jpg,g_3f4428c2998c91e4,train
data_raw/uc3m/test/01903.jpg,g_9a386ad4d93814b6,train
data_raw/uc3m/test/01910.jpg,g_7f4ed6de8ae25ec9,train
data_raw/uc3m/test/01921.jpg,g_f4cfdc3c3900d3c2,train
data_raw/uc3m/test/01924.jpg,g_9d3a89f9d3dd0619,train
data_raw/uc3m/test/01932.jpg,g_580a191b79148bd2,train
data_raw/uc3m/test/01941.jpg,g_339ae7b778813502,validation
data_raw/uc3m/test/01942.jpg,g_2bca3ae7aa74ce8f,train
data_raw/uc3m/test/01945.jpg,g_5a3283d470391190,train
data_raw/uc3m/test/01950.jpg,g_f73a8097b970d8d9,test
data_raw/uc3m/test/01963.jpg,g_273028a430aea586,train
data_raw/uc3m/test/01969.jpg,g_f408f51e22fd265d,train
data_raw/uc3m/test/01974.jpg,g_4f600c0d29da140f,train
data_raw/uc3m/train/00001.jpg,g_b27b7689229a8574,train
data_raw/uc3m/train/00002.jpg,g_837c240d2e0bdf13,test
data_raw/uc3m/train/00003.jpg,g_e0dc0898b6a91858,train
data_raw/uc3m/train/00004.jpg,g_e0dc0898b6a91858,train
data_raw/uc3m/train/00005.jpg,g_e0dc0898b6a91858,train
data_raw/uc3m/train/00006.jpg,g_bd4d825953b82caa,train
data_raw/uc3m/train/00007.jpg,g_bd4d825953b82caa,train
data_raw/uc3m/train/00008.jpg,g_bd4d825953b82caa,train
data_raw/uc3m/train/00009.jpg,g_f4cfdc3c3900d3c2,train
data_raw/uc3m/train/00010.jpg,g_d6d42f59eb4715c0,train
data_raw/uc3m/train/00011.jpg,g_bc1b11b3b287b8eb,test
data_raw/uc3m/train/00012.jpg,g_cea4014b16fbb0c3,train
data_raw/uc3m/train/00013.jpg,g_f4cfdc3c3900d3c2,train
data_raw/uc3m/train/00017.jpg,g_020d17ea7cf8f48d,validation
data_raw/uc3m/train/00018.jpg,g_c410fcadb127ec09,train
data_raw/uc3m/train/00019.jpg,g_a8edc773fa122aaf,train
data_raw/uc3m/train/00020.jpg,g_68a67c8573f3bcba,train
data_raw/uc3m/train/00021.jpg,g_ea2f4fcb5ac7a317,train
data_raw/uc3m/train/00023.jpg,g_f4cfdc3c3900d3c2,train
data_raw/uc3m/train/00025.jpg,g_f63e6c473156bdf4,train
data_raw/uc3m/train/00026.jpg,g_f63e6c473156bdf4,train
data_raw/uc3m/train/00027.jpg,g_8bdd3db6525857fd,train
data_raw/uc3m/train/00028.jpg,g_77fc11c1fd94a751,train
data_raw/uc3m/train/00029.jpg,g_fa3970479cb91da7,train
data_raw/uc3m/train/00030.jpg,g_fa3970479cb91da7,train
data_raw/uc3m/train/00031.jpg,g_580a191b79148bd2,train
data_raw/uc3m/train/00032.jpg,g_580a191b79148bd2,train
data_raw/uc3m/train/00033.jpg,g_d3be2697ddbb48e0,train
data_raw/uc3m/train/00034.jpg,g_83271f571e22f57d,train
data_raw/uc3m/train/00036.jpg,g_63a2ac7730359ef0,validation
data_raw/uc3m/train/00040.jpg,g_38fd978aecd06c74,test
data_raw/uc3m/train/00041.jpg,g_239f6d7028377f8d,test
data_raw/uc3m/train/00042.jpg,g_9ac94bd3810a499f,train
data_raw/uc3m/train/00043.jpg,g_b9aa2582ead1fb65,train
data_raw/uc3m/train/00044.jpg,g_f4cfdc3c3900d3c2,train
data_raw/uc3m/train/00045.jpg,g_f4cfdc3c3900d3c2,train
data_raw/uc3m/train/00046.jpg,g_a01728336a6c913f,test
data_raw/uc3m/train/00047.jpg,g_aa8e09e16c910d14,train
data_raw/uc3m/train/00048.jpg,g_eede96e0e9ee6416,test
data_raw/uc3m/train/00049.jpg,g_83ae8f5ba117fee3,train
data_raw/uc3m/train/00050.jpg,g_0f438c3ccd3331a9,train
data_raw/uc3m/train/00051.jpg,g_980a3a82732d38f0,train
data_raw/uc3m/train/00052.jpg,g_bd4d825953b82caa,train
data_raw/uc3m/train/00053.jpg,g_b9aa2582ead1fb65,train
data_raw/uc3m/train/00054.jpg,g_2e386f7f61387ebb,train
data_raw/uc3m/train/00055.jpg,g_2d2ad90e5c5e63aa,train
data_raw/uc3m/train/00056.jpg,g_0fef6a991fc155a0,train
data_raw/uc3m/train/00057.jpg,g_e15a37e33d24ea49,train
data_raw/uc3m/train/00058.jpg,g_abdb3f0d916a5dc8,train
data_raw/uc3m/train/00059.jpg,g_bcdd2b882f1bef65,test
data_raw/uc3m/train/00060.jpg,g_abdb3f0d916a5dc8,train
data_raw/uc3m/train/00061.jpg,g_53a934b4148ac664,test
data_raw/uc3m/train/00062.jpg,g_2f4e2c350c05f648,validation
data_raw/uc3m/train/00063.jpg,g_8eda002594ad8855,validation
data_raw/uc3m/train/00064.jpg,g_228cfa24af9d2d24,train
data_raw/uc3m/train/00065.jpg,g_f4cfdc3c3900d3c2,train
data_raw/uc3m/train/00066.jpg,g_c511be1428990da6,validation
data_raw/uc3m/train/00067.jpg,g_6f8296084ba708f1,test
data_raw/uc3m/train/00068.jpg,g_f0a1b24152ea8cd7,train
data_raw/uc3m/train/00069.jpg,g_6390ec33ba7bae1f,train
data_raw/uc3m/train/00070.jpg,g_a1dda0bc28e15ced,validation
data_raw/uc3m/train/00071.jpg,g_9fdc2d74cf1349ae,test
data_raw/uc3m/train/00072.jpg,g_9b8f250fc5a51ad4,train
data_raw/uc3m/train/00073.jpg,g_f4cfdc3c3900d3c2,train
data_raw/uc3m/train/00074.jpg,g_6bd82f2a36d69109,test
data_raw/uc3m/train/00078.jpg,g_039542272b8eb35d,validation
data_raw/uc3m/train/00079.jpg,g_66ae57a29dc4b138,train
data_raw/uc3m/train/00080.jpg,g_96f2cd0bc6e8925a,test
data_raw/uc3m/train/00081.jpg,g_09a89a78e67328ba,train
data_raw/uc3m/train/00082.jpg,g_a36330f1784654ef,train
data_raw/uc3m/train/00083.jpg,g_f4cfdc3c3900d3c2,train
data_raw/uc3m/train/00084.jpg,g_b9aa2582ead1fb65,train
data_raw/uc3m/train/00085.jpg,g_fa37d6399b69003b,train
data_raw/uc3m/train/00086.jpg,g_1f68e64850f17025,train
data_raw/uc3m/train/00087.jpg,g_1f68e64850f17025,train
data_raw/uc3m/train/00088.jpg,g_dd36d2a1a38ff1b4,train
data_raw/uc3m/train/00089.jpg,g_b02ef052b856f8f8,validation
data_raw/uc3m/train/00090.jpg,g_e466d30bf0fe87b0,test
data_raw/uc3m/train/00092.jpg,g_f4cfdc3c3900d3c2,train
data_raw/uc3m/train/00094.jpg,g_ea312cbbee768403,validation
data_raw/uc3m/train/00095.jpg,g_19d81d8ab0c6f565,validation
data_raw/uc3m/train/00096.jpg,g_f4cfdc3c3900d3c2,train
data_raw/uc3m/train/00097.jpg,g_a36330f1784654ef,train
data_raw/uc3m/train/00098.jpg,g_f4cfdc3c3900d3c2,train
data_raw/uc3m/train/00099.jpg,g_2ab40ee676bfda1a,test
data_raw/uc3m/train/00100.jpg,g_f4cfdc3c3900d3c2,train
data_raw/uc3m/train/00101.jpg,g_f4cfdc3c3900d3c2,train
data_raw/uc3m/train/00102.jpg,g_f4cfdc3c3900d3c2,train
data_raw/uc3m/train/00105.jpg,g_26f8c0b723fd70c9,validation
data_raw/uc3m/train/00106.jpg,g_27ad1ef8e658845d,test
data_raw/uc3m/train/00107.jpg,g_372eaa5fb5c1f0ea,validation
data_raw/uc3m/train/00108.jpg,g_aff613700777acde,test
data_raw/uc3m/train/00109.jpg,g_f4cfdc3c3900d3c2,train
data_raw/uc3m/train/00110.jpg,g_934112e6329f7ede,test
data_raw/uc3m/train/00111.jpg,g_a36330f1784654ef,train
data_raw/uc3m/train/00112.jpg,g_a36330f1784654ef,train
data_raw/uc3m/train/00113.jpg,g_a36330f1784654ef,train
data_raw/uc3m/train/00114.jpg,g_a36330f1784654ef,train
data_raw/uc3m/train/00115.jpg,g_e348b726ab91470f,train
data_raw/uc3m/train/00116.jpg,g_ef5d111facb0cb8d,train
data_raw/uc3m/train/00117.jpg,g_f4cfdc3c3900d3c2,train
data_raw/uc3m/train/00118.jpg,g_f4cfdc3c3900d3c2,train
data_raw/uc3m/train/00119.jpg,g_a4f33145259a0acd,test
data_raw/uc3m/train/00121.jpg,g_7103af41311fa289,train
data_raw/uc3m/train/00124.jpg,g_580a191b79148bd2,train
data_raw/uc3m/train/00125.jpg,g_84f824f3a2c04da2,train
data_raw/uc3m/train/00126.jpg,g_b9ed5f5d7f8c7642,train
data_raw/uc3m/train/00127.jpg,g_a36330f1784654ef,train
data_raw/uc3m/train/00128.jpg,g_2d6bb5a19ee774e9,train
data_raw/uc3m/train/00130.jpg,g_1f68e64850f17025,train
data_raw/uc3m/train/00131.jpg,g_f4cfdc3c3900d3c2,train
data_raw/uc3m/train/00134.jpg,g_d2b5087aa348ee90,train
data_raw/uc3m/train/00135.jpg,g_c34c9bd7e19de78a,train
data_raw/uc3m/train/00136.jpg,g_fda7c4ac9a53c5ca,train
data_raw/uc3m/train/00137.jpg,g_fda7c4ac9a53c5ca,train
data_raw/uc3m/train/00138.jpg,g_fda7c4ac9a53c5ca,train
data_raw/uc3m/train/00140.jpg,g_65254900363ea2b6,train
data_raw/uc3m/train/00141.jpg,g_5ec85e7b9964141c,test
data_raw/uc3m/train/00142.jpg,g_8c03d9f0009c006c,train
data_raw/uc3m/train/00143.jpg,g_27033397c738a48f,validation
data_raw/uc3m/train/00144.jpg,g_f4cfdc3c3900d3c2,train
data_raw/uc3m/train/00145.jpg,g_3d25c5606232d0fd,test
data_raw/uc3m/train/00146.jpg,g_f2fe842f5854269d,validation
data_raw/uc3m/train/00147.jpg,g_f8086cf86b742658,train
data_raw/uc3m/train/00148.jpg,g_f4cfdc3c3900d3c2,train
data_raw/uc3m/train/00150.jpg,g_26eb06d13e05074d,validation
data_raw/uc3m/train/00152.jpg,g_1f0d87e61ba9cbc0,train
data_raw/uc3m/train/00154.jpg,g_1f0d87e61ba9cbc0,train
data_raw/uc3m/train/00156.jpg,g_cd6c0432ba3fba78,train
data_raw/uc3m/train/00157.jpg,g_3524d75100b14cc6,validation
data_raw/uc3m/train/00158.jpg,g_a1b85973d2c2bd1f,test
data_raw/uc3m/train/00160.jpg,g_f4cfdc3c3900d3c2,train
data_raw/uc3m/train/00161.jpg,g_670088a6521a8dd5,train
data_raw/uc3m/train/00162.jpg,g_f4cfdc3c3900d3c2,train
data_raw/uc3m/train/00163.jpg,g_214203642eceef1d,train
data_raw/uc3m/train/00164.jpg,g_49bd858aca235d6b,train
data_raw/uc3m/train/00165.jpg,g_f4cfdc3c3900d3c2,train
data_raw/uc3m/train/00167.jpg,g_f4cfdc3c3900d3c2,train
data_raw/uc3m/train/00168.jpg,g_f4cfdc3c3900d3c2,train
data_raw/uc3m/train/00170.jpg,g_f4cfdc3c3900d3c2,train
data_raw/uc3m/train/00171.jpg,g_f4cfdc3c3900d3c2,train
data_raw/uc3m/train/00172.jpg,g_ed83182c92c206b3,test
data_raw/uc3m/train/00174.jpg,g_f4cfdc3c3900d3c2,train
data_raw/uc3m/train/00175.jpg,g_f4cfdc3c3900d3c2,train
data_raw/uc3m/train/00176.jpg,g_f4cfdc3c3900d3c2,train
data_raw/uc3m/train/00177.jpg,g_f4cfdc3c3900d3c2,train
data_raw/uc3m/train/00178.jpg,g_f4cfdc3c3900d3c2,train
data_raw/uc3m/train/00179.jpg,g_d6d42f59eb4715c0,train
data_raw/uc3m/train/00182.jpg,g_f4cfdc3c3900d3c2,train
data_raw/uc3m/train/00183.jpg,g_2dceb6a1e3e65c89,train
data_raw/uc3m/train/00184.jpg,g_0b26d05c94680e1b,validation
data_raw/uc3m/train/00185.jpg,g_f4cfdc3c3900d3c2,train
data_raw/uc3m/train/00189.jpg,g_f4cfdc3c3900d3c2,train
data_raw/uc3m/train/00190.jpg,g_f4cfdc3c3900d3c2,train
data_raw/uc3m/train/00191.jpg,g_f4cfdc3c3900d3c2,train
data_raw/uc3m/train/00192.jpg,g_13acec68d6e63d41,validation
data_raw/uc3m/train/00193.jpg,g_142bb918a4d7df43,train
data_raw/uc3m/train/00194.jpg,g_86fc2fa1becebb71,validation
data_raw/uc3m/train/00195.jpg,g_e1ff61595883dda9,train
data_raw/uc3m/train/00196.jpg,g_d63153a3c888b893,train
data_raw/uc3m/train/00197.jpg,g_0aee3a0464839552,train
data_raw/uc3m/train/00198.jpg,g_0aee3a0464839552,train
data_raw/uc3m/train/00199.jpg,g_3a8729692c21afec,train
data_raw/uc3m/train/00200.jpg,g_cecb595b71c934d4,train
data_raw/uc3m/train/00202.jpg,g_e697f073b7b1bee1,train
data_raw/uc3m/train/00203.jpg,g_f4cfdc3c3900d3c2,train
data_raw/uc3m/train/00205.jpg,g_f4cfdc3c3900d3c2,train
data_raw/uc3m/train/00206.jpg,g_f4cfdc3c3900d3c2,train
data_raw/uc3m/train/00208.jpg,g_1b52b914a0e490b3,train
data_raw/uc3m/train/00209.jpg,g_1756d76d4ebcce0a,train
data_raw/uc3m/train/00210.jpg,g_2f9ae78dd05b5f16,train
data_raw/uc3m/train/00212.jpg,g_19b45ba50f0778fd,validation
data_raw/uc3m/train/00213.jpg,g_ef5d111facb0cb8d,train
data_raw/uc3m/train/00214.jpg,g_f532261e67360029,validation
data_raw/uc3m/train/00216.jpg,g_557da73051864ee4,train
data_raw/uc3m/train/00219.jpg,g_920eedc528fbe3a4,train
data_raw/uc3m/train/00221.jpg,g_ef5d111facb0cb8d,train
data_raw/uc3m/train/00222.jpg,g_e239d4428afd017a,validation
data_raw/uc3m/train/00224.jpg,g_f4cfdc3c3900d3c2,train
data_raw/uc3m/train/00225.jpg,g_f4cfdc3c3900d3c2,train
data_raw/uc3m/train/00226.jpg,g_d3eeded39605c886,test
data_raw/uc3m/train/00228.jpg,g_ea064e458adbb827,train
data_raw/uc3m/train/00230.jpg,g_e70bd45d60430771,train
data_raw/uc3m/train/00231.jpg,g_5eafa30fe6712c52,validation
data_raw/uc3m/train/00232.jpg,g_136e2f1dfefa8a2d,validation
data_raw/uc3m/train/00233.jpg,g_e697f073b7b1bee1,train
data_raw/uc3m/train/00234.jpg,g_9dcad2e955d837f3,validation
data_raw/uc3m/train/00235.jpg,g_ce4add30776c36f1,validation
data_raw/uc3m/train/00237.jpg,g_dab4144ae59255df,validation
data_raw/uc3m/train/00238.jpg,g_743488ebb320cd9a,validation
data_raw/uc3m/train/00239.jpg,g_03eed08d7ef15e2e,test
data_raw/uc3m/train/00240.jpg,g_5f5ec647ced1577b,test
data_raw/uc3m/train/00241.jpg,g_f4cfdc3c3900d3c2,train
data_raw/uc3m/train/00242.jpg,g_f4cfdc3c3900d3c2,train
data_raw/uc3m/train/00243.jpg,g_5e48d02036965d5f,test
data_raw/uc3m/train/00244.jpg,g_def25cd6930b53d9,test
data_raw/uc3m/train/00245.jpg,g_8f56fe98d8585d91,train
data_raw/uc3m/train/00246.jpg,g_f4cfdc3c3900d3c2,train
data_raw/uc3m/train/00248.jpg,g_f4cfdc3c3900d3c2,train
data_raw/uc3m/train/00249.jpg,g_63e6ffebc815ac73,validation
data_raw/uc3m/train/00250.jpg,g_e15a37e33d24ea49,train
data_raw/uc3m/train/00252.jpg,g_f4cfdc3c3900d3c2,train
data_raw/uc3m/train/00253.jpg,g_f4cfdc3c3900d3c2,train
data_raw/uc3m/train/00254.jpg,g_f4cfdc3c3900d3c2,train
data_raw/uc3m/train/00255.jpg,g_f4cfdc3c3900d3c2,train
data_raw/uc3m/train/00257.jpg,g_f63e6c473156bdf4,train
data_raw/uc3m/train/00258.jpg,g_f63e6c473156bdf4,train
data_raw/uc3m/train/00259.jpg,g_a36330f1784654ef,train
data_raw/uc3m/train/00260.jpg,g_f8086cf86b742658,train
data_raw/uc3m/train/00261.jpg,g_f8086cf86b742658,train
data_raw/uc3m/train/00262.jpg,g_b9aa2582ead1fb65,train
data_raw/uc3m/train/00264.jpg,g_a3bbc87b15eefb0f,train
data_raw/uc3m/train/00265.jpg,g_f4cfdc3c3900d3c2,train
data_raw/uc3m/train/00267.jpg,g_f4cfdc3c3900d3c2,train
data_raw/uc3m/train/00269.jpg,g_a23726e7b7b2d4bd,test
data_raw/uc3m/train/00271.jpg,g_03e3b6d36d6bfb45,train
data_raw/uc3m/train/00272.jpg,g_f4cfdc3c3900d3c2,train
data_raw/uc3m/train/00273.jpg,g_dbfb1dd186c62510,train
data_raw/uc3m/train/00274.jpg,g_f4cfdc3c3900d3c2,train
data_raw/uc3m/train/00275.jpg,g_436e33b4309d2966,train
data_raw/uc3m/train/00276.jpg,g_2b86b94de2b07d01,test
data_raw/uc3m/train/00277.jpg,g_f4cfdc3c3900d3c2,train
data_raw/uc3m/train/00278.jpg,g_f4cfdc3c3900d3c2,train
data_raw/uc3m/train/00279.jpg,g_2d2ad90e5c5e63aa,train
data_raw/uc3m/train/00280.jpg,g_adf0d592e4b30570,train
data_raw/uc3m/train/00281.jpg,g_83ae8f5ba117fee3,train
data_raw/uc3m/train/00282.jpg,g_6fb45738fe2e0f71,validation
data_raw/uc3m/train/00283.jpg,g_f4cfdc3c3900d3c2,train
data_raw/uc3m/train/00284.jpg,g_607c7cc45dd58047,train
data_raw/uc3m/train/00285.jpg,g_75b529c0afab5b13,train
data_raw/uc3m/train/00286.jpg,g_c3d64afc54bf3217,validation
data_raw/uc3m/train/00287.jpg,g_1f0ffa9023182c94,validation
data_raw/uc3m/train/00288.jpg,g_f4cfdc3c3900d3c2,train
data_raw/uc3m/train/00289.jpg,g_2d2ad90e5c5e63aa,train
data_raw/uc3m/train/00291.jpg,g_603a109a52692438,train
data_raw/uc3m/train/00292.jpg,g_f4cfdc3c3900d3c2,train
data_raw/uc3m/train/00294.jpg,g_f4cfdc3c3900d3c2,train
data_raw/uc3m/train/00295.jpg,g_eeaee8bdc2513fe5,validation
data_raw/uc3m/train/00297.jpg,g_f4cfdc3c3900d3c2,train
data_raw/uc3m/train/00299.jpg,g_9c81797ebab9019c,test
data_raw/uc3m/train/00301.jpg,g_0d3f0f573cd9faa8,validation
data_raw/uc3m/train/00303.jpg,g_56023bebc42be4fd,validation
data_raw/uc3m/train/00304.jpg,g_f4cfdc3c3900d3c2,train
data_raw/uc3m/train/00305.jpg,g_6f0d067a5017aff8,validation
data_raw/uc3m/train/00306.jpg,g_2cfeb0262d493d06,test
data_raw/uc3m/train/00307.jpg,g_1c738f6e86349f6d,train
data_raw/uc3m/train/00309.jpg,g_cdf9526d62277275,validation
data_raw/uc3m/train/00313.jpg,g_83ae8f5ba117fee3,train
data_raw/uc3m/train/00314.jpg,g_e853fc90c1304ba7,test
data_raw/uc3m/train/00315.jpg,g_84ee5380afe8aa0a,validation
data_raw/uc3m/train/00316.jpg,g_ed71f438b0f59440,validation
data_raw/uc3m/train/00317.jpg,g_476286df853e7a2f,validation
data_raw/uc3m/train/00318.jpg,g_3dc7d5715b240cfe,test
data_raw/uc3m/train/00319.jpg,g_adf0d592e4b30570,train
data_raw/uc3m/train/00321.jpg,g_b9311d035a5f1192,validation
data_raw/uc3m/train/00322.jpg,g_ab3fbae322d6aa27,train
data_raw/uc3m/train/00323.jpg,g_11d68bad719deb9d,test
data_raw/uc3m/train/00324.jpg,g_c0353cc21bf73605,train
data_raw/uc3m/train/00325.jpg,g_f4cfdc3c3900d3c2,train
data_raw/uc3m/train/00328.jpg,g_f6e8daced5ec39af,train
data_raw/uc3m/train/00329.jpg,g_134d92f1b8870e92,train
data_raw/uc3m/train/00330.jpg,g_f4cfdc3c3900d3c2,train
data_raw/uc3m/train/00331.jpg,g_9a506e337eafe502,test
data_raw/uc3m/train/00332.jpg,g_aa7644a90f4f2033,train
data_raw/uc3m/train/00333.jpg,g_4150d5a46c487508,validation
data_raw/uc3m/train/00334.jpg,g_bb4bf7c771b64bdc,train
data_raw/uc3m/train/00335.jpg,g_7c703128733c08c8,validation
data_raw/uc3m/train/00336.jpg,g_f4cfdc3c3900d3c2,train
data_raw/uc3m/train/00338.jpg,g_6cc0909dcbac7b5b,train
data_raw/uc3m/train/00339.jpg,g_7fe9edca480632a1,test
data_raw/uc3m/train/00341.jpg,g_d63153a3c888b893,train
data_raw/uc3m/train/00342.jpg,g_0aee3a0464839552,train
data_raw/uc3m/train/00343.jpg,g_0aee3a0464839552,train
data_raw/uc3m/train/00344.jpg,g_3a8729692c21afec,train
data_raw/uc3m/train/00345.jpg,g_3a8729692c21afec,train
data_raw/uc3m/train/00346.jpg,g_cecb595b71c934d4,train
data_raw/uc3m/train/00347.jpg,g_1bf238af44023fa1,train
data_raw/uc3m/train/00349.jpg,g_f9de3c73178e9f67,validation
data_raw/uc3m/train/00350.jpg,g_5ff5751b7e4b77af,train
data_raw/uc3m/train/00351.jpg,g_5ff5751b7e4b77af,train
data_raw/uc3m/train/00352.jpg,g_5ff5751b7e4b77af,train
data_raw/uc3m/train/00354.jpg,g_2e386f7f61387ebb,train
data_raw/uc3m/train/00355.jpg,g_a0bfaa86e36ec071,train
data_raw/uc3m/train/00356.jpg,g_f3ada30144ce4f06,validation
data_raw/uc3m/train/00357.jpg,g_a41485c97bf637d0,train
data_raw/uc3m/train/00359.jpg,g_83ae8f5ba117fee3,train
data_raw/uc3m/train/00360.jpg,g_141f1ae954b80131,train
data_raw/uc3m/train/00361.jpg,g_a48b21db69ab521d,train
data_raw/uc3m/train/00363.jpg,g_a48b21db69ab521d,train
data_raw/uc3m/train/00364.jpg,g_fb4d197f47154192,test
data_raw/uc3m/train/00365.jpg,g_230e2a4e8128540f,train
data_raw/uc3m/train/00366.jpg,g_348e5f6afba5aedf,test
data_raw/uc3m/train/00367.jpg,g_3cacf9a85c8f93bb,validation
data_raw/uc3m/train/00368.jpg,g_2d0c47a8bd5d4258,train
data_raw/uc3m/train/00369.jpg,g_f4cfdc3c3900d3c2,train
data_raw/uc3m/train/00370.jpg,g_f4cfdc3c3900d3c2,train
data_raw/uc3m/train/00371.jpg,g_89037e7c52f7ac34,test
data_raw/uc3m/train/00372.jpg,g_5c01f4398afc6385,test
data_raw/uc3m/train/00373.jpg,g_1004881cc49bffdc,validation
data_raw/uc3m/train/00375.jpg,g_0c63be3816d4c22e,validation
data_raw/uc3m/train/00377.jpg,g_f4cfdc3c3900d3c2,train
data_raw/uc3m/train/00378.jpg,g_f4cfdc3c3900d3c2,train
data_raw/uc3m/train/00379.jpg,g_033d06c0e216dd5b,test
data_raw/uc3m/train/00380.jpg,g_80b17d96856c728e,test
data_raw/uc3m/train/00381.jpg,g_f4cfdc3c3900d3c2,train
data_raw/uc3m/train/00383.jpg,g_214203642eceef1d,train
data_raw/uc3m/train/00385.jpg,g_f4cfdc3c3900d3c2,train
data_raw/uc3m/train/00387.jpg,g_1b1832f3503c86bc,validation
data_raw/uc3m/train/00388.jpg,g_1a78a211fb8ce450,validation
data_raw/uc3m/train/00389.jpg,g_8fcfb95a807f0a47,train
data_raw/uc3m/train/00391.jpg,g_af545d5ef418b45d,train
data_raw/uc3m/train/00392.jpg,g_af545d5ef418b45d,train
data_raw/uc3m/train/00394.jpg,g_9ee66c1f60cabacf,train
data_raw/uc3m/train/00395.jpg,g_090c02fcf3b7cf56,train
data_raw/uc3m/train/00396.jpg,g_9ee66c1f60cabacf,train
data_raw/uc3m/train/00397.jpg,g_f4cfdc3c3900d3c2,train
data_raw/uc3m/train/00398.jpg,g_603a109a52692438,train
data_raw/uc3m/train/00399.jpg,g_fe2dd09a0e60c11d,test
data_raw/uc3m/train/00400.jpg,g_ae1c8c8a5157f30d,train
data_raw/uc3m/train/00401.jpg,g_6d614585c75e0734,validation
data_raw/uc3m/train/00402.jpg,g_f4cfdc3c3900d3c2,train
data_raw/uc3m/train/00403.jpg,g_ae1c8c8a5157f30d,train
data_raw/uc3m/train/00404.jpg,g_8c382e31e412a289,validation
data_raw/uc3m/train/00406.jpg,g_f4cfdc3c3900d3c2,train
data_raw/uc3m/train/00408.jpg,g_f4cfdc3c3900d3c2,train
data_raw/uc3m/train/00409.jpg,g_f63e6c473156bdf4,train
data_raw/uc3m/train/00410.jpg,g_0b4d166cb6f166ad,validation
data_raw/uc3m/train/00411.jpg,g_811d858dab18bd2a,train
data_raw/uc3m/train/00412.jpg,g_c1247cdef6db5d86,validation
data_raw/uc3m/train/00413.jpg,g_08d8792f01ab60de,test
data_raw/uc3m/train/00415.jpg,g_a36330f1784654ef,train
data_raw/uc3m/train/00416.jpg,g_a36330f1784654ef,train
data_raw/uc3m/train/00417.jpg,g_a36330f1784654ef,train
data_raw/uc3m/train/00418.jpg,g_be8603013397937f,train
data_raw/uc3m/train/00419.jpg,g_3707c7e2869203bf,train
data_raw/uc3m/train/00422.jpg,g_80d7786ec812e6b7,train
data_raw/uc3m/train/00423.jpg,g_abd2738f6a7980e6,train
data_raw/uc3m/train/00424.jpg,g_564e0b8998844eb7,train
data_raw/uc3m/train/00425.jpg,g_564e0b8998844eb7,train
data_raw/uc3m/train/00426.jpg,g_b366b24ef5e2b172,validation
data_raw/uc3m/train/00427.jpg,g_e6e25630dbf0c4b7,train
data_raw/uc3m/train/00428.jpg,g_e6e25630dbf0c4b7,train
data_raw/uc3m/train/00429.jpg,g_66ae57a29dc4b138,train
data_raw/uc3m/train/00430.jpg,g_dbfb1dd186c62510,train
data_raw/uc3m/train/00431.jpg,g_f4cfdc3c3900d3c2,train
data_raw/uc3m/train/00432.jpg,g_a7ebe6df0d5a3a75,validation
data_raw/uc3m/train/00433.jpg,g_f4cfdc3c3900d3c2,train
data_raw/uc3m/train/00434.jpg,g_e9aa3b3a41d4c3e8,train
data_raw/uc3m/train/00435.jpg,g_d63153a3c888b893,train
data_raw/uc3m/train/00436.jpg,g_d63153a3c888b893,train
data_raw/uc3m/train/00437.jpg,g_4a0aac3dad79e4f4,validation
data_raw/uc3m/train/00438.jpg,g_fb5ebad9c30cf86d,train
data_raw/uc3m/train/00439.jpg,g_ffa52268b1d7e168,train
data_raw/uc3m/train/00442.jpg,g_5d907b646f3d3fee,test
data_raw/uc3m/train/00443.jpg,g_6e1c37d298127f44,train
data_raw/uc3m/train/00444.jpg,g_5229cac41aa9e183,test
data_raw/uc3m/train/00446.jpg,g_2e386f7f61387ebb,train
data_raw/uc3m/train/00448.jpg,g_f4cfdc3c3900d3c2,train
data_raw/uc3m/train/00449.jpg,g_f4cfdc3c3900d3c2,train
data_raw/uc3m/train/00450.jpg,g_f4cfdc3c3900d3c2,train
data_raw/uc3m/train/00451.jpg,g_f4cfdc3c3900d3c2,train
data_raw/uc3m/train/00452.jpg,g_2d0c47a8bd5d4258,train
data_raw/uc3m/train/00453.jpg,g_aaa340ae4ebf95a6,validation
data_raw/uc3m/train/00454.jpg,g_c2884aa1518e15aa,test
data_raw/uc3m/train/00455.jpg,g_b5567730bc007d4d,train
data_raw/uc3m/train/00456.jpg,g_c4ee0d22d46aa082,train
data_raw/uc3m/train/00457.jpg,g_75f7d32b54603684,validation
data_raw/uc3m/train/00458.jpg,g_b0d7b568e3158510,train
data_raw/uc3m/train/00459.jpg,g_49abae88f908ca1b,train
data_raw/uc3m/train/00460.jpg,g_7cad71e343c04766,train
data_raw/uc3m/train/00461.jpg,g_f4cfdc3c3900d3c2,train
data_raw/uc3m/train/00462.jpg,g_b4c3a40519829500,validation
data_raw/uc3m/train/00463.jpg,g_f4cfdc3c3900d3c2,train
data_raw/uc3m/train/00464.jpg,g_f4cfdc3c3900d3c2,train
data_raw/uc3m/train/00465.jpg,g_d1931177dd8ff62b,train
data_raw/uc3m/train/00466.jpg,g_ea064e458adbb827,train
data_raw/uc3m/train/00467.jpg,g_56b9869bb95078a4,test
data_raw/uc3m/train/00468.jpg,g_db07765492c27fa0,train
data_raw/uc3m/train/00469.jpg,g_c037ef8f418a25a4,validation
data_raw/uc3m/train/00470.jpg,g_4d15b22ae44f04a9,train
data_raw/uc3m/train/00471.jpg,g_dcad4d3308c74d24,train
data_raw/uc3m/train/00472.jpg,g_ea064e458adbb827,train
data_raw/uc3m/train/00473.jpg,g_daa388c3dc00f0ab,test
data_raw/uc3m/train/00474.jpg,g_7764206b8823500d,test
data_raw/uc3m/train/00475.jpg,g_3758d32e9549af02,train
data_raw/uc3m/train/00476.jpg,g_f4cfdc3c3900d3c2,train
data_raw/uc3m/train/00477.jpg,g_f4cfdc3c3900d3c2,train
data_raw/uc3m/train/00480.jpg,g_f4cfdc3c3900d3c2,train
data_raw/uc3m/train/00481.jpg,g_f4cfdc3c3900d3c2,train
data_raw/uc3m/train/00482.jpg,g_5907fa5f8c7d3d19,test
data_raw/uc3m/train/00483.jpg,g_6aaa97083ce4fed4,train
data_raw/uc3m/train/00484.jpg,g_6aaa97083ce4fed4,train
data_raw/uc3m/train/00485.jpg,g_e5cb2411cb412cd7,test
data_raw/uc3m/train/00486.jpg,g_833a6ad539c28799,train
data_raw/uc3m/train/00487.jpg,g_c48ad7ee356c1b63,validation
data_raw/uc3m/train/00488.jpg,g_08abb331d30cfc83,train
data_raw/uc3m/train/00489.jpg,g_5e483590d0488d8d,validation
data_raw/uc3m/train/00490.jpg,g_cb5d42a95c88789e,train
data_raw/uc3m/train/00491.jpg,g_5afe46c1e616f0a8,train
data_raw/uc3m/train/00492.jpg,g_f4cfdc3c3900d3c2,train
data_raw/uc3m/train/00493.jpg,g_2bf21165b52dd6d5,train
data_raw/uc3m/train/00494.jpg,g_d2998729bbef7b03,test
data_raw/uc3m/train/00496.jpg,g_32314947ebbbc39f,train
data_raw/uc3m/train/00497.jpg,g_32314947ebbbc39f,train
data_raw/uc3m/train/00498.jpg,g_18b3b1074e236f2f,test
data_raw/uc3m/train/00499.jpg,g_6ee43d09517ad629,train
data_raw/uc3m/train/00500.jpg,g_03e3b6d36d6bfb45,train
data_raw/uc3m/train/00501.jpg,g_b9aa2582ead1fb65,train
data_raw/uc3m/train/00502.jpg,g_48d57a597e2de6aa,test
data_raw/uc3m/train/00503.jpg,g_b0a991e4361130c4,train
data_raw/uc3m/train/00504.jpg,g_cb5d42a95c88789e,train
data_raw/uc3m/train/00506.jpg,g_fc48ef3e9a5d28b2,train
data_raw/uc3m/train/00507.jpg,g_aa6fdf780e1162ed,validation
data_raw/uc3m/train/00508.jpg,g_b3fe059508e9e7d6,test
data_raw/uc3m/train/00512.jpg,g_e9573e524e44d850,train
data_raw/uc3m/train/00514.jpg,g_6b2c5def79bd6a5c,train
data_raw/uc3m/train/00515.jpg,g_9ac94bd3810a499f,train
data_raw/uc3m/train/00516.jpg,g_b9683931934f915f,train
data_raw/uc3m/train/00517.jpg,g_6afdcaccab78138d,test
data_raw/uc3m/train/00518.jpg,g_464bf6623ec08c84,train
data_raw/uc3m/train/00519.jpg,g_d41db0335344e971,train
data_raw/uc3m/train/00520.jpg,g_d75a6d3b83fb8ff6,validation
data_raw/uc3m/train/00521.jpg,g_f4cfdc3c3900d3c2,train
data_raw/uc3m/train/00522.jpg,g_5afe46c1e616f0a8,train
data_raw/uc3m/train/00524.jpg,g_83271f571e22f57d,train
data_raw/uc3m/train/00525.jpg,g_9f1babe1cbd56df3,train
data_raw/uc3m/train/00526.jpg,g_9f1babe1cbd56df3,train
data_raw/uc3m/train/00527.jpg,g_8d1104dfe75b8343,validation
data_raw/uc3m/train/00528.jpg,g_fe72c4cd487d3ce3,train
data_raw/uc3m/train/00529.jpg,g_d214e0e348469bc9,train
data_raw/uc3m/train/00530.jpg,g_dd45c9854ab31c97,validation
data_raw/uc3m/train/00532.jpg,g_c40cd904d5b35c43,train
data_raw/uc3m/train/00534.jpg,g_c1228c235d633d4d,train
data_raw/uc3m/train/00535.jpg,g_f4cfdc3c3900d3c2,train
data_raw/uc3m/train/00536.jpg,g_6f1d3323c5434cc0,train
data_raw/uc3m/train/00537.jpg,g_f4cfdc3c3900d3c2,train
data_raw/uc3m/train/00538.jpg,g_8e2a66826b599bc2,validation
data_raw/uc3m/train/00539.jpg,g_cb5cb2a043c266fc,train
data_raw/uc3m/train/00540.jpg,g_6c8d775835436569,test
data_raw/uc3m/train/00541.jpg,g_f4cfdc3c3900d3c2,train
data_raw/uc3m/train/00542.jpg,g_9e40a9e9916fd1c8,train
data_raw/uc3m/train/00543.jpg,g_6c30585226f534a6,test
data_raw/uc3m/train/00544.jpg,g_e4ebf7e8fdf69437,test
data_raw/uc3m/train/00545.jpg,g_f4cfdc3c3900d3c2,train
data_raw/uc3m/train/00546.jpg,g_b9aa2582ead1fb65,train
data_raw/uc3m/train/00547.jpg,g_e82ade758091fe84,train
data_raw/uc3m/train/00548.jpg,g_e82ade758091fe84,train
data_raw/uc3m/train/00549.jpg,g_e44d886359bfef04,train
data_raw/uc3m/train/00550.jpg,g_d2b5087aa348ee90,train
data_raw/uc3m/train/00551.jpg,g_c4ee0d22d46aa082,train
data_raw/uc3m/train/00552.jpg,g_c4ee0d22d46aa082,train
data_raw/uc3m/train/00554.jpg,g_f4cfdc3c3900d3c2,train
data_raw/uc3m/train/00556.jpg,g_b57e26b57f15bc5f,train
data_raw/uc3m/train/00557.jpg,g_f4cfdc3c3900d3c2,train
data_raw/uc3m/train/00558.jpg,g_f4cfdc3c3900d3c2,train
data_raw/uc3m/train/00559.jpg,g_f4cfdc3c3900d3c2,train
data_raw/uc3m/train/00561.jpg,g_f4cfdc3c3900d3c2,train
data_raw/uc3m/train/00562.jpg,g_65254900363ea2b6,train
data_raw/uc3m/train/00563.jpg,g_fdab196a28c56657,train
data_raw/uc3m/train/00564.jpg,g_83ae8f5ba117fee3,train
data_raw/uc3m/train/00565.jpg,g_83ae8f5ba117fee3,train
data_raw/uc3m/train/00566.jpg,g_83ae8f5ba117fee3,train
data_raw/uc3m/train/00567.jpg,g_83ae8f5ba117fee3,train
data_raw/uc3m/train/00568.jpg,g_c19eac60658328f6,test
data_raw/uc3m/train/00569.jpg,g_83e4ed624ea9bd2b,test
data_raw/uc3m/train/00570.jpg,g_2d2ad90e5c5e63aa,train
data_raw/uc3m/train/00571.jpg,g_c1228c235d633d4d,train
data_raw/uc3m/train/00572.jpg,g_381c6879eb9562b0,validation
data_raw/uc3m/train/00574.jpg,g_6390ec33ba7bae1f,train
data_raw/uc3m/train/00575.jpg,g_e953d1bcbfcfa9ea,train
data_raw/uc3m/train/00576.jpg,g_d214e0e348469bc9,train
data_raw/uc3m/train/00579.jpg,g_63638483b87a9fc4,test
data_raw/uc3m/train/00580.jpg,g_9fb39a47c48e40a2,validation
data_raw/uc3m/train/00581.jpg,g_6e1c37d298127f44,train
data_raw/uc3m/train/00582.jpg,g_a8edc773fa122aaf,train
data_raw/uc3m/train/00583.jpg,g_9d5f5dd82accc91f,train
data_raw/uc3m/train/00584.jpg,g_86e97cfb9f165cdb,train
data_raw/uc3m/train/00585.jpg,g_f76f946f4e284770,test
data_raw/uc3m/train/00586.jpg,g_b5a02c77c725e85a,validation
data_raw/uc3m/train/00587.jpg,g_f4cfdc3c3900d3c2,train
data_raw/uc3m/train/00590.jpg,g_98e28a3e8edbfeb2,train
data_raw/uc3m/train/00592.jpg,g_f4cfdc3c3900d3c2,train
data_raw/uc3m/train/00593.jpg,g_0aba58a16a6a1ec9,test
data_raw/uc3m/train/00594.jpg,g_1f0d87e61ba9cbc0,train
data_raw/uc3m/train/00595.jpg,g_f4cfdc3c3900d3c2,train
data_raw/uc3m/train/00596.jpg,g_df63a7752125b465,test
data_raw/uc3m/train/00597.jpg,g_09232700f05ecdaa,train
data_raw/uc3m/train/00598.jpg,g_8f56fe98d8585d91,train
data_raw/uc3m/train/00599.jpg,g_6140090251ea361e,validation
data_raw/uc3m/train/00600.jpg,g_6140090251ea361e,validation
data_raw/uc3m/train/00601.jpg,g_7fd5a4d9d2a4007c,validation
data_raw/uc3m/train/00602.jpg,g_4eb97eb9c269f710,train
data_raw/uc3m/train/00603.jpg,g_c1228c235d633d4d,train
data_raw/uc3m/train/00604.jpg,g_8bdd3db6525857fd,train
data_raw/uc3m/train/00605.jpg,g_8bdd3db6525857fd,train
data_raw/uc3m/train/00607.jpg,g_f4cfdc3c3900d3c2,train
data_raw/uc3m/train/00608.jpg,g_8b4cc0078ece57af,test
data_raw/uc3m/train/00609.jpg,g_457b4ae613d710aa,train
data_raw/uc3m/train/00610.jpg,g_457b4ae613d710aa,train
data_raw/uc3m/train/00612.jpg,g_d6d42f59eb4715c0,train
data_raw/uc3m/train/00613.jpg,g_2736587c1d871eee,train
data_raw/uc3m/train/00614.jpg,g_49bd858aca235d6b,train
data_raw/uc3m/train/00616.jpg,g_f4cfdc3c3900d3c2,train
data_raw/uc3m/train/00618.jpg,g_f4cfdc3c3900d3c2,train
data_raw/uc3m/train/00619.jpg,g_f4cfdc3c3900d3c2,train
data_raw/uc3m/train/00620.jpg,g_f4cfdc3c3900d3c2,train
data_raw/uc3m/train/00621.jpg,g_f4cfdc3c3900d3c2,train
data_raw/uc3m/train/00622.jpg,g_f4cfdc3c3900d3c2,train
data_raw/uc3m/train/00623.jpg,g_f4cfdc3c3900d3c2,train
data_raw/uc3m/train/00625.jpg,g_e9da815b88d5cf62,train
data_raw/uc3m/train/00626.jpg,g_f4cfdc3c3900d3c2,train
data_raw/uc3m/train/00627.jpg,g_f4cfdc3c3900d3c2,train
data_raw/uc3m/train/00628.jpg,g_f4cfdc3c3900d3c2,train
data_raw/uc3m/train/00629.jpg,g_f4cfdc3c3900d3c2,train
data_raw/uc3m/train/00630.jpg,g_f4cfdc3c3900d3c2,train
data_raw/uc3m/train/00631.jpg,g_49bd858aca235d6b,train
data_raw/uc3m/train/00632.jpg,g_49bd858aca235d6b,train
data_raw/uc3m/train/00633.jpg,g_62d9637abf18bd2f,test
data_raw/uc3m/train/00634.jpg,g_f4cfdc3c3900d3c2,train
data_raw/uc3m/train/00635.jpg,g_f4cfdc3c3900d3c2,train
data_raw/uc3m/train/00636.jpg,g_f4cfdc3c3900d3c2,train
data_raw/uc3m/train/00637.jpg,g_c2a732b83d932de6,test
data_raw/uc3m/train/00638.jpg,g_f4cfdc3c3900d3c2,train
data_raw/uc3m/train/00639.jpg,g_f4cfdc3c3900d3c2,train
data_raw/uc3m/train/00640.jpg,g_f4cfdc3c3900d3c2,train
data_raw/uc3m/train/00641.jpg,g_f4cfdc3c3900d3c2,train
data_raw/uc3m/train/00642.jpg,g_f4cfdc3c3900d3c2,train
data_raw/uc3m/train/00643.jpg,g_f4cfdc3c3900d3c2,train
data_raw/uc3m/train/00645.jpg,g_f4cfdc3c3900d3c2,train
data_raw/uc3m/train/00646.jpg,g_f4cfdc3c3900d3c2,train
data_raw/uc3m/train/00647.jpg,g_27b86c954d814bb1,train
data_raw/uc3m/train/00648.jpg,g_7d52a32992065e6c,test
data_raw/uc3m/train/00649.jpg,g_2d2ad90e5c5e63aa,train
data_raw/uc3m/train/00651.jpg,g_3f4428c2998c91e4,train
data_raw/uc3m/train/00652.jpg,g_3f4428c2998c91e4,train
data_raw/uc3m/train/00653.jpg,g_3f4428c2998c91e4,train
data_raw/uc3m/train/00655.jpg,g_f4cfdc3c3900d3c2,train
data_raw/uc3m/train/00657.jpg,g_9393eed2727313ab,train
data_raw/uc3m/train/00658.jpg,g_ea064e458adbb827,train
data_raw/uc3m/train/00659.jpg,g_ea064e458adbb827,train
data_raw/uc3m/train/00660.jpg,g_015b937769ea72d8,test
data_raw/uc3m/train/00661.jpg,g_e697f073b7b1bee1,train
data_raw/uc3m/train/00663.jpg,g_2c0fed6c46311683,validation
data_raw/uc3m/train/00664.jpg,g_aba5c195c7767a15,train
data_raw/uc3m/train/00665.jpg,g_83ae8f5ba117fee3,train
data_raw/uc3m/train/00666.jpg,g_6cc0909dcbac7b5b,train
data_raw/uc3m/train/00667.jpg,g_2d2ad90e5c5e63aa,train
data_raw/uc3m/train/00670.jpg,g_2d0629130285ba4a,validation
data_raw/uc3m/train/00671.jpg,g_d586e46962d40a2f,test
data_raw/uc3m/train/00672.jpg,g_f4cfdc3c3900d3c2,train
data_raw/uc3m/train/00673.jpg,g_f4cfdc3c3900d3c2,train
data_raw/uc3m/train/00674.jpg,g_f4cfdc3c3900d3c2,train
data_raw/uc3m/train/00675.jpg,g_f4cfdc3c3900d3c2,train
data_raw/uc3m/train/00676.jpg,g_f4cfdc3c3900d3c2,train
data_raw/uc3m/train/00677.jpg,g_f4cfdc3c3900d3c2,train
data_raw/uc3m/train/00678.jpg,g_f4cfdc3c3900d3c2,train
data_raw/uc3m/train/00679.jpg,g_f4cfdc3c3900d3c2,train
data_raw/uc3m/train/00680.jpg,g_f4cfdc3c3900d3c2,train
data_raw/uc3m/train/00681.jpg,g_f4cfdc3c3900d3c2,train
data_raw/uc3m/train/00682.jpg,g_f4cfdc3c3900d3c2,train
data_raw/uc3m/train/00683.jpg,g_f4cfdc3c3900d3c2,train
data_raw/uc3m/train/00684.jpg,g_166585cbe4bb5790,train
data_raw/uc3m/train/00685.jpg,g_f4cfdc3c3900d3c2,train
data_raw/uc3m/train/00686.jpg,g_bf441a61916f1565,validation
data_raw/uc3m/train/00687.jpg,g_a05377bf55e3f51c,validation
data_raw/uc3m/train/00689.jpg,g_4cf9a0beaa01788c,test
data_raw/uc3m/train/00690.jpg,g_ae84da237b06f063,train
data_raw/uc3m/train/00691.jpg,g_cae628be6c86df73,train
data_raw/uc3m/train/00692.jpg,g_eb5b13aad76e67bf,train
data_raw/uc3m/train/00693.jpg,g_28c270f07a2ecfdb,train
data_raw/uc3m/train/00695.jpg,g_dcad4d3308c74d24,train
data_raw/uc3m/train/00696.jpg,g_dcad4d3308c74d24,train
data_raw/uc3m/train/00697.jpg,g_f4cfdc3c3900d3c2,train
data_raw/uc3m/train/00699.jpg,g_dfb5764cf39291e2,validation
data_raw/uc3m/train/00700.jpg,g_f4cfdc3c3900d3c2,train
data_raw/uc3m/train/00701.jpg,g_f05d419ad910bf3b,test
data_raw/uc3m/train/00702.jpg,g_35f3ba3f8fa8f8da,train
data_raw/uc3m/train/00703.jpg,g_f1bad3c20202eb1c,validation
data_raw/uc3m/train/00704.jpg,g_2d0c47a8bd5d4258,train
data_raw/uc3m/train/00705.jpg,g_db48305c52b81e13,train
data_raw/uc3m/train/00706.jpg,g_9777e29bfd593269,train
data_raw/uc3m/train/00707.jpg,g_ab3fbae322d6aa27,train
data_raw/uc3m/train/00708.jpg,g_dcad4d3308c74d24,train
data_raw/uc3m/train/00709.jpg,g_cb5d42a95c88789e,train
data_raw/uc3m/train/00710.jpg,g_cb5d42a95c88789e,train
data_raw/uc3m/train/00711.jpg,g_550bf245163a75c6,train
data_raw/uc3m/train/00712.jpg,g_f4cfdc3c3900d3c2,train
data_raw/uc3m/train/00713.jpg,g_f4cfdc3c3900d3c2,train
data_raw/uc3m/train/00714.jpg,g_f4cfdc3c3900d3c2,train
data_raw/uc3m/train/00715.jpg,g_f4cfdc3c3900d3c2,train
data_raw/uc3m/train/00718.jpg,g_f4cfdc3c3900d3c2,train
data_raw/uc3m/train/00719.jpg,g_f4cfdc3c3900d3c2,train
data_raw/uc3m/train/00720.jpg,g_f4cfdc3c3900d3c2,train
data_raw/uc3m/train/00721.jpg,g_147948eedfc99879,validation
data_raw/uc3m/train/00723.jpg,g_fd8fa20e35a361ef,train
data_raw/uc3m/train/00724.jpg,g_840270cc3f0c231d,train
data_raw/uc3m/train/00725.jpg,g_580a191b79148bd2,train
data_raw/uc3m/train/00727.jpg,g_4c219df06131dcb7,train
data_raw/uc3m/train/00728.jpg,g_bb59e2adc26afd80,validation
data_raw/uc3m/train/00729.jpg,g_f9b4bbef56aa3612,test
data_raw/uc3m/train/00730.jpg,g_870eca2c09c7755c,train
data_raw/uc3m/train/00731.jpg,g_a27a69afa14a056d,train
data_raw/uc3m/train/00732.jpg,g_1a238ab5e4af9042,train
data_raw/uc3m/train/00733.jpg,g_2753637276473e50,test
data_raw/uc3m/train/00734.jpg,g_f63e6c473156bdf4,train
data_raw/uc3m/train/00735.jpg,g_c2ea9f30bccd8eec,train
data_raw/uc3m/train/00736.jpg,g_e954481018e268bd,train
data_raw/uc3m/train/00737.jpg,g_e954481018e268bd,train
data_raw/uc3m/train/00738.jpg,g_e954481018e268bd,train
data_raw/uc3m/train/00739.jpg,g_e954481018e268bd,train
data_raw/uc3m/train/00740.jpg,g_e954481018e268bd,train
data_raw/uc3m/train/00743.jpg,g_40a46c0362e8367e,train
data_raw/uc3m/train/00744.jpg,g_87d6e662cb0d34e9,validation
data_raw/uc3m/train/00745.jpg,g_caedb49fe174a4f9,validation
data_raw/uc3m/train/00746.jpg,g_ea064e458adbb827,train
data_raw/uc3m/train/00747.jpg,g_f4cfdc3c3900d3c2,train
data_raw/uc3m/train/00748.jpg,g_a0460c6a8b74b99f,test
data_raw/uc3m/train/00749.jpg,g_7d53df90d3a06517,validation
data_raw/uc3m/train/00750.jpg,g_b30479fa1c624af9,train
data_raw/uc3m/train/00752.jpg,g_f4cfdc3c3900d3c2,train
data_raw/uc3m/train/00753.jpg,g_f4cfdc3c3900d3c2,train
data_raw/uc3m/train/00754.jpg,g_f4cfdc3c3900d3c2,train
data_raw/uc3m/train/00755.jpg,g_f4cfdc3c3900d3c2,train
data_raw/uc3m/train/00757.jpg,g_ea6990d778b489dd,train
data_raw/uc3m/train/00758.jpg,g_2d2ad90e5c5e63aa,train
data_raw/uc3m/train/00759.jpg,g_f4cfdc3c3900d3c2,train
data_raw/uc3m/train/00760.jpg,g_214203642eceef1d,train
data_raw/uc3m/train/00761.jpg,g_c0353cc21bf73605,train
data_raw/uc3m/train/00764.jpg,g_ae84da237b06f063,train
data_raw/uc3m/train/00766.jpg,g_c14fc059ab69c853,test
data_raw/uc3m/train/00767.jpg,g_f63e6c473156bdf4,train
data_raw/uc3m/train/00768.jpg,g_7439df94808ac191,train
data_raw/uc3m/train/00769.jpg,g_7439df94808ac191,train
data_raw/uc3m/train/00770.jpg,g_7acbe4a88f9f98c0,test
data_raw/uc3m/train/00772.jpg,g_70279b9964aeb3df,validation
data_raw/uc3m/train/00773.jpg,g_6a160d8996eab0e7,train
data_raw/uc3m/train/00774.jpg,g_6a160d8996eab0e7,train
data_raw/uc3m/train/00775.jpg,g_8ee857703cdf2eda,test
data_raw/uc3m/train/00777.jpg,g_9b1f16c8f800422b,train
data_raw/uc3m/train/00778.jpg,g_9b1f16c8f800422b,train
data_raw/uc3m/train/00779.jpg,g_2cb167b102dd921e,train
data_raw/uc3m/train/00780.jpg,g_9f1babe1cbd56df3,train
data_raw/uc3m/train/00781.jpg,g_71dabbb44af59b41,train
data_raw/uc3m/train/00782.jpg,g_c4e5bca7aff8b8de,train
data_raw/uc3m/train/00783.jpg,g_c4e5bca7aff8b8de,train
data_raw/uc3m/train/00784.jpg,g_2cb167b102dd921e,train
data_raw/uc3m/train/00785.jpg,g_f4cfdc3c3900d3c2,train
data_raw/uc3m/train/00787.jpg,g_3227bcf94775de19,validation
data_raw/uc3m/train/00788.jpg,g_13be725a1e0c16de,test
data_raw/uc3m/train/00789.jpg,g_9bac9671e977b2c9,test
data_raw/uc3m/train/00790.jpg,g_a1ff654a7fa655af,train
data_raw/uc3m/train/00791.jpg,g_017aa27d6ddedc6f,train
data_raw/uc3m/train/00792.jpg,g_7a802aedf8437276,validation
data_raw/uc3m/train/00793.jpg,g_ae83e88f7f2abdc0,train
data_raw/uc3m/train/00794.jpg,g_6740f21236284a7e,test
data_raw/uc3m/train/00795.jpg,g_a1ff654a7fa655af,train
data_raw/uc3m/train/00796.jpg,g_a1ff654a7fa655af,train
data_raw/uc3m/train/00797.jpg,g_b9aa2582ead1fb65,train
data_raw/uc3m/train/00800.jpg,g_6ed7bfd24e0afe6d,test
data_raw/uc3m/train/00801.jpg,g_9eddf3ca72efbbdb,train
data_raw/uc3m/train/00802.jpg,g_9eddf3ca72efbbdb,train
data_raw/uc3m/train/00803.jpg,g_9eddf3ca72efbbdb,train
data_raw/uc3m/train/00805.jpg,g_8517bef7cbdd2a15,train
data_raw/uc3m/train/00807.jpg,g_fb13c8467623c015,validation
data_raw/uc3m/train/00809.jpg,g_b1bf3b1e2bf1d808,test
data_raw/uc3m/train/00810.jpg,g_aa837cf8a5e8745d,train
data_raw/uc3m/train/00811.jpg,g_adf0d592e4b30570,train
data_raw/uc3m/train/00812.jpg,g_af2f44f362be3d25,validation
data_raw/uc3m/train/00815.jpg,g_273028a430aea586,train
data_raw/uc3m/train/00819.jpg,g_24dd4d4e6b61dab1,test
data_raw/uc3m/train/00820.jpg,g_f4cfdc3c3900d3c2,train
data_raw/uc3m/train/00821.jpg,g_9ac94bd3810a499f,train
data_raw/uc3m/train/00822.jpg,g_962c8627dbab0fc2,train
data_raw/uc3m/train/00823.jpg,g_a2d02a27f2dee581,train
data_raw/uc3m/train/00824.jpg,g_f4cfdc3c3900d3c2,train
data_raw/uc3m/train/00825.jpg,g_f4cfdc3c3900d3c2,train
data_raw/uc3m/train/00826.jpg,g_f4cfdc3c3900d3c2,train
data_raw/uc3m/train/00827.jpg,g_f4cfdc3c3900d3c2,train
data_raw/uc3m/train/00828.jpg,g_f4cfdc3c3900d3c2,train
data_raw/uc3m/train/00829.jpg,g_f4cfdc3c3900d3c2,train
data_raw/uc3m/train/00830.jpg,g_f4cfdc3c3900d3c2,train
data_raw/uc3m/train/00832.jpg,g_53fd4ee9263d0dbf,validation
data_raw/uc3m/train/00833.jpg,g_08d397fbcf243def,train
data_raw/uc3m/train/00835.jpg,g_1f68e64850f17025,train
data_raw/uc3m/train/00837.jpg,g_f941a63ac003691c,train
data_raw/uc3m/train/00838.jpg,g_2d2ad90e5c5e63aa,train
data_raw/uc3m/train/00840.jpg,g_f4cfdc3c3900d3c2,train
data_raw/uc3m/train/00843.jpg,g_f4cfdc3c3900d3c2,train
data_raw/uc3m/train/00845.jpg,g_86e97cfb9f165cdb,train
data_raw/uc3m/train/00846.jpg,g_2d2ad90e5c5e63aa,train
data_raw/uc3m/train/00847.jpg,g_91ea466b8f7908cb,test
data_raw/uc3m/train/00849.jpg,g_ee80e4115215b0ed,validation
data_raw/uc3m/train/00850.jpg,g_df09e417a53c6f57,test
data_raw/uc3m/train/00851.jpg,g_f4cfdc3c3900d3c2,train
data_raw/uc3m/train/00852.jpg,g_f4cfdc3c3900d3c2,train
data_raw/uc3m/train/00853.jpg,g_f4cfdc3c3900d3c2,train
data_raw/uc3m/train/00854.jpg,g_f4cfdc3c3900d3c2,train
data_raw/uc3m/train/00856.jpg,g_f4cfdc3c3900d3c2,train
data_raw/uc3m/train/00858.jpg,g_a5907803c754de52,validation
data_raw/uc3m/train/00859.jpg,g_83271f571e22f57d,train
data_raw/uc3m/train/00860.jpg,g_f4cfdc3c3900d3c2,train
data_raw/uc3m/train/00861.jpg,g_659f0fc0ec5b9c77,train
data_raw/uc3m/train/00862.jpg,g_4584e6620cd104e4,test
data_raw/uc3m/train/00864.jpg,g_c317d7429409bf61,train
data_raw/uc3m/train/00865.jpg,g_ecc99e3615aac864,train
data_raw/uc3m/train/00866.jpg,g_ecc99e3615aac864,train
data_raw/uc3m/train/00868.jpg,g_c1c3ad463a993867,train
data_raw/uc3m/train/00869.jpg,g_f4cfdc3c3900d3c2,train
data_raw/uc3m/train/00870.jpg,g_9678fb1424b36e25,test
data_raw/uc3m/train/00872.jpg,g_c317d7429409bf61,train
data_raw/uc3m/train/00874.jpg,g_c317d7429409bf61,train
data_raw/uc3m/train/00876.jpg,g_a1f7acb0ac346cb1,validation
data_raw/uc3m/train/00877.jpg,g_537bd1f5382f5c7a,validation
data_raw/uc3m/train/00878.jpg,g_f4cfdc3c3900d3c2,train
data_raw/uc3m/train/00880.jpg,g_f4cfdc3c3900d3c2,train
data_raw/uc3m/train/00881.jpg,g_5814415e1097178a,test
data_raw/uc3m/train/00882.jpg,g_f4cfdc3c3900d3c2,train
data_raw/uc3m/train/00884.jpg,g_f4cfdc3c3900d3c2,train
data_raw/uc3m/train/00885.jpg,g_f4cfdc3c3900d3c2,train
data_raw/uc3m/train/00887.jpg,g_f8708257423107b9,validation
data_raw/uc3m/train/00888.jpg,g_bb4bf7c771b64bdc,train
data_raw/uc3m/train/00889.jpg,g_0eab83ce596db867,validation
data_raw/uc3m/train/00890.jpg,g_24f9fd1c1659167c,train
data_raw/uc3m/train/00891.jpg,g_83ae8f5ba117fee3,train
data_raw/uc3m/train/00892.jpg,g_b9e425bba306d0f3,train
data_raw/uc3m/train/00893.jpg,g_83ae8f5ba117fee3,train
data_raw/uc3m/train/00894.jpg,g_da0973b5b192ac00,validation
data_raw/uc3m/train/00895.jpg,g_cc192d4b1a6a6374,validation
data_raw/uc3m/train/00896.jpg,g_33dec4e324057667,test
data_raw/uc3m/train/00900.jpg,g_f4cfdc3c3900d3c2,train
data_raw/uc3m/train/00902.jpg,g_915e4657e733970b,test
data_raw/uc3m/train/00904.jpg,g_6390ec33ba7bae1f,train
data_raw/uc3m/train/00905.jpg,g_b38f58b9761d6819,test
data_raw/uc3m/train/00906.jpg,g_5c240f4559ef914f,test
data_raw/uc3m/train/00907.jpg,g_58f9ba9d6f693f59,train
data_raw/uc3m/train/00909.jpg,g_05713e63f1350ed8,validation
data_raw/uc3m/train/00911.jpg,g_32017e2589cd5f7f,train
data_raw/uc3m/train/00912.jpg,g_334bb6075c1d04b8,train
data_raw/uc3m/train/00913.jpg,g_f63e6c473156bdf4,train
data_raw/uc3m/train/00914.jpg,g_2255e51bf848a05d,train
data_raw/uc3m/train/00916.jpg,g_9872ace42ca2ee87,train
data_raw/uc3m/train/00917.jpg,g_605049b894cc73c2,test
data_raw/uc3m/train/00918.jpg,g_1f7b3cb1fc8a66f0,train
data_raw/uc3m/train/00919.jpg,g_6aaa97083ce4fed4,train
data_raw/uc3m/train/00920.jpg,g_e03b8e0a8aaed989,train
data_raw/uc3m/train/00921.jpg,g_656b5e2b50974a7f,train
data_raw/uc3m/train/00922.jpg,g_1d89cef50ce7df18,validation
data_raw/uc3m/train/00923.jpg,g_7a1240f8bd84145e,validation
data_raw/uc3m/train/00924.jpg,g_b27060ff0b8be3ab,train
data_raw/uc3m/train/00925.jpg,g_0aef3f6293bb5357,train
data_raw/uc3m/train/00926.jpg,g_e19ac68925546be2,train
data_raw/uc3m/train/00927.jpg,g_cd58dfacbb429da1,train
data_raw/uc3m/train/00928.jpg,g_e9da815b88d5cf62,train
data_raw/uc3m/train/00930.jpg,g_f4cfdc3c3900d3c2,train
data_raw/uc3m/train/00931.jpg,g_6aaa97083ce4fed4,train
data_raw/uc3m/train/00932.jpg,g_f6e8daced5ec39af,train
data_raw/uc3m/train/00933.jpg,g_d00c6b5157ee92db,validation
data_raw/uc3m/train/00934.jpg,g_97196b3a99394fac,test
data_raw/uc3m/train/00935.jpg,g_dc9bd0554662383d,validation
data_raw/uc3m/train/00937.jpg,g_8abb51c80d1e9063,train
data_raw/uc3m/train/00938.jpg,g_20d184c72120ca53,train
data_raw/uc3m/train/00939.jpg,g_d44b8bef1e802531,test
data_raw/uc3m/train/00940.jpg,g_a968c08d96c8e771,train
data_raw/uc3m/train/00941.jpg,g_2d2ad90e5c5e63aa,train
data_raw/uc3m/train/00942.jpg,g_0c0c0ffaeed97bf4,test
data_raw/uc3m/train/00943.jpg,g_aa7644a90f4f2033,train
data_raw/uc3m/train/00944.jpg,g_6159ba5966db9a9a,train
data_raw/uc3m/train/00945.jpg,g_b9ed5f5d7f8c7642,train
data_raw/uc3m/train/00946.jpg,g_6159ba5966db9a9a,train
data_raw/uc3m/train/00947.jpg,g_c4ee0d22d46aa082,train
data_raw/uc3m/train/00949.jpg,g_5b55ae708e98e325,test
data_raw/uc3m/train/00950.jpg,g_d956dd57929fd56e,test
data_raw/uc3m/train/00951.jpg,g_0841247a9df64cc2,train
data_raw/uc3m/train/00952.jpg,g_9a6137f31387051f,train
data_raw/uc3m/train/00953.jpg,g_9f684ba3a2bbb468,validation
data_raw/uc3m/train/00954.jpg,g_2d2ad90e5c5e63aa,train
data_raw/uc3m/train/00955.jpg,g_f4cfdc3c3900d3c2,train
data_raw/uc3m/train/00956.jpg,g_2d2ad90e5c5e63aa,train
data_raw/uc3m/train/00957.jpg,g_431f161890bc3c41,train
data_raw/uc3m/train/00959.jpg,g_1d30970fcdd73541,test
data_raw/uc3m/train/00960.jpg,g_19a0204a18559ae9,validation
data_raw/uc3m/train/00962.jpg,g_f4cfdc3c3900d3c2,train
data_raw/uc3m/train/00964.jpg,g_0972b6171a72f49e,test
data_raw/uc3m/train/00965.jpg,g_b56004f596be3054,train
data_raw/uc3m/train/00966.jpg,g_015b937769ea72d8,test
data_raw/uc3m/train/00969.jpg,g_6f9e3c0a6f087758,validation
data_raw/uc3m/train/00970.jpg,g_275023b6d742bd23,train
data_raw/uc3m/train/00971.jpg,g_0841247a9df64cc2,train
data_raw/uc3m/train/00972.jpg,g_e7cf012d075fd193,test
data_raw/uc3m/train/00973.jpg,g_2d2ad90e5c5e63aa,train
data_raw/uc3m/train/00974.jpg,g_2d2ad90e5c5e63aa,train
data_raw/uc3m/train/00975.jpg,g_2d2ad90e5c5e63aa,train
data_raw/uc3m/train/00977.jpg,g_f4cfdc3c3900d3c2,train
data_raw/uc3m/train/00980.jpg,g_83ae8f5ba117fee3,train
data_raw/uc3m/train/00981.jpg,g_ee5e33e3ff3883f0,train
data_raw/uc3m/train/00982.jpg,g_3f66a52f545109be,train
data_raw/uc3m/train/00983.jpg,g_6e0744b637ba5dac,test
data_raw/uc3m/train/00984.jpg,g_2bdfda99c452d370,train
data_raw/uc3m/train/00985.jpg,g_f4cfdc3c3900d3c2,train
data_raw/uc3m/train/00986.jpg,g_cbd8928de6084e91,test
data_raw/uc3m/train/00987.jpg,g_f0e963fe06316b84,train
data_raw/uc3m/train/00989.jpg,g_03cd15efc2345d87,train
data_raw/uc3m/train/00990.jpg,g_fac5c584a76d8377,test
data_raw/uc3m/train/00992.jpg,g_eae5bfadff149318,test
data_raw/uc3m/train/00993.jpg,g_f4cfdc3c3900d3c2,train
data_raw/uc3m/train/00995.jpg,g_04f891e3a619a75d,validation
data_raw/uc3m/train/00996.jpg,g_1487f14eaa20f9a0,validation
data_raw/uc3m/train/00997.jpg,g_e259a0e17895fd3f,test
data_raw/uc3m/train/00998.jpg,g_230e2a4e8128540f,train
data_raw/uc3m/train/00999.jpg,g_9ac94bd3810a499f,train
data_raw/uc3m/train/01001.jpg,g_312c33aee2a08820,train
data_raw/uc3m/train/01002.jpg,g_ad4a088ff40160cf,train
data_raw/uc3m/train/01005.jpg,g_af32b1253763ac39,test
data_raw/uc3m/train/01006.jpg,g_f4cfdc3c3900d3c2,train
data_raw/uc3m/train/01007.jpg,g_f4cfdc3c3900d3c2,train
data_raw/uc3m/train/01008.jpg,g_f4cfdc3c3900d3c2,train
data_raw/uc3m/train/01010.jpg,g_3f4428c2998c91e4,train
data_raw/uc3m/train/01011.jpg,g_3f4428c2998c91e4,train
data_raw/uc3m/train/01012.jpg,g_f4cfdc3c3900d3c2,train
data_raw/uc3m/train/01014.jpg,g_3b1a1bf86102b810,train
data_raw/uc3m/train/01015.jpg,g_66a8d3a764698f3f,validation
data_raw/uc3m/train/01017.jpg,g_c0dcd6e0fdbdc28d,validation
data_raw/uc3m/train/01018.jpg,g_f4cfdc3c3900d3c2,train
data_raw/uc3m/train/01019.jpg,g_f4cfdc3c3900d3c2,train
data_raw/uc3m/train/01020.jpg,g_9d5f5dd82accc91f,train
data_raw/uc3m/train/01021.jpg,g_2d2ad90e5c5e63aa,train
data_raw/uc3m/train/01022.jpg,g_2d2ad90e5c5e63aa,train
data_raw/uc3m/train/01023.jpg,g_2d2ad90e5c5e63aa,train
data_raw/uc3m/train/01024.jpg,g_2d2ad90e5c5e63aa,train
data_raw/uc3m/train/01025.jpg,g_2d2ad90e5c5e63aa,train
data_raw/uc3m/train/01027.jpg,g_2d2ad90e5c5e63aa,train
data_raw/uc3m/train/01028.jpg,g_2d2ad90e5c5e63aa,train
data_raw/uc3m/train/01029.jpg,g_4518c445105f01b8,train
data_raw/uc3m/train/01030.jpg,g_e4969af7e6230d58,train
data_raw/uc3m/train/01031.jpg,g_0d8a111338bb81f6,validation
data_raw/uc3m/train/01032.jpg,g_3565ead3c1729268,train
data_raw/uc3m/train/01033.jpg,g_bb54dc6c8a837c4c,validation
data_raw/uc3m/train/01034.jpg,g_d5175786e43393d2,train
data_raw/uc3m/train/01035.jpg,g_f4cfdc3c3900d3c2,train
data_raw/uc3m/train/01036.jpg,g_5ff5751b7e4b77af,train
data_raw/uc3m/train/01037.jpg,g_9d3a54630bb59c0b,test
data_raw/uc3m/train/01038.jpg,g_a7c95b76411bb99d,train
data_raw/uc3m/train/01040.jpg,g_990d6dcabce4515b,train
data_raw/uc3m/train/01041.jpg,g_ae84da237b06f063,train
data_raw/uc3m/train/01042.jpg,g_3b6f8567acd77b95,validation
data_raw/uc3m/train/01044.jpg,g_325817b0da3ce637,test
data_raw/uc3m/train/01045.jpg,g_f4cfdc3c3900d3c2,train
data_raw/uc3m/train/01046.jpg,g_f4cfdc3c3900d3c2,train
data_raw/uc3m/train/01047.jpg,g_2d2ad90e5c5e63aa,train
data_raw/uc3m/train/01048.jpg,g_2438c596b807f186,validation
data_raw/uc3m/train/01049.jpg,g_88b4f99ea1d38505,validation
data_raw/uc3m/train/01051.jpg,g_1f0d87e61ba9cbc0,train
data_raw/uc3m/train/01052.jpg,g_8ea43400862e1e69,train
data_raw/uc3m/train/01054.jpg,g_f4cfdc3c3900d3c2,train
data_raw/uc3m/train/01055.jpg,g_6113803fb1117fb5,train
data_raw/uc3m/train/01056.jpg,g_7e2e965693363981,train
data_raw/uc3m/train/01057.jpg,g_66dbc3b0fe639a94,validation
data_raw/uc3m/train/01058.jpg,g_f4cfdc3c3900d3c2,train
data_raw/uc3m/train/01059.jpg,g_f4cfdc3c3900d3c2,train
data_raw/uc3m/train/01060.jpg,g_e709faa335c0d828,train
data_raw/uc3m/train/01061.jpg,g_003967677d8c9593,train
data_raw/uc3m/train/01062.jpg,g_2412673ee262a31f,train
data_raw/uc3m/train/01064.jpg,g_b09dff426cf8b7a0,train
data_raw/uc3m/train/01066.jpg,g_f4cfdc3c3900d3c2,train
data_raw/uc3m/train/01067.jpg,g_e4969af7e6230d58,train
data_raw/uc3m/train/01068.jpg,g_17d8df1c7d99eebb,test
data_raw/uc3m/train/01069.jpg,g_4beec00da851d930,validation
data_raw/uc3m/train/01071.jpg,g_ab8177f715ee8dfd,train
data_raw/uc3m/train/01072.jpg,g_9ca82643dd52eb4b,train
data_raw/uc3m/train/01074.jpg,g_1580c0403da19b96,train
data_raw/uc3m/train/01075.jpg,g_77c8cec6ee7ebc08,train
data_raw/uc3m/train/01076.jpg,g_77c8cec6ee7ebc08,train
data_raw/uc3m/train/01078.jpg,g_f4cfdc3c3900d3c2,train
data_raw/uc3m/train/01079.jpg,g_6794dbde95084d24,train
data_raw/uc3m/train/01080.jpg,g_f4cfdc3c3900d3c2,train
data_raw/uc3m/train/01081.jpg,g_f55724fe1a78f4bc,validation
data_raw/uc3m/train/01084.jpg,g_f4cfdc3c3900d3c2,train
data_raw/uc3m/train/01085.jpg,g_f4cfdc3c3900d3c2,train
data_raw/uc3m/train/01086.jpg,g_d932c5814fd06d38,test
data_raw/uc3m/train/01087.jpg,g_1e97201a204de209,train
data_raw/uc3m/train/01088.jpg,g_2ad0fb66492c8c94,validation
data_raw/uc3m/train/01089.jpg,g_b9aa2582ead1fb65,train
data_raw/uc3m/train/01091.jpg,g_ea064e458adbb827,train
data_raw/uc3m/train/01092.jpg,g_f4cfdc3c3900d3c2,train
data_raw/uc3m/train/01095.jpg,g_f4cfdc3c3900d3c2,train
data_raw/uc3m/train/01096.jpg,g_a726879b12dcbd79,test
data_raw/uc3m/train/01097.jpg,g_f4cfdc3c3900d3c2,train
data_raw/uc3m/train/01098.jpg,g_1580c0403da19b96,train
data_raw/uc3m/train/01099.jpg,g_3f66a52f545109be,train
data_raw/uc3m/train/01100.jpg,g_e44d886359bfef04,train
data_raw/uc3m/train/01101.jpg,g_e44d886359bfef04,train
data_raw/uc3m/train/01102.jpg,g_f4cfdc3c3900d3c2,train
data_raw/uc3m/train/01103.jpg,g_83271f571e22f57d,train
data_raw/uc3m/train/01104.jpg,g_a95c60137485f067,validation
data_raw/uc3m/train/01105.jpg,g_820cb3c5ebadd01b,train
data_raw/uc3m/train/01106.jpg,g_6689fb8b32a86d2e,train
data_raw/uc3m/train/01107.jpg,g_a3bbc87b15eefb0f,train
data_raw/uc3m/train/01108.jpg,g_f4cfdc3c3900d3c2,train
data_raw/uc3m/train/01109.jpg,g_86c307d78d37f0eb,test
data_raw/uc3m/train/01110.jpg,g_fd0fcfe15e2e303d,validation
data_raw/uc3m/train/01111.jpg,g_f4cfdc3c3900d3c2,train
data_raw/uc3m/train/01112.jpg,g_67713cd2c68bb122,test
data_raw/uc3m/train/01113.jpg,g_83ae8f5ba117fee3,train
data_raw/uc3m/train/01114.jpg,g_c4ee0d22d46aa082,train
data_raw/uc3m/train/01115.jpg,g_d878e045892e9a26,test
data_raw/uc3m/train/01116.jpg,g_a33d5b5032bef87b,validation
data_raw/uc3m/train/01118.jpg,g_2d2ad90e5c5e63aa,train
data_raw/uc3m/train/01119.jpg,g_43f53a74304b8c2e,train
data_raw/uc3m/train/01120.jpg,g_975a16bc12ffd1f2,test
data_raw/uc3m/train/01123.jpg,g_d55e1408d8b1d3c6,train
data_raw/uc3m/train/01124.jpg,g_a5f0dfaa8dd5c8e4,test
data_raw/uc3m/train/01125.jpg,g_f4cfdc3c3900d3c2,train
data_raw/uc3m/train/01126.jpg,g_bd4d825953b82caa,train
data_raw/uc3m/train/01129.jpg,g_5642614f5c4775bf,train
data_raw/uc3m/train/01130.jpg,g_d55e1408d8b1d3c6,train
data_raw/uc3m/train/01131.jpg,g_ce2f7f6e30333adf,train
data_raw/uc3m/train/01132.jpg,g_7ac0ba5f26cd4038,test
data_raw/uc3m/train/01133.jpg,g_ac99997c0201232b,validation
data_raw/uc3m/train/01135.jpg,g_6874d81ba46d97c3,validation
data_raw/uc3m/train/01136.jpg,g_d1c4cb3036b06483,validation
data_raw/uc3m/train/01137.jpg,g_97f18ba5e5853a57,train
data_raw/uc3m/train/01139.jpg,g_4d6b66d52865ea31,test
data_raw/uc3m/train/01140.jpg,g_83b02c9a879496a2,train
data_raw/uc3m/train/01141.jpg,g_ed59e83af9308b90,train
data_raw/uc3m/train/01143.jpg,g_9c7b02e054d69938,train
data_raw/uc3m/train/01144.jpg,g_d71c5f6791671630,train
data_raw/uc3m/train/01145.jpg,g_2dceb6a1e3e65c89,train
data_raw/uc3m/train/01147.jpg,g_c05fcf0232e849bd,test
data_raw/uc3m/train/01148.jpg,g_850828e89254b08a,validation
data_raw/uc3m/train/01149.jpg,g_778464f2b40725d9,train
data_raw/uc3m/train/01152.jpg,g_a1ff654a7fa655af,train
data_raw/uc3m/train/01156.jpg,g_dc1ab19ce65bb3da,train
data_raw/uc3m/train/01157.jpg,g_b9ca456995c2b457,validation
data_raw/uc3m/train/01158.jpg,g_f63e6c473156bdf4,train
data_raw/uc3m/train/01159.jpg,g_f63e6c473156bdf4,train
data_raw/uc3m/train/01160.jpg,g_f4cfdc3c3900d3c2,train
data_raw/uc3m/train/01161.jpg,g_0d8a111338bb81f6,validation
data_raw/uc3m/train/01162.jpg,g_2d2ad90e5c5e63aa,train
data_raw/uc3m/train/01164.jpg,g_99a4bcac792a8ab2,train
data_raw/uc3m/train/01165.jpg,g_ccf39ef10ba83d51,test
data_raw/uc3m/train/01166.jpg,g_f4cfdc3c3900d3c2,train
data_raw/uc3m/train/01167.jpg,g_282ab8f084933b3d,test
data_raw/uc3m/train/01168.jpg,g_24f9fd1c1659167c,train
data_raw/uc3m/train/01169.jpg,g_f4cfdc3c3900d3c2,train
data_raw/uc3m/train/01171.jpg,g_f4cfdc3c3900d3c2,train
data_raw/uc3m/train/01173.jpg,g_8084bc772912575f,train
data_raw/uc3m/train/01174.jpg,g_e44581063f252e13,train
data_raw/uc3m/train/01175.jpg,g_f4cfdc3c3900d3c2,train
data_raw/uc3m/train/01176.jpg,g_ff355785fbf73996,train
data_raw/uc3m/train/01177.jpg,g_4d3d6447d8bce859,test
data_raw/uc3m/train/01178.jpg,g_f4cfdc3c3900d3c2,train
data_raw/uc3m/train/01179.jpg,g_446ff16af3ab0bec,validation
data_raw/uc3m/train/01180.jpg,g_03e3b6d36d6bfb45,train
data_raw/uc3m/train/01181.jpg,g_f4cfdc3c3900d3c2,train
data_raw/uc3m/train/01183.jpg,g_869ec917d73029d2,train
data_raw/uc3m/train/01184.jpg,g_670f4405cd02ee00,validation
data_raw/uc3m/train/01185.jpg,g_3f9c78b8c0748d16,train
data_raw/uc3m/train/01186.jpg,g_e36ee03aab26e9b2,validation
data_raw/uc3m/train/01187.jpg,g_8202a6c26701d8d3,validation
data_raw/uc3m/train/01188.jpg,g_ca8b9e80f1983347,train
data_raw/uc3m/train/01189.jpg,g_230e2a4e8128540f,train
data_raw/uc3m/train/01190.jpg,g_230e2a4e8128540f,train
data_raw/uc3m/train/01192.jpg,g_dc1873be61a96f71,train
data_raw/uc3m/train/01193.jpg,g_629677056f403037,validation
data_raw/uc3m/train/01194.jpg,g_e8471737ac9daf11,validation
data_raw/uc3m/train/01195.jpg,g_9ca82643dd52eb4b,train
data_raw/uc3m/train/01196.jpg,g_0aef3f6293bb5357,train
data_raw/uc3m/train/01197.jpg,g_ab3135d22de18e90,validation
data_raw/uc3m/train/01198.jpg,g_a7e2913563cdd991,test
data_raw/uc3m/train/01199.jpg,g_bc934002824c39f0,train
data_raw/uc3m/train/01200.jpg,g_2d2ad90e5c5e63aa,train
data_raw/uc3m/train/01202.jpg,g_4a2d43d9a3120c49,train
data_raw/uc3m/train/01203.jpg,g_f4cfdc3c3900d3c2,train
data_raw/uc3m/train/01204.jpg,g_9ed651428bd5ca0e,test
data_raw/uc3m/train/01205.jpg,g_83ae8f5ba117fee3,train
data_raw/uc3m/train/01207.jpg,g_f4cfdc3c3900d3c2,train
data_raw/uc3m/train/01208.jpg,g_bc534e12943546de,validation
data_raw/uc3m/train/01210.jpg,g_f4cfdc3c3900d3c2,train
data_raw/uc3m/train/01211.jpg,g_ea2f4fcb5ac7a317,train
data_raw/uc3m/train/01212.jpg,g_3bbc7bf16d85e4fa,validation
data_raw/uc3m/train/01213.jpg,g_f4cfdc3c3900d3c2,train
data_raw/uc3m/train/01216.jpg,g_ec9391d2bd83ef39,train
data_raw/uc3m/train/01217.jpg,g_6390ec33ba7bae1f,train
data_raw/uc3m/train/01218.jpg,g_529ba3d446107111,validation
data_raw/uc3m/train/01219.jpg,g_f55e7ac5786c3e64,validation
data_raw/uc3m/train/01221.jpg,g_2d2ad90e5c5e63aa,train
data_raw/uc3m/train/01222.jpg,g_fc15d15056b7cbf9,train
data_raw/uc3m/train/01223.jpg,g_e93a62442a65ba0c,validation
data_raw/uc3m/train/01224.jpg,g_f8e3bbda425d712d,train
data_raw/uc3m/train/01225.jpg,g_f4cfdc3c3900d3c2,train
data_raw/uc3m/train/01226.jpg,g_db48305c52b81e13,train
data_raw/uc3m/train/01228.jpg,g_f4cfdc3c3900d3c2,train
data_raw/uc3m/train/01229.jpg,g_445128cc6203552f,train
data_raw/uc3m/train/01230.jpg,g_84ee1b542cafa471,train
data_raw/uc3m/train/01231.jpg,g_17789b421391d506,train
data_raw/uc3m/train/01232.jpg,g_ce44a80419b85218,validation
data_raw/uc3m/train/01233.jpg,g_28af0a82a13fda2b,test
data_raw/uc3m/train/01235.jpg,g_10e056f6e7b15e6f,validation
data_raw/uc3m/train/01238.jpg,g_f4cfdc3c3900d3c2,train
data_raw/uc3m/train/01239.jpg,g_f4cfdc3c3900d3c2,train
data_raw/uc3m/train/01240.jpg,g_9f1babe1cbd56df3,train
data_raw/uc3m/train/01241.jpg,g_b420c79a077f9ce0,test
data_raw/uc3m/train/01243.jpg,g_588c97f5df72c859,validation
data_raw/uc3m/train/01244.jpg,g_caac93156f33791c,validation
data_raw/uc3m/train/01245.jpg,g_38f2980c265a9dee,train
data_raw/uc3m/train/01246.jpg,g_f4cfdc3c3900d3c2,train
data_raw/uc3m/train/01247.jpg,g_650d5774aab9307b,train
data_raw/uc3m/train/01249.jpg,g_d1931177dd8ff62b,train
data_raw/uc3m/train/01250.jpg,g_3565ead3c1729268,train
data_raw/uc3m/train/01252.jpg,g_9ab7b83630be883a,train
data_raw/uc3m/train/01253.jpg,g_bdffb9cb635c1754,test
data_raw/uc3m/train/01254.jpg,g_580a191b79148bd2,train
data_raw/uc3m/train/01255.jpg,g_f4cfdc3c3900d3c2,train
data_raw/uc3m/train/01256.jpg,g_f4cfdc3c3900d3c2,train
data_raw/uc3m/train/01257.jpg,g_d63153a3c888b893,train
data_raw/uc3m/train/01258.jpg,g_1f68e64850f17025,train
data_raw/uc3m/train/01259.jpg,g_e654508f7f053767,validation
data_raw/uc3m/train/01261.jpg,g_17789b421391d506,train
data_raw/uc3m/train/01262.jpg,g_79146a8df1448187,train
data_raw/uc3m/train/01263.jpg,g_a03d16de0c8afa06,train
data_raw/uc3m/train/01264.jpg,g_968660a120ae422a,validation
data_raw/uc3m/train/01265.jpg,g_e94396e7eaeb1976,validation
data_raw/uc3m/train/01266.jpg,g_ea064e458adbb827,train
data_raw/uc3m/train/01268.jpg,g_45e55e41a8977e80,train
data_raw/uc3m/train/01269.jpg,g_f4cfdc3c3900d3c2,train
data_raw/uc3m/train/01270.jpg,g_f8086cf86b742658,train
data_raw/uc3m/train/01272.jpg,g_d1931177dd8ff62b,train
data_raw/uc3m/train/01273.jpg,g_f4cfdc3c3900d3c2,train
data_raw/uc3m/train/01274.jpg,g_f4cfdc3c3900d3c2,train
data_raw/uc3m/train/01277.jpg,g_f641ae7dc6964943,validation
data_raw/uc3m/train/01278.jpg,g_0f438c3ccd3331a9,train
data_raw/uc3m/train/01279.jpg,g_65ad7ce29cd5e22a,test
data_raw/uc3m/train/01280.jpg,g_a5df5fa87a754a71,validation
data_raw/uc3m/train/01281.jpg,g_b9cca63e547959bf,train
data_raw/uc3m/train/01282.jpg,g_0fef6a991fc155a0,train
data_raw/uc3m/train/01283.jpg,g_477b389eea5648d6,test
data_raw/uc3m/train/01284.jpg,g_f4cfdc3c3900d3c2,train
data_raw/uc3m/train/01285.jpg,g_a1ff654a7fa655af,train
data_raw/uc3m/train/01286.jpg,g_c896daee7e164a7e,train
data_raw/uc3m/train/01287.jpg,g_9ca82643dd52eb4b,train
data_raw/uc3m/train/01289.jpg,g_a4fc0ccefca33d37,test
data_raw/uc3m/train/01290.jpg,g_e513a7bc141a0916,train
data_raw/uc3m/train/01291.jpg,g_ae50a5d42c35c673,train
data_raw/uc3m/train/01292.jpg,g_e513a7bc141a0916,train
data_raw/uc3m/train/01293.jpg,g_e513a7bc141a0916,train
data_raw/uc3m/train/01294.jpg,g_1707405259c103dc,train
data_raw/uc3m/train/01295.jpg,g_b7c02cfbbc36da49,train
data_raw/uc3m/train/01296.jpg,g_54276ee3672ee45d,test
data_raw/uc3m/train/01297.jpg,g_e7213fe189b917b7,train
data_raw/uc3m/train/01298.jpg,g_a2fc7d8588e8d4f5,train
data_raw/uc3m/train/01299.jpg,g_b744ccc6e052e7c5,train
data_raw/uc3m/train/01300.jpg,g_8859594a3e255ab4,validation
data_raw/uc3m/train/01301.jpg,g_6be787d714f3839b,validation
data_raw/uc3m/train/01302.jpg,g_580a191b79148bd2,train
data_raw/uc3m/train/01303.jpg,g_cf681cc62df1f41e,train
data_raw/uc3m/train/01304.jpg,g_678483645275dc54,train
data_raw/uc3m/train/01305.jpg,g_ef5cc4f0c6b242aa,train
data_raw/uc3m/train/01308.jpg,g_83913653d4751cb6,test
data_raw/uc3m/train/01309.jpg,g_f4aaf2d926a85bff,train
data_raw/uc3m/train/01310.jpg,g_f4cfdc3c3900d3c2,train
data_raw/uc3m/train/01311.jpg,g_f4cfdc3c3900d3c2,train
data_raw/uc3m/train/01312.jpg,g_f4cfdc3c3900d3c2,train
data_raw/uc3m/train/01313.jpg,g_d1931177dd8ff62b,train
data_raw/uc3m/train/01314.jpg,g_c626de63d6c82b24,train
data_raw/uc3m/train/01315.jpg,g_c626de63d6c82b24,train
data_raw/uc3m/train/01316.jpg,g_28833c9ccbfb9ddf,test
data_raw/uc3m/train/01317.jpg,g_f678bdd90c3b796a,test
data_raw/uc3m/train/01318.jpg,g_1f0ffa9023182c94,validation
data_raw/uc3m/train/01320.jpg,g_95d2d33453f7d073,train
data_raw/uc3m/train/01321.jpg,g_42130e30b19f2c3d,validation
data_raw/uc3m/train/01323.jpg,g_2446d817e926f91d,test
data_raw/uc3m/train/01324.jpg,g_544c7cfd2fc26d7b,test
data_raw/uc3m/train/01325.jpg,g_ff88b29a970aa699,train
data_raw/uc3m/train/01326.jpg,g_072e2a674765eacf,validation
data_raw/uc3m/train/01327.jpg,g_f4cfdc3c3900d3c2,train
data_raw/uc3m/train/01328.jpg,g_9f15b76375fdd76b,train
data_raw/uc3m/train/01329.jpg,g_f4cfdc3c3900d3c2,train
data_raw/uc3m/train/01330.jpg,g_2736587c1d871eee,train
data_raw/uc3m/train/01331.jpg,g_ffa52268b1d7e168,train
data_raw/uc3m/train/01332.jpg,g_91cef52751a0f0e4,validation
data_raw/uc3m/train/01333.jpg,g_011e6ef32d0c8209,validation
data_raw/uc3m/train/01334.jpg,g_8e3cab06f98d2aae,test
data_raw/uc3m/train/01335.jpg,g_26a9bb9d8833411a,validation
data_raw/uc3m/train/01336.jpg,g_9340e8c6a06ca4a0,test
data_raw/uc3m/train/01337.jpg,g_11286a3bb5b3f16b,validation
data_raw/uc3m/train/01338.jpg,g_a9cd86cb719e3efd,test
data_raw/uc3m/train/01340.jpg,g_bd4e0c5aa5831a21,test
data_raw/uc3m/train/01342.jpg,g_4622896c0fa21b6e,test
data_raw/uc3m/train/01343.jpg,g_aa7644a90f4f2033,train
data_raw/uc3m/train/01344.jpg,g_475ed4f285b7de0c,validation
data_raw/uc3m/train/01346.jpg,g_8616f294fa17e4e7,test
data_raw/uc3m/train/01347.jpg,g_1e97201a204de209,train
data_raw/uc3m/train/01349.jpg,g_c0353cc21bf73605,train
data_raw/uc3m/train/01350.jpg,g_c0353cc21bf73605,train
data_raw/uc3m/train/01351.jpg,g_1512a85a333a1a3c,train
data_raw/uc3m/train/01352.jpg,g_644c36439287ff85,train
data_raw/uc3m/train/01353.jpg,g_f4cfdc3c3900d3c2,train
data_raw/uc3m/train/01354.jpg,g_ab0c8b29908a771e,train
data_raw/uc3m/train/01355.jpg,g_e954481018e268bd,train
data_raw/uc3m/train/01356.jpg,g_950df51f5783f7df,test
data_raw/uc3m/train/01357.jpg,g_f42f3909e58abeb5,train
data_raw/uc3m/train/01358.jpg,g_d6881f77d009cf84,train
data_raw/uc3m/train/01359.jpg,g_f482f32f9ed40e09,test
data_raw/uc3m/train/01360.jpg,g_2d2ad90e5c5e63aa,train
data_raw/uc3m/train/01361.jpg,g_0f1558b5a1b288f2,validation
data_raw/uc3m/train/01362.jpg,g_201efa178e79c545,train
data_raw/uc3m/train/01364.jpg,g_08104aa81a9478e3,test
data_raw/uc3m/train/01365.jpg,g_58a58f30ab8f9c03,validation
data_raw/uc3m/train/01366.jpg,g_fc857f4cb0825e12,test
data_raw/uc3m/train/01367.jpg,g_d262654830f2055a,validation
data_raw/uc3m/train/01368.jpg,g_230e2a4e8128540f,train
data_raw/uc3m/train/01369.jpg,g_92790272c3868ba0,validation
data_raw/uc3m/train/01370.jpg,g_abafc2d80b4ee636,test
data_raw/uc3m/train/01371.jpg,g_edff22ad8b15665a,validation
data_raw/uc3m/train/01372.jpg,g_090c02fcf3b7cf56,train
data_raw/uc3m/train/01373.jpg,g_2d2ad90e5c5e63aa,train
data_raw/uc3m/train/01374.jpg,g_5f5971a64fb9e270,train
data_raw/uc3m/train/01375.jpg,g_80ca420e7a65ac7e,validation
data_raw/uc3m/train/01376.jpg,g_a6d61a55a757ee07,validation
data_raw/uc3m/train/01377.jpg,g_652b18cb66797584,test
data_raw/uc3m/train/01378.jpg,g_cfdd58acfc72e423,train
data_raw/uc3m/train/01380.jpg,g_cfdd58acfc72e423,train
data_raw/uc3m/train/01381.jpg,g_cfdd58acfc72e423,train
data_raw/uc3m/train/01382.jpg,g_f4cfdc3c3900d3c2,train
data_raw/uc3m/train/01383.jpg,g_b744ccc6e052e7c5,train
data_raw/uc3m/train/01385.jpg,g_97f18ba5e5853a57,train
data_raw/uc3m/train/01386.jpg,g_aa7644a90f4f2033,train
data_raw/uc3m/train/01387.jpg,g_39123b7262be4397,validation
data_raw/uc3m/train/01388.jpg,g_f4cfdc3c3900d3c2,train
data_raw/uc3m/train/01389.jpg,g_d2ec870af9ac40d7,test
data_raw/uc3m/train/01390.jpg,g_b9aa2582ead1fb65,train
data_raw/uc3m/train/01391.jpg,g_aeb2a2a1787eb9bf,validation
data_raw/uc3m/train/01392.jpg,g_a2fc7d8588e8d4f5,train
data_raw/uc3m/train/01393.jpg,g_8e1d59c7a2872798,test
data_raw/uc3m/train/01394.jpg,g_c1e3e5f3bde94939,test
data_raw/uc3m/train/01396.jpg,g_97acf6341fc767fa,test
data_raw/uc3m/train/01397.jpg,g_92c99f387835d2f6,train
data_raw/uc3m/train/01398.jpg,g_92c99f387835d2f6,train
data_raw/uc3m/train/01399.jpg,g_b9aa2582ead1fb65,train
data_raw/uc3m/train/01400.jpg,g_ac7c12f7a42fc18e,train
data_raw/uc3m/train/01402.jpg,g_312c33aee2a08820,train
data_raw/uc3m/train/01403.jpg,g_adf0d592e4b30570,train
data_raw/uc3m/train/01405.jpg,g_8f7d27c8bfe3abc7,test
data_raw/uc3m/train/01406.jpg,g_21900950d4eb2306,train
data_raw/uc3m/train/01407.jpg,g_1a4f48270f6fff1e,test
data_raw/uc3m/train/01408.jpg,g_214203642eceef1d,train
data_raw/uc3m/train/01409.jpg,g_ddfe34f6d2a13eb7,train
data_raw/uc3m/train/01410.jpg,g_a752cbc1a9fa1bac,train
data_raw/uc3m/train/01411.jpg,g_f4cfdc3c3900d3c2,train
data_raw/uc3m/train/01412.jpg,g_6d5d1b36fe17dfff,train
data_raw/uc3m/train/01413.jpg,g_6d5d1b36fe17dfff,train
data_raw/uc3m/train/01415.jpg,g_f4cfdc3c3900d3c2,train
data_raw/uc3m/train/01416.jpg,g_f4cfdc3c3900d3c2,train
data_raw/uc3m/train/01418.jpg,g_f4cfdc3c3900d3c2,train
data_raw/uc3m/train/01419.jpg,g_306ff79f0b00fc32,test
data_raw/uc3m/train/01420.jpg,g_c1228c235d633d4d,train
data_raw/uc3m/train/01421.jpg,g_47881f0abcc5e836,train
data_raw/uc3m/train/01422.jpg,g_99381017e05bdd89,test
data_raw/uc3m/train/01426.jpg,g_1f7b3cb1fc8a66f0,train
data_raw/uc3m/train/01427.jpg,g_6eab3710851083df,train
data_raw/uc3m/train/01428.jpg,g_a4193ad2afd23533,train
data_raw/uc3m/train/01429.jpg,g_abbc1c385d7be7ce,test
data_raw/uc3m/train/01430.jpg,g_709ca1b0475c810c,validation
data_raw/uc3m/train/01431.jpg,g_a8edc773fa122aaf,train
data_raw/uc3m/train/01432.jpg,g_97b95c413c21ef8f,test
data_raw/uc3m/train/01434.jpg,g_d97d64cb8e61f821,train
data_raw/uc3m/train/01435.jpg,g_b7fe7d65df7eb34f,train
data_raw/uc3m/train/01436.jpg,g_5afe46c1e616f0a8,train
data_raw/uc3m/train/01440.jpg,g_b0b6c960b63e5fed,train
data_raw/uc3m/train/01441.jpg,g_1580c0403da19b96,train
data_raw/uc3m/train/01442.jpg,g_03e3b6d36d6bfb45,train
data_raw/uc3m/train/01443.jpg,g_f8086cf86b742658,train
data_raw/uc3m/train/01444.jpg,g_f4cfdc3c3900d3c2,train
data_raw/uc3m/train/01446.jpg,g_6a6ab2aac5f67a0f,train
data_raw/uc3m/train/01448.jpg,g_f81eca25ef94684e,train
data_raw/uc3m/train/01449.jpg,g_f4cfdc3c3900d3c2,train
data_raw/uc3m/train/01450.jpg,g_a4f0c1d6c87d9aea,test
data_raw/uc3m/train/01451.jpg,g_554e51f959a1b90a,test
data_raw/uc3m/train/01452.jpg,g_9ac94bd3810a499f,train
data_raw/uc3m/train/01453.jpg,g_f4cfdc3c3900d3c2,train
data_raw/uc3m/train/01455.jpg,g_580a191b79148bd2,train
data_raw/uc3m/train/01456.jpg,g_ba1788e5ed065436,train
data_raw/uc3m/train/01462.jpg,g_f4cfdc3c3900d3c2,train
data_raw/uc3m/train/01463.jpg,g_f4cfdc3c3900d3c2,train
data_raw/uc3m/train/01464.jpg,g_f4cfdc3c3900d3c2,train
data_raw/uc3m/train/01467.jpg,g_f4cfdc3c3900d3c2,train
data_raw/uc3m/train/01468.jpg,g_2240ba13e56a4dc9,validation
data_raw/uc3m/train/01469.jpg,g_f4cfdc3c3900d3c2,train
data_raw/uc3m/train/01470.jpg,g_5d3c3b694fef379e,validation
data_raw/uc3m/train/01471.jpg,g_ece2bf98b77df3e2,train
data_raw/uc3m/train/01472.jpg,g_b3f522df015e9ad3,test
data_raw/uc3m/train/01473.jpg,g_6411b52c81528934,train
data_raw/uc3m/train/01474.jpg,g_5d2d421203c7e373,validation
data_raw/uc3m/train/01475.jpg,g_b903ffa915eb43c6,test
data_raw/uc3m/train/01476.jpg,g_c041fd215ad89465,test
data_raw/uc3m/train/01478.jpg,g_f4cfdc3c3900d3c2,train
data_raw/uc3m/train/01479.jpg,g_2f0d294a48fbb812,train
data_raw/uc3m/train/01480.jpg,g_ec9ae9e2b2198d46,validation
data_raw/uc3m/train/01481.jpg,g_ec9ae9e2b2198d46,validation
data_raw/uc3m/train/01482.jpg,g_d766b48e9e221c8c,test
data_raw/uc3m/train/01483.jpg,g_b2f5267100ee75ae,validation
data_raw/uc3m/train/01484.jpg,g_3c3d25882f735100,train
data_raw/uc3m/train/01485.jpg,g_2fc142705d213198,validation
data_raw/uc3m/train/01486.jpg,g_9d96c7b9fe6db3a7,test
data_raw/uc3m/train/01488.jpg,g_00dafcb5a0922bbb,train
data_raw/uc3m/train/01490.jpg,g_b4ff9399394e230c,train
data_raw/uc3m/train/01491.jpg,g_a69d07801d9989dc,train
data_raw/uc3m/train/01492.jpg,g_a44b008226ef47a9,validation
data_raw/uc3m/train/01493.jpg,g_9d58f7191dcb8abb,train
data_raw/uc3m/train/01496.jpg,g_f4cfdc3c3900d3c2,train
data_raw/uc3m/train/01497.jpg,g_f4cfdc3c3900d3c2,train
data_raw/uc3m/train/01498.jpg,g_f4cfdc3c3900d3c2,train
data_raw/uc3m/train/01499.jpg,g_f4cfdc3c3900d3c2,train
data_raw/uc3m/train/01501.jpg,g_f4cfdc3c3900d3c2,train
data_raw/uc3m/train/01502.jpg,g_f4cfdc3c3900d3c2,train
data_raw/uc3m/train/01503.jpg,g_580a191b79148bd2,train
data_raw/uc3m/train/01504.jpg,g_b9cca63e547959bf,train
data_raw/uc3m/train/01505.jpg,g_d72fc3d154e3dc31,test
data_raw/uc3m/train/01506.jpg,g_56838cb296081d94,test
data_raw/uc3m/train/01507.jpg,g_5ab6af9c6f996954,train
data_raw/uc3m/train/01509.jpg,g_a84e6959fc19ff62,validation
data_raw/uc3m/train/01510.jpg,g_7c5710d44d37f757,validation
data_raw/uc3m/train/01511.jpg,g_aa7644a90f4f2033,train
data_raw/uc3m/train/01514.jpg,g_60c8697c2199e820,test
data_raw/uc3m/train/01516.jpg,g_f4cfdc3c3900d3c2,train
data_raw/uc3m/train/01521.jpg,g_0fef6a991fc155a0,train
data_raw/uc3m/train/01522.jpg,g_16824139835dae46,train
data_raw/uc3m/train/01524.jpg,g_4323fb379a850c5a,train
data_raw/uc3m/train/01526.jpg,g_f4cfdc3c3900d3c2,train
data_raw/uc3m/train/01527.jpg,g_f4cfdc3c3900d3c2,train
data_raw/uc3m/train/01530.jpg,g_9c5f21b2f4b917e1,train
data_raw/uc3m/train/01532.jpg,g_deceab638730fb90,validation
data_raw/uc3m/train/01534.jpg,g_4eb97eb9c269f710,train
data_raw/uc3m/train/01535.jpg,g_f0e963fe06316b84,train
data_raw/uc3m/train/01536.jpg,g_66ae57a29dc4b138,train
data_raw/uc3m/train/01537.jpg,g_9ac94bd3810a499f,train
data_raw/uc3m/train/01538.jpg,g_f069411582ee8c6d,train
data_raw/uc3m/train/01539.jpg,g_98a6bb6b9c75bf24,validation
data_raw/uc3m/train/01540.jpg,g_7bef83b0b269d2ec,train
data_raw/uc3m/train/01541.jpg,g_f63e6c473156bdf4,train
data_raw/uc3m/train/01542.jpg,g_dbedc707a2e3b85e,train
data_raw/uc3m/train/01543.jpg,g_dbedc707a2e3b85e,train
data_raw/uc3m/train/01545.jpg,g_dbedc707a2e3b85e,train
data_raw/uc3m/train/01548.jpg,g_ea064e458adbb827,train
data_raw/uc3m/train/01549.jpg,g_a536bbaba6d09de6,train
data_raw/uc3m/train/01550.jpg,g_f4cfdc3c3900d3c2,train
data_raw/uc3m/train/01551.jpg,g_e215d3cd89c8602c,train
data_raw/uc3m/train/01552.jpg,g_0739e8b3f9437474,test
data_raw/uc3m/train/01553.jpg,g_5165fe261840ea45,train
data_raw/uc3m/train/01554.jpg,g_f4cfdc3c3900d3c2,train
data_raw/uc3m/train/01555.jpg,g_de3ce3b5cbc33f56,train
data_raw/uc3m/train/01556.jpg,g_46ea5cdf181a6252,train
data_raw/uc3m/train/01557.jpg,g_d8c3663dfd284d24,validation
data_raw/uc3m/train/01558.jpg,g_f4cfdc3c3900d3c2,train
data_raw/uc3m/train/01559.jpg,g_55506dca76f2bc04,validation
data_raw/uc3m/train/01561.jpg,g_6147730c05ee7152,validation
data_raw/uc3m/train/01562.jpg,g_f4cfdc3c3900d3c2,train
data_raw/uc3m/train/01564.jpg,g_16824139835dae46,train
data_raw/uc3m/train/01568.jpg,g_e18bd1f13d766d4d,validation
data_raw/uc3m/train/01570.jpg,g_c0e2b2900d9948dc,validation
data_raw/uc3m/train/01571.jpg,g_6c3bfec339536d12,validation
data_raw/uc3m/train/01572.jpg,g_66ae57a29dc4b138,train
data_raw/uc3m/train/01573.jpg,g_502fcbdb4a6e309e,train
data_raw/uc3m/train/01575.jpg,g_f4cfdc3c3900d3c2,train
data_raw/uc3m/train/01577.jpg,g_1afde229f715156b,test
data_raw/uc3m/train/01578.jpg,g_f4cfdc3c3900d3c2,train
data_raw/uc3m/train/01579.jpg,g_f4cfdc3c3900d3c2,train
data_raw/uc3m/train/01580.jpg,g_83ae8f5ba117fee3,train
data_raw/uc3m/train/01581.jpg,g_83271f571e22f57d,train
data_raw/uc3m/train/01583.jpg,g_f4cfdc3c3900d3c2,train
data_raw/uc3m/train/01584.jpg,g_c2f96a6ace95f689,train
data_raw/uc3m/train/01586.jpg,g_0f36223fe4e11814,validation
data_raw/uc3m/train/01587.jpg,g_1580c0403da19b96,train
data_raw/uc3m/train/01588.jpg,g_b9cca63e547959bf,train
data_raw/uc3m/train/01589.jpg,g_b9cca63e547959bf,train
data_raw/uc3m/train/01590.jpg,g_f4cfdc3c3900d3c2,train
data_raw/uc3m/train/01591.jpg,g_f4cfdc3c3900d3c2,train
data_raw/uc3m/train/01592.jpg,g_2d2ad90e5c5e63aa,train
data_raw/uc3m/train/01593.jpg,g_87041999c1879847,train
data_raw/uc3m/train/01594.jpg,g_a7ff2a9e87d0877a,train
data_raw/uc3m/train/01599.jpg,g_92c25190ae8b3e7b,validation
data_raw/uc3m/train/01600.jpg,g_0f4167fcfd4602aa,validation
data_raw/uc3m/train/01601.jpg,g_223080cce5785456,validation
data_raw/uc3m/train/01602.jpg,g_117d05648e4096fc,validation
data_raw/uc3m/train/01603.jpg,g_f4cfdc3c3900d3c2,train
data_raw/uc3m/train/01604.jpg,g_c92e734fea629133,train
data_raw/uc3m/train/01605.jpg,g_1cfb383e008fa09d,test
data_raw/uc3m/train/01606.jpg,g_57d315eb04533907,validation
data_raw/uc3m/train/01608.jpg,g_d83cfb352727c576,test
data_raw/uc3m/train/01609.jpg,g_f4cfdc3c3900d3c2,train
data_raw/uc3m/train/01610.jpg,g_f71d8249393ec206,train
data_raw/uc3m/train/01611.jpg,g_bb41765f52cabd88,train
data_raw/uc3m/train/01612.jpg,g_8fcfb95a807f0a47,train
data_raw/uc3m/train/01613.jpg,g_f4cfdc3c3900d3c2,train
data_raw/uc3m/train/01614.jpg,g_f4cfdc3c3900d3c2,train
data_raw/uc3m/train/01615.jpg,g_b3668b130659a226,train
data_raw/uc3m/train/01616.jpg,g_9cd15fb8e01d56fe,test
data_raw/uc3m/train/01617.jpg,g_c2f96a6ace95f689,train
data_raw/uc3m/train/01618.jpg,g_83ae8f5ba117fee3,train
data_raw/uc3m/train/01619.jpg,g_e3073f94291ce249,train
data_raw/uc3m/train/01620.jpg,g_198f5ad19888db40,train
data_raw/uc3m/train/01622.jpg,g_adf0d592e4b30570,train
data_raw/uc3m/train/01623.jpg,g_6390ec33ba7bae1f,train
data_raw/uc3m/train/01624.jpg,g_6390ec33ba7bae1f,train
data_raw/uc3m/train/01625.jpg,g_4127f0094ea40c95,train
data_raw/uc3m/train/01627.jpg,g_e8a4da810cc9899a,train
data_raw/uc3m/train/01628.jpg,g_5085f8a348f653f5,test
data_raw/uc3m/train/01630.jpg,g_f4cfdc3c3900d3c2,train
data_raw/uc3m/train/01631.jpg,g_be8603013397937f,train
data_raw/uc3m/train/01632.jpg,g_be8603013397937f,train
data_raw/uc3m/train/01633.jpg,g_c1228c235d633d4d,train
data_raw/uc3m/train/01634.jpg,g_c06151cd35d86a26,train
data_raw/uc3m/train/01635.jpg,g_b9aa2582ead1fb65,train
data_raw/uc3m/train/01636.jpg,g_2c75cd8944463a44,train
data_raw/uc3m/train/01637.jpg,g_9800c5629ebc5f66,test
data_raw/uc3m/train/01639.jpg,g_f4cfdc3c3900d3c2,train
data_raw/uc3m/train/01640.jpg,g_f4cfdc3c3900d3c2,train
data_raw/uc3m/train/01642.jpg,g_3ac7d3e44d4e5109,train
data_raw/uc3m/train/01643.jpg,g_50aec4171c53281d,test
data_raw/uc3m/train/01644.jpg,g_8bdd3db6525857fd,train
data_raw/uc3m/train/01645.jpg,g_9ac94bd3810a499f,train
data_raw/uc3m/train/01647.jpg,g_c0b27fc1f41745c1,validation
data_raw/uc3m/train/01649.jpg,g_db9dcb4df4a9b09b,train
data_raw/uc3m/train/01650.jpg,g_db9dcb4df4a9b09b,train
data_raw/uc3m/train/01652.jpg,g_cc7feb42139ae999,train
data_raw/uc3m/train/01654.jpg,g_fb5ebad9c30cf86d,train
data_raw/uc3m/train/01655.jpg,g_fb5ebad9c30cf86d,train
data_raw/uc3m/train/01656.jpg,g_b38f58b9761d6819,test
data_raw/uc3m/train/01657.jpg,g_1580c0403da19b96,train
data_raw/uc3m/train/01659.jpg,g_56e715ce5536fe66,validation
data_raw/uc3m/train/01660.jpg,g_26f8c0b723fd70c9,validation
data_raw/uc3m/train/01661.jpg,g_1f7b3cb1fc8a66f0,train
data_raw/uc3m/train/01663.jpg,g_4be04a5f14ee9f55,validation
data_raw/uc3m/train/01664.jpg,g_0afeebbb3301f978,train
data_raw/uc3m/train/01666.jpg,g_8bace8cd1e5c239b,validation
data_raw/uc3m/train/01668.jpg,g_7cad71e343c04766,train
data_raw/uc3m/train/01670.jpg,g_bb2cc4ae2de16143,train
data_raw/uc3m/train/01671.jpg,g_29679f544cec10f3,test
data_raw/uc3m/train/01672.jpg,g_037cf302f610ece5,test
data_raw/uc3m/train/01673.jpg,g_66ae57a29dc4b138,train
data_raw/uc3m/train/01674.jpg,g_f4cfdc3c3900d3c2,train
data_raw/uc3m/train/01675.jpg,g_e954481018e268bd,train
data_raw/uc3m/train/01676.jpg,g_017aa27d6ddedc6f,train
data_raw/uc3m/train/01677.jpg,g_f4cfdc3c3900d3c2,train
data_raw/uc3m/train/01679.jpg,g_d6d42f59eb4715c0,train
data_raw/uc3m/train/01681.jpg,g_e3988ff80f746a5c,test
data_raw/uc3m/train/01682.jpg,g_f4cfdc3c3900d3c2,train
data_raw/uc3m/train/01683.jpg,g_e9bc86a35dcee8ef,train
data_raw/uc3m/train/01686.jpg,g_1d6ef6067d5ccd56,test
data_raw/uc3m/train/01689.jpg,g_80f9dbe67dcbbb0a,train
data_raw/uc3m/train/01690.jpg,g_e70def00c9e80cad,test
data_raw/uc3m/train/01691.jpg,g_f84151680c6b08fa,train
data_raw/uc3m/train/01693.jpg,g_f4cfdc3c3900d3c2,train
data_raw/uc3m/train/01694.jpg,g_900819cd965b4fbe,train
data_raw/uc3m/train/01695.jpg,g_62f507af764ce6fd,validation
data_raw/uc3m/train/01696.jpg,g_4d15b22ae44f04a9,train
data_raw/uc3m/train/01697.jpg,g_f4cfdc3c3900d3c2,train
data_raw/uc3m/train/01698.jpg,g_6113803fb1117fb5,train
data_raw/uc3m/train/01699.jpg,g_f4cfdc3c3900d3c2,train
data_raw/uc3m/train/01700.jpg,g_165d2afaa1f5aaeb,test
data_raw/uc3m/train/01701.jpg,g_515b9b8d7ab2c43f,train
data_raw/uc3m/train/01702.jpg,g_11ba3cca6815d85e,test
data_raw/uc3m/train/01703.jpg,g_2d2ad90e5c5e63aa,train
data_raw/uc3m/train/01704.jpg,g_eb5367adf8d6aa11,test
data_raw/uc3m/train/01705.jpg,g_bd8196106d7153f1,validation
data_raw/uc3m/train/01706.jpg,g_2d299bd0673e04d4,validation
data_raw/uc3m/train/01708.jpg,g_f4cfdc3c3900d3c2,train
data_raw/uc3m/train/01711.jpg,g_1f0d87e61ba9cbc0,train
data_raw/uc3m/train/01712.jpg,g_0afeebbb3301f978,train
data_raw/uc3m/train/01713.jpg,g_6b7d88ce2eb85d3f,train
data_raw/uc3m/train/01714.jpg,g_22846a3d360bf0bc,test
data_raw/uc3m/train/01715.jpg,g_f4cfdc3c3900d3c2,train
data_raw/uc3m/train/01716.jpg,g_f4cfdc3c3900d3c2,train
data_raw/uc3m/train/01717.jpg,g_7f4ed6de8ae25ec9,train
data_raw/uc3m/train/01721.jpg,g_f4cfdc3c3900d3c2,train
data_raw/uc3m/train/01722.jpg,g_e0dc0898b6a91858,train
data_raw/uc3m/train/01723.jpg,g_230e2a4e8128540f,train
data_raw/uc3m/train/01724.jpg,g_12b0244ace1eeb09,validation
data_raw/uc3m/train/01725.jpg,g_368ed23a0052492d,test
data_raw/uc3m/train/01726.jpg,g_27924de0dce567cb,train
data_raw/uc3m/train/01727.jpg,g_81986a48b4a4a503,test
data_raw/uc3m/train/01728.jpg,g_aaa561fdfe8cb0ae,validation
data_raw/uc3m/train/01729.jpg,g_18555c4cbe6f01ba,test
data_raw/uc3m/train/01730.jpg,g_687016fc1677058d,train
data_raw/uc3m/train/01731.jpg,g_651f833e5e9053fc,test
data_raw/uc3m/train/01732.jpg,g_2e2199cff1e96d16,test
data_raw/uc3m/train/01733.jpg,g_230e2a4e8128540f,train
data_raw/uc3m/train/01734.jpg,g_00c16f5c2b91ddd7,train
data_raw/uc3m/train/01735.jpg,g_b53b0225ff272e68,test
data_raw/uc3m/train/01737.jpg,g_450ff256c42c4e3f,test
data_raw/uc3m/train/01738.jpg,g_f4cfdc3c3900d3c2,train
data_raw/uc3m/train/01739.jpg,g_3310c68b7a01a0c0,train
data_raw/uc3m/train/01741.jpg,g_9ac94bd3810a499f,train
data_raw/uc3m/train/01742.jpg,g_bb8824377a7f0145,validation
data_raw/uc3m/train/01743.jpg,g_3565ead3c1729268,train
data_raw/uc3m/train/01745.jpg,g_d0d3f8909bc12527,test
data_raw/uc3m/train/01746.jpg,g_398a40e22791007f,test
data_raw/uc3m/train/01747.jpg,g_8840693b07d87b1c,train
data_raw/uc3m/train/01749.jpg,g_9c0f55ae0b0b4008,validation
data_raw/uc3m/train/01750.jpg,g_f4cfdc3c3900d3c2,train
data_raw/uc3m/train/01751.jpg,g_bd4d825953b82caa,train
data_raw/uc3m/train/01752.jpg,g_0efeeff2c6f79c64,validation
data_raw/uc3m/train/01753.jpg,g_0517a8fef7ff5382,validation
data_raw/uc3m/train/01754.jpg,g_431c133d26ecfe2d,validation
data_raw/uc3m/train/01755.jpg,g_072a6bfb40d747e5,validation
data_raw/uc3m/train/01756.jpg,g_0e9e61a801a6b084,test
data_raw/uc3m/train/01757.jpg,g_f63e6c473156bdf4,train
data_raw/uc3m/train/01758.jpg,g_532adf41b5309ad3,validation
data_raw/uc3m/train/01759.jpg,g_fb5ebad9c30cf86d,train
data_raw/uc3m/train/01760.jpg,g_dd36d2a1a38ff1b4,train
data_raw/uc3m/train/01762.jpg,g_13caadef5aaf09ac,train
data_raw/uc3m/train/01763.jpg,g_d9a778b59a8d4b75,test
data_raw/uc3m/train/01764.jpg,g_eacb5d574033dd25,validation
data_raw/uc3m/train/01765.jpg,g_70f07c44c768fb32,train
data_raw/uc3m/train/01766.jpg,g_9f1babe1cbd56df3,train
data_raw/uc3m/train/01767.jpg,g_2dceb6a1e3e65c89,train
data_raw/uc3m/train/01768.jpg,g_83b02c9a879496a2,train
data_raw/uc3m/train/01770.jpg,g_f4cfdc3c3900d3c2,train
data_raw/uc3m/train/01771.jpg,g_b66cd4153b569077,test
data_raw/uc3m/train/01773.jpg,g_46ea5cdf181a6252,train
data_raw/uc3m/train/01774.jpg,g_98fc979f4615c7d2,test
data_raw/uc3m/train/01775.jpg,g_f8086cf86b742658,train
data_raw/uc3m/train/01776.jpg,g_bd3491ba75628d9d,train
data_raw/uc3m/train/01777.jpg,g_ae84da237b06f063,train
data_raw/uc3m/train/01778.jpg,g_be8603013397937f,train
data_raw/uc3m/train/01779.jpg,g_c71044d9e1c97cc1,train
data_raw/uc3m/train/01780.jpg,g_f4cfdc3c3900d3c2,train
data_raw/uc3m/train/01781.jpg,g_abd67cb83417dcf4,test
data_raw/uc3m/train/01784.jpg,g_276eb52d3d14888a,train
data_raw/uc3m/train/01785.jpg,g_22c30033f5f80741,train
data_raw/uc3m/train/01786.jpg,g_e4969af7e6230d58,train
data_raw/uc3m/train/01788.jpg,g_5228ebdc6da05cf6,validation
data_raw/uc3m/train/01789.jpg,g_d628972c6e44d0ce,train
data_raw/uc3m/train/01790.jpg,g_b3d67f8e467d1509,train
data_raw/uc3m/train/01791.jpg,g_1d6ef6067d5ccd56,test
data_raw/uc3m/train/01793.jpg,g_d90a3783c0423346,validation
data_raw/uc3m/train/01794.jpg,g_e2d6585fa03bb594,test
data_raw/uc3m/train/01795.jpg,g_633fadea15ea2e04,validation
data_raw/uc3m/train/01797.jpg,g_f4cfdc3c3900d3c2,train
data_raw/uc3m/train/01798.jpg,g_286e141dd8cf042e,validation
data_raw/uc3m/train/01799.jpg,g_dce673ec2e00609f,train
data_raw/uc3m/train/01800.jpg,g_8bdd3db6525857fd,train
data_raw/uc3m/train/01801.jpg,g_f4cfdc3c3900d3c2,train
data_raw/uc3m/train/01802.jpg,g_2de94025286dcf6b,test
data_raw/uc3m/train/01804.jpg,g_3a7246ba9cef205a,test
data_raw/uc3m/train/01805.jpg,g_805a83170e4c4981,test
data_raw/uc3m/train/01806.jpg,g_f4cfdc3c3900d3c2,train
data_raw/uc3m/train/01807.jpg,g_c6458c8c0584e061,validation
data_raw/uc3m/train/01808.jpg,g_f4cfdc3c3900d3c2,train
data_raw/uc3m/train/01810.jpg,g_66ae57a29dc4b138,train
data_raw/uc3m/train/01811.jpg,g_f4cfdc3c3900d3c2,train
data_raw/uc3m/train/01812.jpg,g_fd9491c8ae276f0b,validation
data_raw/uc3m/train/01813.jpg,g_f246d91d679eab81,validation
data_raw/uc3m/train/01814.jpg,g_eaf650de84679915,validation
data_raw/uc3m/train/01815.jpg,g_e179305aa767000f,validation
data_raw/uc3m/train/01816.jpg,g_9ac94bd3810a499f,train
data_raw/uc3m/train/01818.jpg,g_9678fb1424b36e25,test
data_raw/uc3m/train/01819.jpg,g_7439df94808ac191,train
data_raw/uc3m/train/01820.jpg,g_f4cfdc3c3900d3c2,train
data_raw/uc3m/train/01822.jpg,g_28b92d76cb44bf37,train
data_raw/uc3m/train/01823.jpg,g_a598330f1031fccc,train
data_raw/uc3m/train/01824.jpg,g_59c62ab3309f8134,train
data_raw/uc3m/train/01825.jpg,g_bb9e40686d631690,validation
data_raw/uc3m/train/01826.jpg,g_bf31ca0247b5ca1c,validation
data_raw/uc3m/train/01827.jpg,g_090c02fcf3b7cf56,train
data_raw/uc3m/train/01828.jpg,g_f4cfdc3c3900d3c2,train
data_raw/uc3m/train/01830.jpg,g_f4cfdc3c3900d3c2,train
data_raw/uc3m/train/01833.jpg,g_f4cfdc3c3900d3c2,train
data_raw/uc3m/train/01834.jpg,g_aa60e1ead283d6b8,train
data_raw/uc3m/train/01835.jpg,g_fc3c711d7a0b2b2d,test
data_raw/uc3m/train/01836.jpg,g_4a03221287bd54b8,test
data_raw/uc3m/train/01837.jpg,g_cfe033ec3c6e4afd,validation
data_raw/uc3m/train/01838.jpg,g_9777e29bfd593269,train
data_raw/uc3m/train/01839.jpg,g_9777e29bfd593269,train
data_raw/uc3m/train/01840.jpg,g_62516db9074a80a0,validation
data_raw/uc3m/train/01842.jpg,g_9777e29bfd593269,train
data_raw/uc3m/train/01845.jpg,g_fa00707481101f43,validation
data_raw/uc3m/train/01846.jpg,g_f4cfdc3c3900d3c2,train
data_raw/uc3m/train/01847.jpg,g_6104999d8121c32d,test
data_raw/uc3m/train/01848.jpg,g_dcaddc853ee07408,validation
data_raw/uc3m/train/01850.jpg,g_c04bf37c3e32cd8b,train
data_raw/uc3m/train/01851.jpg,g_0a4c794a24046bf2,train
data_raw/uc3m/train/01852.jpg,g_f4cfdc3c3900d3c2,train
data_raw/uc3m/train/01853.jpg,g_9f1babe1cbd56df3,train
data_raw/uc3m/train/01854.jpg,g_f4cfdc3c3900d3c2,train
data_raw/uc3m/train/01855.jpg,g_f4cfdc3c3900d3c2,train
data_raw/uc3m/train/01857.jpg,g_7484de04f9aac14b,train
data_raw/uc3m/train/01859.jpg,g_7299f307f04c719f,validation
data_raw/uc3m/train/01860.jpg,g_17789b421391d506,train
data_raw/uc3m/train/01861.jpg,g_6504920b28b2f304,train
data_raw/uc3m/train/01863.jpg,g_4c34e512be3d09a6,test
data_raw/uc3m/train/01866.jpg,g_4c8e5f6a41e9d88d,test
data_raw/uc3m/train/01868.jpg,g_b578055587674b90,test
data_raw/uc3m/train/01869.jpg,g_e8127f00bae21fa3,train
data_raw/uc3m/train/01870.jpg,g_738586d5ea433c93,train
data_raw/uc3m/train/01872.jpg,g_ecf6a1efda084f13,test
data_raw/uc3m/train/01873.jpg,g_3267ba683dd984ab,validation
data_raw/uc3m/train/01874.jpg,g_0f438c3ccd3331a9,train
data_raw/uc3m/train/01875.jpg,g_980a3a82732d38f0,train
data_raw/uc3m/train/01877.jpg,g_bb4bf7c771b64bdc,train
data_raw/uc3m/train/01878.jpg,g_a44b008226ef47a9,validation
data_raw/uc3m/train/01879.jpg,g_d0ca211df96084a9,test
data_raw/uc3m/train/01880.jpg,g_3e72e21d47acd397,test
data_raw/uc3m/train/01881.jpg,g_8d25a17be1fff1f5,train
data_raw/uc3m/train/01882.jpg,g_9134ac6a245b4111,test
data_raw/uc3m/train/01884.jpg,g_ca8b9e80f1983347,train
data_raw/uc3m/train/01885.jpg,g_57064922c84fe515,validation
data_raw/uc3m/train/01886.jpg,g_514ebc4ce5cad9d9,test
data_raw/uc3m/train/01887.jpg,g_8d1ae5b9ee2eb59a,validation
data_raw/uc3m/train/01888.jpg,g_f29691d5b0a96b98,test
data_raw/uc3m/train/01889.jpg,g_f4cfdc3c3900d3c2,train
data_raw/uc3m/train/01890.jpg,g_f3086063c2f08bb6,train
data_raw/uc3m/train/01891.jpg,g_f4cfdc3c3900d3c2,train
data_raw/uc3m/train/01893.jpg,g_f3086063c2f08bb6,train
data_raw/uc3m/train/01894.jpg,g_bfe613f683dc4285,test
data_raw/uc3m/train/01895.jpg,g_a73da9026602c5f8,test
data_raw/uc3m/train/01897.jpg,g_f2c7b4f555b11bb9,test
data_raw/uc3m/train/01899.jpg,g_7e2e965693363981,train
data_raw/uc3m/train/01900.jpg,g_c280f55993841810,train
data_raw/uc3m/train/01901.jpg,g_8f1bdd844289f446,train
data_raw/uc3m/train/01904.jpg,g_f4cfdc3c3900d3c2,train
data_raw/uc3m/train/01905.jpg,g_db48305c52b81e13,train
data_raw/uc3m/train/01906.jpg,g_fd8fa20e35a361ef,train
data_raw/uc3m/train/01907.jpg,g_0495ead3bdd2d6c3,train
data_raw/uc3m/train/01908.jpg,g_b351caa2fad24375,test
data_raw/uc3m/train/01909.jpg,g_bb2cc4ae2de16143,train
data_raw/uc3m/train/01911.jpg,g_82ef18924f084ec8,test
data_raw/uc3m/train/01912.jpg,g_8f025057b08bd7e9,test
data_raw/uc3m/train/01913.jpg,g_83ae8f5ba117fee3,train
data_raw/uc3m/train/01914.jpg,g_f4cfdc3c3900d3c2,train
data_raw/uc3m/train/01915.jpg,g_046478c0750d32f6,test
data_raw/uc3m/train/01916.jpg,g_cdea4d5124254a09,test
data_raw/uc3m/train/01917.jpg,g_66ae57a29dc4b138,train
data_raw/uc3m/train/01918.jpg,g_03e3b6d36d6bfb45,train
data_raw/uc3m/train/01919.jpg,g_8c955e8f3d39abc6,train
data_raw/uc3m/train/01920.jpg,g_ef5d111facb0cb8d,train
data_raw/uc3m/train/01922.jpg,g_b8e4a0433a02fc6f,train
data_raw/uc3m/train/01923.jpg,g_1f68e64850f17025,train
data_raw/uc3m/train/01925.jpg,g_6794dbde95084d24,train
data_raw/uc3m/train/01926.jpg,g_f4cfdc3c3900d3c2,train
data_raw/uc3m/train/01927.jpg,g_59c62ab3309f8134,train
data_raw/uc3m/train/01928.jpg,g_0f14e59ce1982c2e,test
data_raw/uc3m/train/01929.jpg,g_7e2e965693363981,train
data_raw/uc3m/train/01930.jpg,g_c6cbc881731da324,validation
data_raw/uc3m/train/01931.jpg,g_fa37d6399b69003b,train
data_raw/uc3m/train/01933.jpg,g_f4cfdc3c3900d3c2,train
data_raw/uc3m/train/01934.jpg,g_e9f955870b531d79,validation
data_raw/uc3m/train/01935.jpg,g_f0e963fe06316b84,train
data_raw/uc3m/train/01936.jpg,g_64ddbdb9330d288b,validation
data_raw/uc3m/train/01937.jpg,g_1580c0403da19b96,train
data_raw/uc3m/train/01938.jpg,g_591ba9d9dddc75e4,train
data_raw/uc3m/train/01939.jpg,g_d42da8fda4c8ecbc,train
data_raw/uc3m/train/01940.jpg,g_a48b60dbdf7fc8db,train
data_raw/uc3m/train/01943.jpg,g_be460da476f2e2ae,train
data_raw/uc3m/train/01944.jpg,g_ab1212bc9e6ec0a0,test
data_raw/uc3m/train/01946.jpg,g_012b2e3bc4717079,train
data_raw/uc3m/train/01947.jpg,g_99901d4ee62aea08,validation
data_raw/uc3m/train/01948.jpg,g_b4dc71d8a6522f32,train
data_raw/uc3m/train/01949.jpg,g_057a8fe0b59502da,validation
data_raw/uc3m/train/01951.jpg,g_2dcc4521e81b8733,test
data_raw/uc3m/train/01952.jpg,g_d89cce8a25a85940,validation
data_raw/uc3m/train/01953.jpg,g_b9aa2582ead1fb65,train
data_raw/uc3m/train/01954.jpg,g_f4cfdc3c3900d3c2,train
data_raw/uc3m/train/01955.jpg,g_50296bc68897d458,validation
data_raw/uc3m/train/01956.jpg,g_c0cf9bd11b4201f2,validation
data_raw/uc3m/train/01957.jpg,g_6443c12569efa904,train
data_raw/uc3m/train/01958.jpg,g_e8a4da810cc9899a,train
data_raw/uc3m/train/01959.jpg,g_acb33309a7fe5d0b,validation
data_raw/uc3m/train/01960.jpg,g_66643d483e699f66,test
data_raw/uc3m/train/01961.jpg,g_2f32eab3548ef62b,validation
data_raw/uc3m/train/01962.jpg,g_6b2c5def79bd6a5c,train
data_raw/uc3m/train/01964.jpg,g_b7c02cfbbc36da49,train
data_raw/uc3m/train/01965.jpg,g_ea77466bd6c1747e,validation
data_raw/uc3m/train/01966.jpg,g_264d0307dbe5f996,validation
data_raw/uc3m/train/01967.jpg,g_0b9be6a472916c6e,train
data_raw/uc3m/train/01968.jpg,g_b3b04ee319e199d4,train
data_raw/uc3m/train/01970.jpg,g_211688dd94356881,validation
data_raw/uc3m/train/01971.jpg,g_f4cfdc3c3900d3c2,train
data_raw/uc3m/train/01972.jpg,g_f4cfdc3c3900d3c2,train
data_raw/uc3m/train/01973.jpg,g_d373a94c8fec05f8,validation
